"Site","date","hydroyear","hydroweek","sum_biovolume","log_biovolume","observed"
"Hamurana",2015-01-05,2015,1,0.001961,0.00195907974949768,0.00195907974949768
"Hamurana",2015-01-12,2015,2,0.00165936,0.00165798478330473,0.00165798478330473
"Hamurana",2015-01-19,2015,3,0.00135772,0.0013567991316275,0.0013567991316275
"Hamurana",2015-01-26,2015,4,0.00210881333333333,0.00210659290759022,0.00210659290759022
"Hamurana",2015-02-02,2015,5,0.00285990666666667,0.00285582491403147,0.00285582491403147
"Hamurana",2015-02-09,2015,6,0.003611,0.00360449599211249,0.00360449599211249
"Hamurana",2015-02-16,2015,7,0.247184874558823,0.220888911169308,0.220888911169308
"Hamurana",2015-02-23,2015,8,0.490758749117647,0.399285217940731,0.399285217940731
"Hamurana",2015-02-26,2015,9,0.5951475525,0.466966241362466,0.466966241362466
"Hamurana",2015-03-09,2015,10,2.27533629742857,1.18642055005308,1.18642055005308
"Hamurana",2015-03-12,2015,11,2.7335695915,1.31736477106813,1.31736477106813
"Hamurana",2015-03-23,2015,12,0.791545167285714,0.583078469438197,0.583078469438197
"Hamurana",2015-03-26,2015,13,0.2619021425,0.232620219511882,0.232620219511882
"Hamurana",2015-04-06,2015,14,0.0010545,0.00105394440542368,0.00105394440542368
"Hamurana",2015-04-13,2015,15,0.00420478,0.00419596461510581,0.00419596461510581
"Hamurana",2015-04-20,2015,16,0.00259259,0.0025892350359923,0.0025892350359923
"Hamurana",2015-04-27,2015,17,0.0009804,0.000979919721804196,0.000979919721804196
"Hamurana",2015-11-16,2016,20,0.014212586,0.0141125340828892,0.0141125340828892
"Hamurana",2015-11-23,2016,21,0.0144410573333333,0.0143377783822797,0.0143377783822797
"Hamurana",2015-11-30,2016,22,0.0146695286666667,0.0145629719581008,0.0145629719581008
"Hamurana",2015-12-07,2016,23,0.014898,0.0147881148331925,0.0147881148331925
"Hamurana",2015-12-14,2016,24,0.0159686735,0.0158425155116469,0.0158425155116469
"Hamurana",2015-12-21,2016,25,0.017039347,0.0168958056002145,0.0168958056002145
"Hamurana",2015-12-28,2016,26,0.0181100205,0.0179479874359808,0.0179479874359808
"Hamurana",2016-01-04,2016,27,0.019180694,0.0189990633486618,0.0189990633486618
"Hamurana",2016-01-11,2016,28,0.0228102668571429,0.0225540023754634,0.0225540023754634
"Hamurana",2016-01-18,2016,29,0.0264398397142857,0.0260963485643369,0.0260963485643369
"Hamurana",2016-01-25,2016,30,0.0300694125714286,0.0296261908169305,0.0296261908169305
"Hamurana",2016-02-01,2016,31,0.0336989854285714,0.0331436170967748,0.0331436170967748
"Hamurana",2016-02-08,2016,32,0.0373285582857143,0.0366487144424352,0.0366487144424352
"Hamurana",2016-02-15,2016,33,0.0409581311428571,0.0401415689804352,0.0401415689804352
"Hamurana",2016-02-22,2016,34,0.044587704,0.0436222659379545,0.0436222659379545
"Hamurana",2016-02-29,2016,35,0.1360397775,0.127548335090864,0.127548335090864
"Hamurana",2016-03-07,2016,36,0.227491851,0.204972941967965,0.204972941967965
"Hamurana",2016-03-14,2016,37,0.1138228755,0.107798130209965,0.107798130209965
"Hamurana",2016-03-21,2016,38,0.0001539,0.000153888158609911,0.000153888158609911
"Hamurana",2016-03-28,2016,39,0.00283716153846154,0.00283314439206565,0.00283314439206565
"Hamurana",2016-04-03,2016,40,0.0051371,0.00512395011740984,0.00512395011740984
"Hamurana",2016-04-11,2016,41,0.0161179925714286,0.0159894768339078,0.0159894768339078
"Hamurana",2016-04-17,2016,42,0.024353662,0.0240618400366491,0.0240618400366491
"Hamurana",2016-04-25,2016,43,0.0239443564761905,0.0236621857621583,0.0236621857621583
"Hamurana",2016-05-02,2016,44,0.0235862141428571,0.0233123572007439,0.0233123572007439
"Hamurana",2016-05-08,2016,45,0.023279235,0.0230124067127553,0.0230124067127553
"Hamurana",2016-05-14,2016,46,0.02833394,0.0279399586404451,0.0279399586404451
"Hamurana",2016-11-21,2017,21,0.008347852,0.00831320138872108,0.00831320138872108
"Hamurana",2016-11-28,2017,22,0.033451727,0.0329043907759613,0.0329043907759613
"Hamurana",2016-12-05,2017,23,0.037220501,0.0365445402024207,0.0365445402024207
"Hamurana",2016-12-12,2017,24,0.040989275,0.0401714869860998,0.0401714869860998
"Hamurana",2016-12-19,2017,25,0.04360800525,0.0426839450540055,0.0426839450540055
"Hamurana",2016-12-26,2017,26,0.0462267355,0.0451901064930802,0.0451901064930802
"Hamurana",2017-01-02,2017,27,0.04884546575,0.0476900027851948,0.0476900027851948
"Hamurana",2017-01-09,2017,28,0.051464196,0.0501836651767047,0.0501836651767047
"Hamurana",2017-01-16,2017,29,0.0618478995,0.0600106917528747,0.0600106917528747
"Hamurana",2017-01-23,2017,30,0.072231603,0.0697420868883208,0.0697420868883208
"Hamurana",2017-01-30,2017,31,0.036979741,0.0363123928945512,0.0363123928945512
"Hamurana",2017-02-06,2017,32,0.001727879,0.00172638793442086,0.00172638793442086
"Hamurana",2017-11-27,2018,22,0.002489,0.00248590756980957,0.00248590756980957
"Hamurana",2017-12-04,2018,23,0.0045393,0.00452902844979042,0.00452902844979042
"Hamurana",2017-12-11,2018,24,0.009495232,0.00945043562933861,0.00945043562933861
"Hamurana",2017-12-18,2018,25,0.088990585,0.0852511983670777,0.0852511983670777
"Hamurana",2017-12-25,2018,26,0.057568095,0.0559720223001803,0.0559720223001803
"Hamurana",2018-01-01,2018,27,0.000582,0.000581830703683786,0.000581830703683786
"Hamurana",2018-01-08,2018,28,0.0008439,0.000843544116600926,0.000843544116600926
"Hamurana",2018-01-15,2018,29,0.00231005,0.00230738593645658,0.00230738593645658
"Hamurana",2018-01-22,2018,30,0.0037762,0.00376908805524107,0.00376908805524107
"Hamurana",2018-01-29,2018,31,0.07021824,0.0678625902930906,0.0678625902930906
"Hamurana",2018-02-05,2018,32,0.13666028,0.128094383843202,0.128094383843202
"Hamurana",2018-02-12,2018,33,0.0058195,0.00580263211998843,0.00580263211998843
"Hamurana",2018-02-19,2018,34,0.0025215,0.00251832635265669,0.00251832635265669
"Hamurana",2018-02-26,2018,35,0.0001896,0.000189582028191601,0.000189582028191601
"Hamurana",2018-03-05,2018,36,4.74e-05,4.73988766554975e-05,4.73988766554975e-05
"Hamurana",2018-03-12,2018,37,0.0004266,0.000426509032090354,0.000426509032090354
"Hamurana",2018-03-19,2018,38,3.6e-05,3.59993520155516e-05,3.59993520155516e-05
"Hamurana",2018-03-26,2018,39,0.00666,0.00663792018018333,0.00663792018018333
"Hamurana",2018-04-02,2018,40,0.01184,0.0117704555989155,0.0117704555989155
"Hamurana",2018-04-09,2018,41,0.01702,0.0168767825564384,0.0168767825564384
"Hamurana",2018-04-16,2018,42,0.008584,0.00854736696139018,0.00854736696139018
"Hamurana",2018-04-23,2018,43,0.000148,0.000147989049080477,0.000147989049080477
"Hamurana",2018-04-30,2018,44,0.000518,0.000517865884312619,0.000517865884312619
"Hamurana",2018-05-07,2018,45,0.000888,0.000887605961253684,0.000887605961253684
"Hamurana",2018-05-14,2018,46,0.001221,0.00122025518571718,0.00122025518571718
"Hamurana",2018-05-21,2018,47,0.001554,0.00155279379147034,0.00155279379147034
"Hamurana",2018-11-19,2019,21,0.0002941,0.000294056761072505,0.000294056761072505
"Hamurana",2018-11-26,2019,22,0.001036152,0.00103561556503658,0.00103561556503658
"Hamurana",2018-12-03,2019,23,0,0,0
"Hamurana",2018-12-10,2019,24,0.0005966,0.000596422104971266,0.000596422104971266
"Hamurana",2018-12-17,2019,25,0.000592,0.000591824837127538,0.000591824837127538
"Hamurana",2018-12-24,2019,26,0.0868218385,0.0832576926817488,0.0832576926817488
"Hamurana",2019-01-07,2019,27,0.2592815155,0.230541332529177,0.230541332529177
"Hamurana",2019-01-14,2019,28,0.345511354,0.296774129647919,0.296774129647919
"Hamurana",2019-01-21,2019,29,0.0771858342222222,0.0743519313139008,0.0743519313139008
"Hamurana",2019-01-23,2019,30,0.0005214,0.000521264118250444,0.000521264118250444
"Hamurana",2019-01-30,2019,31,9.48e-05,9.47955067639703e-05,9.47955067639703e-05
"Hamurana",2019-02-05,2019,32,0.0005197,0.000519565002725031,0.000519565002725031
"Hamurana",2019-02-14,2019,33,0.010245632,0.010193501284842,0.010193501284842
"Hamurana",2019-02-21,2019,34,0.0037532,0.00374617431858445,0.00374617431858445
"Hamurana",2019-03-04,2019,35,0.00282731428571429,0.00282332495031352,0.00282332495031352
"Hamurana",2019-03-07,2019,36,0.0025748,0.00257149088147514,0.00257149088147514
"Hamurana",2019-03-15,2019,37,0.004018696,0.00401064261010344,0.00401064261010344
"Hamurana",2019-03-21,2019,38,0.000555,0.000554846044460916,0.000554846044460916
"Hamurana",2019-03-29,2019,39,0.0013502,0.00134928929963958,0.00134928929963958
"Hamurana",2019-04-04,2019,40,0.0015386,0.00153741756772482,0.00153741756772482
"Hamurana",2019-04-11,2019,41,0.0030144,0.00300986580595112,0.00300986580595112
"Hamurana",2019-04-18,2019,42,0.001099,0.00109839654159339,0.00109839654159339
"Hamurana",2019-04-26,2019,43,0.0012874,0.00128657201117902,0.00128657201117902
"Hamurana",2019-05-02,2019,44,0.0010362,0.00103566351535161,0.00103566351535161
"Hamurana",2019-05-10,2019,45,0.0001501,0.000150088736122125,0.000150088736122125
"Hamurana",2019-05-20,2019,46,0.00133894615384615,0.00133805056478592,0.00133805056478592
"Hamurana",2019-05-23,2019,47,0.0016956,0.00169416409323986,0.00169416409323986
"Hamurana",2019-11-12,2020,21,0.004565112,0.00455472348071788,0.00455472348071788
"Hamurana",2019-11-20,2020,22,0,0,0
"Hamurana",2019-11-26,2020,23,0.00057232,0.00057215628736983,0.00057215628736983
"Hamurana",2019-12-09,2020,24,0.00154893571428571,0.00154773735066143,0.00154773735066143
"Hamurana",2019-12-10,2020,25,0.00162406,0.00162274264067905,0.00162274264067905
"Hamurana",2019-12-23,2020,26,0.00472909748148148,0.00471795042983439,0.00471795042983439
"Hamurana",2019-12-30,2020,27,0.00640104074074074,0.00638064108586197,0.00638064108586197
"Hamurana",2020-01-06,2020,28,0.008072984,0.00804057178998338,0.00804057178998338
"Hamurana",2020-01-13,2020,29,0.00370751411111111,0.0037006582209835,0.0037006582209835
"Hamurana",2020-01-15,2020,30,0.002460237,0.00245721557155728,0.00245721557155728
"Hamurana",2020-01-27,2020,31,0.0192946204285714,0.0191108394667081,0.0191108394667081
"Hamurana",2020-01-29,2020,32,0.022100351,0.0218596777634597,0.0218596777634597
"Hamurana",2020-02-10,2020,33,0.0001027,0.000102694726716041,0.000102694726716041
"Hamurana",2020-02-17,2020,34,2.28222222222222e-05,2.28219617992709e-05,2.28219617992709e-05
"Hamurana",2020-02-19,2020,35,0,0,0
"Hamurana",2020-02-27,2020,36,0.001985489,0.00198352052187922,0.00198352052187922
"Hamurana",2020-03-09,2020,37,0.0032304,0.00322519346769468,0.00322519346769468
"Hamurana",2020-03-16,2020,38,0.0096182514,0.00957229049402415,0.00957229049402415
"Hamurana",2020-03-19,2020,39,0.012355902,0.0122801908578999,0.0122801908578999
"Hamurana",2020-03-26,2020,40,0.121696837,0.114842571838017,0.114842571838017
"Hamurana",2020-04-02,2020,41,0.119753791,0.113108831676679,0.113108831676679
"Hamurana",2020-04-09,2020,42,0.048741881,0.0475912371721731,0.0475912371721731
"Hamurana",2020-04-20,2020,43,0,0,0
"Hamurana",2020-04-27,2020,44,0.000589858,0.000589684102149916,0.000589684102149916
"Hamurana",2020-05-04,2020,45,0,0,0
"Hamurana",2020-05-11,2020,46,0.100971563,0.096193029069111,0.096193029069111
"Hamurana",2020-05-18,2020,47,0.002663908,0.00266036608591155,0.00266036608591155
"Hamurana",2020-05-25,2020,48,0.020464308,0.0202577276438735,0.0202577276438735
"Hamurana",2020-06-01,2020,49,0.00475089777777778,0.00473964788026792,0.00473964788026792
"Hamurana",2020-06-03,2020,50,0.000261352,0.00026131785351542,0.00026131785351542
"Hamurana",2020-06-10,2020,51,0.04274108,0.041852899754805,0.041852899754805
"Hamurana",2020-06-18,2020,52,0.007289,0.00726256362492985,0.00726256362492985
"Hamurana",2020-11-12,2021,20,0.026927666,0.0265714961387819,0.0265714961387819
"Hamurana",2020-11-23,2021,21,0.041354856,0.0405226114696216,0.0405226114696216
"Hamurana",2020-11-30,2021,22,0.003465384,0.00345939339271337,0.00345939339271337
"Hamurana",2020-12-07,2021,23,0,0,0
"Hamurana",2020-12-14,2021,24,0.0003318,0.000331744966553062,0.000331744966553062
"Hamurana",2020-12-21,2021,25,0.006697,0.00667467471502654,0.00667467471502654
"Hamurana",2020-12-28,2021,26,0.005733662,0.00571728712222883,0.00571728712222883
"Hamurana",2021-01-04,2021,27,0.004770324,0.00475898205998426,0.00475898205998426
"Hamurana",2021-01-11,2021,28,0,0,0
"Hamurana",2021-01-18,2021,29,0.188326187,0.172545751435326,0.172545751435326
"Hamurana",2021-01-25,2021,30,5.4e-05,5.39985420524859e-05,5.39985420524859e-05
"Hamurana",2021-02-01,2021,31,0.000474,0.000473887697486193,0.000473887697486193
"Hamurana",2021-02-08,2021,32,0.105170111,0.0999992697274882,0.0999992697274882
"Hamurana",2021-02-15,2021,33,0.041252313,0.0404241358649956,0.0404241358649956
"Hamurana",2021-02-22,2021,34,9.064e-05,9.06358924434041e-05,9.06358924434041e-05
"Hamurana",2021-03-01,2021,35,0.002466367,0.0024633305086206,0.0024633305086206
"Hamurana",2021-03-08,2021,36,0.0055156,0.00550044477953719,0.00550044477953719
"Hamurana",2021-03-15,2021,37,0.009915121,0.00986628870786454,0.00986628870786454
"Hamurana",2021-03-22,2021,38,0.009299128,0.0092561572971792,0.0092561572971792
"Hamurana",2021-03-29,2021,39,0.00018442,0.000184402996722264,0.000184402996722264
"Hamurana",2021-04-05,2021,40,0.035638826,0.0350184595018498,0.0350184595018498
"Hamurana",2021-04-12,2021,41,0.00014008,0.000140070189712939,0.000140070189712939
"Hamurana",2021-04-19,2021,42,5.5575e-05,5.55734557669011e-05,5.55734557669011e-05
"Hamurana",2021-04-26,2021,43,0.004005988,0.00399798539517832,0.00399798539517832
"Hamurana",2021-05-03,2021,44,0.057160906,0.0555869242523079,0.0555869242523079
"Hamurana",2021-05-10,2021,45,2.37e-05,2.36997191594373e-05,2.36997191594373e-05
"Hamurana",2021-05-17,2021,46,0.004858734,0.00484696844702927,0.00484696844702927
"Hamurana",2021-05-24,2021,47,0.001147,0.00114634269806886,0.00114634269806886
"Hamurana",2021-05-31,2021,48,0.000796266666666667,0.000795949814552473,0.000795949814552473
"Hamurana",2021-06-07,2021,49,0.000445533333333333,0.000445434112827379,0.000445434112827379
"Hamurana",2021-06-14,2021,50,9.48e-05,9.47955067639703e-05,9.47955067639703e-05
"Hamurana",2021-06-21,2021,51,4.74e-05,4.73988766554975e-05,4.73988766554975e-05
"Hamurana",2021-06-28,2021,52,0,0,0
"Hamurana",2021-07-05,2022,1,0.000193856,0.000193837212353658,0.000193837212353658
"Hamurana",2021-07-12,2022,2,0.000387712,0.000387636859123914,0.000387636859123914
"Hamurana",2021-07-19,2022,3,0.001888185,0.0018864046194758,0.0018864046194758
"Hamurana",2021-07-26,2022,4,0.003388658,0.0033829294362605,0.0033829294362605
"Hamurana",2021-08-02,2022,5,0.004889131,0.0048772180126904,0.0048772180126904
"Hamurana",2021-08-09,2022,6,0.006389604,0.00636927702197312,0.00636927702197312
"Hamurana",2021-08-16,2022,7,0.0051116832,0.005098662899018,0.005098662899018
"Hamurana",2021-08-23,2022,8,0.0038337624,0.0038264322616296,0.0038264322616296
"Hamurana",2021-08-30,2022,9,0.0025558416,0.00255258099140889,0.00255258099140889
"Hamurana",2021-09-06,2022,10,0.0012779208,0.00127710495419804,0.00127710495419804
"Hamurana",2021-09-13,2022,11,0,0,0
"Hamurana",2021-09-20,2022,12,1.5e-05,1.4999887501125e-05,1.4999887501125e-05
"Hamurana",2021-09-27,2022,13,3e-05,2.99995500089998e-05,2.99995500089998e-05
"Hamurana",2021-10-04,2022,14,4.5e-05,4.4998987530374e-05,4.4998987530374e-05
"Hamurana",2021-10-11,2022,15,6e-05,5.99982000719968e-05,5.99982000719968e-05
"Hamurana",2021-10-18,2022,16,0.0925830763333333,0.0885446875069044,0.0885446875069044
"Hamurana",2021-10-25,2022,17,0.185106152666667,0.169832350884442,0.169832350884442
"Hamurana",2021-11-01,2022,18,0.277629229,0.245006195709566,0.245006195709566
"Hamurana",2021-11-08,2022,19,0.0246125,0.024314492331428,0.024314492331428
"Hamurana",2021-11-15,2022,20,0.358996598,0.306746631854615,0.306746631854615
"Hamurana",2021-11-22,2022,21,0.024457,0.0241627161224722,0.0241627161224722
"Hamurana",2021-11-29,2022,22,0.000818625,0.00081829010930882,0.00081829010930882
"Hamurana",2021-12-06,2022,23,0.006701027,0.0066786749176154,0.0066786749176154
"Hamurana",2021-12-13,2022,24,0.0001422,0.000142189890538366,0.000142189890538366
"Hamurana",2021-12-20,2022,25,0.0006261,0.000625904081167256,0.000625904081167256
"Hamurana",2021-12-27,2022,26,0.000578033333333333,0.000577866336416202,0.000577866336416202
"Hamurana",2022-01-03,2022,27,0.000529966666666667,0.000529826283929369,0.000529826283929369
"Hamurana",2022-01-10,2022,28,0.0004819,0.000481783923485018,0.000481783923485018
"Hamurana",2022-01-17,2022,29,0.00315128,0.00314632512391972,0.00314632512391972
"Hamurana",2022-01-24,2022,30,0.0003397,0.000339642315018356,0.000339642315018356
"Hamurana",2022-01-31,2022,31,0.0005135,0.000513368203991237,0.000513368203991237
"Hamurana",2022-02-07,2022,32,0.004879659,0.00486779205280168,0.00486779205280168
"Hamurana",2022-02-14,2022,33,0.001706544,0.00170508950832228,0.00170508950832228
"Hamurana",2022-02-21,2022,34,0.004547956,0.0045376452980375,0.0045376452980375
"Hamurana",2022-02-28,2022,35,0.105619333,0.100405660311089,0.100405660311089
"Hamurana",2022-03-07,2022,36,1.049299033,0.717497799555222,0.717497799555222
"Hamurana",2022-03-14,2022,37,0.009304741,0.00926171856661519,0.00926171856661519
"Hamurana",2022-03-21,2022,38,0.010788462,0.0107306817457406,0.0107306817457406
"Hamurana",2022-03-28,2022,39,0.000180525,0.000180508707322982,0.000180508707322982
"Hamurana",2022-04-04,2022,40,0.020615408,0.0204057865355391,0.0204057865355391
"Hamurana",2022-04-11,2022,41,0.074890149,0.0722184693814371,0.0722184693814371
"Hamurana",2022-04-18,2022,42,0.003252604,0.00324732572593623,0.00324732572593623
"Hamurana",2022-04-25,2022,43,0.01591866,0.0157932868962748,0.0157932868962748
"Hamurana",2022-05-02,2022,44,0.067439748,0.0652630223731575,0.0652630223731575
"Hamurana",2022-05-09,2022,45,0.004508,0.00449786940241255,0.00449786940241255
"Hamurana",2022-05-16,2022,46,0.002895,0.0028908175576693,0.0028908175576693
"Hamurana",2022-11-14,2023,20,0.0004035,0.000403418615766623,0.000403418615766623
"Hamurana",2022-11-21,2023,21,0.024245664,0.0239564040944134,0.0239564040944134
"Hamurana",2022-11-28,2023,22,0.048087828,0.0469673877308903,0.0469673877308903
"Hamurana",2022-12-05,2023,23,0.045113389,0.0441253857504959,0.0441253857504959
"Hamurana",2022-12-12,2023,24,0.000299437,0.000299392177688931,0.000299392177688931
"Hamurana",2022-12-19,2023,25,0.0013548,0.0013538830865428,0.0013538830865428
"Hamurana",2022-12-26,2023,26,0.174765641,0.161068673234349,0.161068673234349
"Hamurana",2023-01-02,2023,27,0.348176482,0.298752925285646,0.298752925285646
"Hamurana",2023-01-09,2023,28,0.521587323,0.419754081412558,0.419754081412558
"Hamurana",2023-01-16,2023,29,0.02763072,0.0272558807074874,0.0272558807074874
"Hamurana",2023-01-23,2023,30,0.021759192,0.0215258397516092,0.0215258397516092
"Hamurana",2023-01-30,2023,31,0.006792552,0.00676958655599122,0.00676958655599122
"Hamurana",2023-02-06,2023,32,0.026211852,0.0258742088646075,0.0258742088646075
"Hamurana",2023-02-13,2023,33,0.175511293,0.161703195927595,0.161703195927595
"Hamurana",2023-02-20,2023,34,2.178919184,1.15654125977476,1.15654125977476
"Hamurana",2023-02-27,2023,35,2.651959426,1.29526385259433,1.29526385259433
"Hamurana",2023-03-06,2023,36,8.646483887,2.26659348491274,2.26659348491274
"Hamurana",2023-03-13,2023,37,9.810488275,2.3805167994562,2.3805167994562
"Hamurana",2023-03-20,2023,38,4.406789148,1.68765541352335,1.68765541352335
"Hamurana",2023-03-27,2023,39,44.914286366,3.82677631844225,3.82677631844225
"Hamurana",2023-04-03,2023,40,10.35898114,2.43000872089048,2.43000872089048
"Hamurana",2023-04-10,2023,41,1.776393997,1.02115296232853,1.02115296232853
"Hamurana",2023-04-17,2023,42,0.470604902,0.385673814107763,0.385673814107763
"Hamurana",2023-04-24,2023,43,2.056695961,1.1173345813057,1.1173345813057
"Hamurana",2023-05-01,2023,44,0.012783476,0.0127024571088041,0.0127024571088041
"Hamurana",2023-05-08,2023,45,0,0,0
"Hamurana",2023-05-15,2023,46,0.018721791,0.0185486953736145,0.0185486953736145
"Hamurana",2023-05-22,2023,47,0.004074616,0.00406633723313742,0.00406633723313742
"Hamurana",2023-05-29,2023,48,0.013412412,0.0133232618630967,0.0133232618630967
"Hamurana",2023-10-30,2024,18,0.123079109,0.116074117620723,0.116074117620723
"Hamurana",2023-11-06,2024,19,0.121262219,0.114455031990353,0.114455031990353
"Hamurana",2023-11-13,2024,20,0.137215164134,0.128582435329439,0.128582435329439
"Hamurana",2023-11-20,2024,21,0.055455473998,0.0539724026679763,0.0539724026679763
"Hamurana",2023-11-27,2024,22,0.129222690998,0.121529511950879,0.121529511950879
"Hamurana",2023-12-04,2024,23,0.015714269250006,0.015592078550278,0.015592078550278
"Hamurana",2023-12-11,2024,24,0.009225256,0.00918296323460703,0.00918296323460703
"Hamurana",2023-12-18,2024,25,0.005180532,0.00516715920966015,0.00516715920966015
"Hamurana",2023-12-25,2024,26,0.102626557,0.0976951126805946,0.0976951126805946
"Hamurana",2024-01-01,2024,27,0.200072582,0.182382039964811,0.182382039964811
"Hamurana",2024-01-08,2024,28,0.297518607,0.260453676610186,0.260453676610186
"Hamurana",2024-01-15,2024,29,1.186922324,0.782495223917106,0.782495223917106
"Hamurana",2024-01-22,2024,30,1.419616785,0.883609174323601,0.883609174323601
"Hamurana",2024-01-29,2024,31,1.040064967,0.712981653917661,0.712981653917661
"Hamurana",2024-02-05,2024,32,0.06520938,0.0631713807769236,0.0631713807769236
"Hamurana",2024-02-12,2024,33,6.952280034,2.07345868427748,2.07345868427748
"Hamurana",2024-02-19,2024,34,1.374991904,0.864994028638689,0.864994028638689
"Hamurana",2024-02-26,2024,35,0.313692033,0.27284151892443,0.27284151892443
"Hamurana",2024-03-04,2024,36,0.223681974,0.20186432516633,0.20186432516633
"Hamurana",2024-03-11,2024,37,0.637102113,0.49292767457429,0.49292767457429
"Hamurana",2024-03-18,2024,38,0.189407318,0.173455130953453,0.173455130953453
"Hamurana",2024-03-25,2024,39,0.777656651,0.575296008769848,0.575296008769848
"Hamurana",2024-04-01,2024,40,8.797297081,2.28210653957326,2.28210653957326
"Hamurana",2024-04-08,2024,41,1.381147801,0.867582640756638,0.867582640756638
"Hamurana",2024-04-15,2024,42,0.736105478,0.551644373608982,0.551644373608982
"Hamurana",2024-04-22,2024,43,0.355372703,0.304076474074843,0.304076474074843
"Hamurana",2024-04-29,2024,44,0.136911498,0.128315373568227,0.128315373568227
"Hamurana",2024-05-06,2024,45,0.072577179,0.0700643310024727,0.0700643310024727
"Hamurana",2024-05-13,2024,46,0.07565225,0.0729272217708404,0.0729272217708404
"Hamurana",2024-05-20,2024,47,0.014337987,0.014236170142871,0.014236170142871
"Hamurana",2024-05-27,2024,48,0.000999588,0.000999088744587242,0.000999088744587242
"Hamurana",2024-11-25,2025,22,0.44281364,0.366595123842316,0.366595123842316
"Hamurana",2024-12-02,2025,23,0.211264996,0.191665264744755,0.191665264744755
"Hamurana",2024-12-09,2025,24,3.44979590822875,1.49285823180701,1.49285823180701
"Hamurana",2024-12-16,2025,25,4.12611166344,1.63434741144242,1.63434741144242
"Hamurana",2024-12-23,2025,26,0.539231708927075,0.431283401631269,0.431283401631269
"Hamurana",2025-01-06,2025,27,2.42266194334125,1.23041859432656,1.23041859432656
"Hamurana",2025-01-13,2025,28,0.323708795475,0.280437490329096,0.280437490329096
"Hamurana",2025-01-20,2025,29,0.021656372,0.0214252043234582,0.0214252043234582
"Hamurana",2025-01-27,2025,30,0.005597376,0.00558176890306577,0.00558176890306577
"Hamurana",2025-02-03,2025,31,0.0017244,0.00172291492931216,0.00172291492931216
"Hamurana",2025-02-10,2025,32,0.010748821428436,0.0106914635013936,0.0106914635013936
"Hamurana",2025-02-17,2025,33,0.000836566,0.000836216273696321,0.000836216273696321
"Hamurana",2025-02-24,2025,34,0.000677888,0.000677658337714072,0.000677658337714072
"Hamurana",2025-03-03,2025,35,0.005115354285704,0.00510231530805991,0.00510231530805991
"Hamurana",2025-03-10,2025,36,0.000602564,0.000602382531207001,0.000602382531207001
"Hamurana",2025-03-17,2025,37,0.004586953,0.00457646499086172,0.00457646499086172
"Hamurana",2025-03-24,2025,38,0.012097795,0.0120252015718708,0.0120252015718708
"Hamurana",2025-03-31,2025,39,0.0064897975,0.00646882943431147,0.00646882943431147
"Hamurana",2025-04-07,2025,40,0.0008818,0.000881411442783059,0.000881411442783059
"Hamurana",2025-04-14,2025,41,0.009286475,0.00924362079639235,0.00924362079639235
"Hamurana",2025-04-21,2025,42,0.00034967,0.000349608879693093,0.000349608879693093
"Hamurana",2025-04-28,2025,43,0.001884476,0.00188270260270295,0.00188270260270295
"Hamurana",2025-05-05,2025,44,0.009496352,0.00945154509409208,0.00945154509409208
"Hamurana",2025-05-12,2025,45,0.018715019,0.0185420478054869,0.0185420478054869
"Hamurana",2025-05-19,2025,46,0.005548072,0.00553273813797724,0.00553273813797724
"Hamurana",2025-05-26,2025,47,0.0038631,0.00385565739073303,0.00385565739073303
"Hamurana",2025-11-17,2026,20,0.349042258483334,0.299394902519509,0.299394902519509
"Hamurana",2025-11-24,2026,21,16.6965449440617,2.87336941962514,2.87336941962514
"Hamurana",2025-12-01,2026,22,1.22423293655,0.799412108561103,0.799412108561103
"Hamurana",2025-12-08,2026,23,1.18285423696875,0.780633303450581,0.780633303450581
"Hamurana",2025-12-15,2026,24,1.12913512358681,0.755715851998223,0.755715851998223
"Hamurana",2025-12-22,2026,25,0.575162335793403,0.454358337311231,0.454358337311231
"Hamurana",2025-12-29,2026,26,0.021189548,0.0209681713151872,0.0209681713151872
"Hamurana",2026-01-05,2026,27,0.694167573550003,0.527191513149703,0.527191513149703
"Hamurana",2026-01-12,2026,28,0.058154976,0.0565268028601666,0.0565268028601666
"Hamurana",2026-01-19,2026,29,0.058061064,0.0564380482167024,0.0564380482167024
"Hamurana",2026-01-26,2026,30,0.0980665276,0.0935509310514868,0.0935509310514868
"Hamurana",2026-02-02,2026,31,0.176649755966667,0.162671210474105,0.162671210474105
"Hamurana",2026-02-09,2026,32,0.255232984333333,0.227321200240986,0.227321200240986
"Hamurana",2026-02-16,2026,33,0.3338162127,0.288044166412849,0.288044166412849
"Holdens Bay",2015-01-05,2015,1,0.046881244,0.0458155004314176,0.0458155004314176
"Holdens Bay",2015-01-12,2015,2,0.0242010960454545,0.0239128901936162,0.0239128901936162
"Holdens Bay",2015-01-16,2015,3,0.0112410115,0.0111783008467351,0.0111783008467351
"Holdens Bay",2015-01-26,2015,4,0.00825880265384615,0.00822488535940895,0.00822488535940895
"Holdens Bay",2015-01-29,2015,5,0.00736414,0.0073371571105706,0.0073371571105706
"Holdens Bay",2015-02-09,2015,6,1.35665289282143,0.857242346593063,0.857242346593063
"Holdens Bay",2015-02-16,2015,7,2.21529119007143,1.16791792592764,1.16791792592764
"Holdens Bay",2015-02-23,2015,8,3.07392948732143,1.40460800968267,1.40460800968267
"Holdens Bay",2015-02-26,2015,9,3.441917329,1.49108611408788,1.49108611408788
"Holdens Bay",2015-03-09,2015,10,3.55645167907143,1.51654418006328,1.51654418006328
"Holdens Bay",2015-03-12,2015,11,3.58768832,1.52337626321933,1.52337626321933
"Holdens Bay",2015-03-23,2015,12,3.377623662,1.47650603423631,1.47650603423631
"Holdens Bay",2015-03-30,2015,13,0.008540025,0.00850376527952834,0.00850376527952834
"Holdens Bay",2015-04-06,2015,14,0.0206417,0.0204315471316918,0.0204315471316918
"Holdens Bay",2015-04-13,2015,15,0.02108742,0.0208681574564547,0.0208681574564547
"Holdens Bay",2015-04-20,2015,16,0.0084756,0.00843988377139981,0.00843988377139981
"Holdens Bay",2015-04-27,2015,17,0.029844975,0.0294082812050837,0.0294082812050837
"Holdens Bay",2015-05-04,2015,18,0.0195217705,0.0193336648995221,0.0193336648995221
"Holdens Bay",2015-05-07,2015,19,0.01509754,0.014984706398751,0.014984706398751
"Holdens Bay",2015-11-16,2016,20,0.01738838,0.0172389320714007,0.0172389320714007
"Holdens Bay",2015-11-23,2016,21,0.856485717,0.618685301096111,0.618685301096111
"Holdens Bay",2015-11-30,2016,22,1.695583054,0.991614527529135,0.991614527529135
"Holdens Bay",2015-12-07,2016,23,0.854577527,0.617656921872849,0.617656921872849
"Holdens Bay",2015-12-14,2016,24,0.013572,0.0134807253338417,0.0134807253338417
"Holdens Bay",2015-12-21,2016,25,0.499918746,0.40541093730762,0.40541093730762
"Holdens Bay",2015-12-28,2016,26,0.986265492,0.686256238460776,0.686256238460776
"Holdens Bay",2016-01-04,2016,27,0.265647547,0.235583886067663,0.235583886067663
"Holdens Bay",2016-01-11,2016,28,0.285600903,0.251226237836688,0.251226237836688
"Holdens Bay",2016-01-18,2016,29,0.305554259,0.266627670147072,0.266627670147072
"Holdens Bay",2016-01-25,2016,30,0.686821849,0.522846195735002,0.522846195735002
"Holdens Bay",2016-02-01,2016,31,0.648379952833333,0.499792958817535,0.499792958817535
"Holdens Bay",2016-02-08,2016,32,0.609938056666667,0.476195704136141,0.476195704136141
"Holdens Bay",2016-02-15,2016,33,0.5714961605,0.452028134045374,0.452028134045374
"Holdens Bay",2016-02-22,2016,34,0.533054264333333,0.427261996740914,0.427261996740914
"Holdens Bay",2016-02-29,2016,35,0.494612368166667,0.401866887715105,0.401866887715105
"Holdens Bay",2016-03-07,2016,36,0.456170472,0.375810025338465,0.375810025338465
"Holdens Bay",2016-03-14,2016,37,0.229386386,0.206515171734973,0.206515171734973
"Holdens Bay",2016-03-21,2016,38,0.0026023,0.00259891988014236,0.00259891988014236
"Holdens Bay",2016-03-28,2016,39,0.003794015,0.00378683587782516,0.00378683587782516
"Holdens Bay",2016-04-04,2016,40,0.00498573,0.00497334240525712,0.00497334240525712
"Holdens Bay",2016-04-10,2016,41,0.0060072,0.00598922870958993,0.00598922870958993
"Holdens Bay",2016-04-17,2016,42,0.164996686,0.152718242378425,0.152718242378425
"Holdens Bay",2016-04-25,2016,43,0.116108779037037,0.109848331464417,0.109848331464417
"Holdens Bay",2016-05-02,2016,44,0.0733318604444444,0.0707676986305369,0.0707676986305369
"Holdens Bay",2016-05-09,2016,45,0.0305549418518519,0.0300974356494651,0.0300974356494651
"Holdens Bay",2016-05-14,2016,46,0,0,0
"Holdens Bay",2016-11-21,2017,21,0.033266659,0.0327252971928701,0.0327252971928701
"Holdens Bay",2016-11-28,2017,22,0.035693622,0.035071368439829,0.035071368439829
"Holdens Bay",2016-12-05,2017,23,0.038120585,0.0374119485166558,0.0374119485166558
"Holdens Bay",2016-12-12,2017,24,0.040547548,0.0397470630683963,0.0397470630683963
"Holdens Bay",2016-12-19,2017,25,0.092153519,0.0881514526063803,0.0881514526063803
"Holdens Bay",2016-12-26,2017,26,0.0788132,0.0758615480261559,0.0758615480261559
"Holdens Bay",2017-01-02,2017,27,0.065472881,0.0634187203321135,0.0634187203321135
"Holdens Bay",2017-01-09,2017,28,0.052132562,0.0508191158826907,0.0508191158826907
"Holdens Bay",2017-01-16,2017,29,0.0356765766666667,0.0350549104128238,0.0350549104128238
"Holdens Bay",2017-01-23,2017,30,0.0192205913333333,0.0190382090592002,0.0190382090592002
"Holdens Bay",2017-01-30,2017,31,0.002764606,0.00276079150559782,0.00276079150559782
"Holdens Bay",2017-02-06,2017,32,0.0267954078461538,0.0264426977085424,0.0264426977085424
"Holdens Bay",2017-02-12,2017,33,0.047393238,0.0463044468561586,0.0463044468561586
"Holdens Bay",2017-02-20,2017,34,0.0210342505714286,0.0208160847231307,0.0208160847231307
"Holdens Bay",2017-02-26,2017,35,0.00126501,0.00126421054898794,0.00126421054898794
"Holdens Bay",2017-03-06,2017,36,0.00316155896551724,0.00315657174679697,0.00315657174679697
"Holdens Bay",2017-03-13,2017,37,0.00482103931034483,0.0048094553166687,0.0048094553166687
"Holdens Bay",2017-03-20,2017,38,0.00648051965517241,0.00645961137009205,0.00645961137009205
"Holdens Bay",2017-03-27,2017,39,0.00814,0.008107048893897,0.008107048893897
"Holdens Bay",2017-04-03,2017,40,0.00893872075,0.00889900687107433,0.00889900687107433
"Holdens Bay",2017-04-10,2017,41,0.0097374415,0.00969033814710228,0.00969033814710228
"Holdens Bay",2017-04-17,2017,42,0.01053616225,0.0104810437130532,0.0104810437130532
"Holdens Bay",2017-04-24,2017,43,0.011334883,0.0112711245576501,0.0112711245576501
"Holdens Bay",2017-11-20,2018,21,0.380026449,0.322102664927478,0.322102664927478
"Holdens Bay",2017-11-27,2018,22,0.284171543,0.250113796811312,0.250113796811312
"Holdens Bay",2017-12-04,2018,23,0.018094332,0.0179325778824347,0.0179325778824347
"Holdens Bay",2017-12-11,2018,24,0.000874,0.000873618284396767,0.000873618284396767
"Holdens Bay",2017-12-18,2018,25,0.008069994,0.00803760573049987,0.00803760573049987
"Holdens Bay",2017-12-25,2018,26,0.354610928,0.303514275092274,0.303514275092274
"Holdens Bay",2018-01-01,2018,27,0.01627107,0.0161401147522867,0.0161401147522867
"Holdens Bay",2018-01-08,2018,28,0.0012303,0.00122954380112577,0.00122954380112577
"Holdens Bay",2018-01-15,2018,29,0.004239,0.00423004074941843,0.00423004074941843
"Holdens Bay",2018-01-22,2018,30,0.0014235,0.00142248778435378,0.00142248778435378
"Holdens Bay",2018-01-29,2018,31,0.00120235,0.00120162775610741,0.00120162775610741
"Holdens Bay",2018-02-05,2018,32,0.0009812,0.000980718937933017,0.000980718937933017
"Holdens Bay",2018-02-12,2018,33,0.0326279,0.0321069122732987,0.0321069122732987
"Holdens Bay",2018-02-19,2018,34,0.0642746,0.0622934403286067,0.0622934403286067
"Holdens Bay",2018-02-26,2018,35,0.000348,0.000347939462044398,0.000347939462044398
"Holdens Bay",2018-03-05,2018,36,0.0114964,0.0114308185486425,0.0114308185486425
"Holdens Bay",2018-03-12,2018,37,9.48e-05,9.47955067639703e-05,9.47955067639703e-05
"Holdens Bay",2018-03-19,2018,38,0.020424,0.0202182271970855,0.0202182271970855
"Holdens Bay",2018-03-26,2018,39,0.014356,0.014253928365763,0.014253928365763
"Holdens Bay",2018-04-02,2018,40,0.0012266,0.00122584834081398,0.00122584834081398
"Holdens Bay",2018-04-09,2018,41,0.0039572,0.00394939087880354,0.00394939087880354
"Holdens Bay",2018-04-16,2018,42,0.0066878,0.00666553587579416,0.00666553587579416
"Holdens Bay",2018-04-23,2018,43,0.0054185155,0.0054038881600765,0.0054038881600765
"Holdens Bay",2018-04-30,2018,44,0.004149231,0.00414064667841744,0.00414064667841744
"Holdens Bay",2018-05-07,2018,45,0.0041658155,0.00415716251344968,0.00415716251344968
"Holdens Bay",2018-05-14,2018,46,0.0041824,0.00417367807571361,0.00417367807571361
"Holdens Bay",2018-05-21,2018,47,0.0024797,0.0024766306170072,0.0024766306170072
"Holdens Bay",2018-05-28,2018,48,0.000777,0.000776698291774745,0.000776698291774745
"Holdens Bay",2018-11-19,2019,21,0.001212,0.00121126612091445,0.00121126612091445
"Holdens Bay",2018-11-26,2019,22,0.003589456,0.00358302927717983,0.00358302927717983
"Holdens Bay",2018-12-03,2019,23,0.0036667,0.00365999404304416,0.00365999404304416
"Holdens Bay",2018-12-10,2019,24,0.012458144,0.0123811798848072,0.0123811798848072
"Holdens Bay",2018-12-17,2019,25,0.02368074,0.0234047006609055,0.0234047006609055
"Holdens Bay",2018-12-24,2019,26,0.0161664933333333,0.0160372071219165,0.0160372071219165
"Holdens Bay",2019-01-07,2019,27,0.001138,0.00113735296883445,0.00113735296883445
"Holdens Bay",2019-01-14,2019,28,0,0,0
"Holdens Bay",2019-01-21,2019,29,0.0043771,0.00436754835997438,0.00436754835997438
"Holdens Bay",2019-01-23,2019,30,0.0056277,0.00561192365835811,0.00561192365835811
"Holdens Bay",2019-01-30,2019,31,0.000572,0.000571836470356333,0.000571836470356333
"Holdens Bay",2019-02-05,2019,32,0.0227862,0.022530471969996,0.022530471969996
"Holdens Bay",2019-02-14,2019,33,0.008658,0.008620734460216,0.008620734460216
"Holdens Bay",2019-02-21,2019,34,0.0019154,0.00191356796043936,0.00191356796043936
"Holdens Bay",2019-02-28,2019,35,0.00111,0.00110938440549782,0.00110938440549782
"Holdens Bay",2019-03-07,2019,36,0.001443,0.00144195987597908,0.00144195987597908
"Holdens Bay",2019-03-15,2019,37,0.0018098,0.00180816428522704,0.00180816428522704
"Holdens Bay",2019-03-21,2019,38,0.002331,0.00232828743400974,0.00232828743400974
"Holdens Bay",2019-03-29,2019,39,0.001406,0.00140501250750127,0.00140501250750127
"Holdens Bay",2019-04-04,2019,40,0.0017852,0.00178360842438567,0.00178360842438567
"Holdens Bay",2019-04-15,2019,41,0.00169339714285714,0.00169196496252086,0.00169196496252086
"Holdens Bay",2019-04-18,2019,42,0.00166836,0.00166696983343928,0.00166696983343928
"Holdens Bay",2019-04-26,2019,43,0.000999,0.00099850133158553,0.00099850133158553
"Holdens Bay",2019-05-02,2019,44,0.001258,0.00125720938099634,0.00125720938099634
"Holdens Bay",2019-05-10,2019,45,0.008792,0.00875357542301265,0.00875357542301265
"Holdens Bay",2019-05-20,2019,46,0.00459055076923077,0.00458004632623306,0.00458004632623306
"Holdens Bay",2019-05-23,2019,47,0.003330116,0.0033245834430151,0.0033245834430151
"Holdens Bay",2019-11-12,2020,21,0.019029108,0.0188503190926674,0.0188503190926674
"Holdens Bay",2019-11-20,2020,22,0.0009941,0.000993606209819117,0.000993606209819117
"Holdens Bay",2019-11-26,2020,23,0.009941638,0.00989254502518344,0.00989254502518344
"Holdens Bay",2019-12-09,2020,24,0.00640441414285714,0.00638399302641661,0.00638399302641661
"Holdens Bay",2019-12-10,2020,25,0.00613232,0.00611359384323758,0.00611359384323758
"Holdens Bay",2019-12-23,2020,26,0.00317972148148148,0.00317467685796797,0.00317467685796797
"Holdens Bay",2019-12-30,2020,27,0.00158986074074074,0.001588598250099,0.001588598250099
"Holdens Bay",2020-01-06,2020,28,0,0,0
"Holdens Bay",2020-01-13,2020,29,0.00607639666666667,0.00605800981471755,0.00605800981471755
"Holdens Bay",2020-01-15,2020,30,0.00781251,0.00778215036453552,0.00778215036453552
"Holdens Bay",2020-01-27,2020,31,0.241877169428571,0.216624081220111,0.216624081220111
"Holdens Bay",2020-01-29,2020,32,0.280887946,0.247553545239981,0.247553545239981
"Holdens Bay",2020-02-10,2020,33,0.00203248,0.00203041730697348,0.00203041730697348
"Holdens Bay",2020-02-17,2020,34,0.00865213733333333,0.00861492209992674,0.00861492209992674
"Holdens Bay",2020-02-19,2020,35,0.010543468,0.0104882732649131,0.0104882732649131
"Holdens Bay",2020-02-27,2020,36,0.014012396,0.0139151299463395,0.0139151299463395
"Holdens Bay",2020-03-09,2020,37,0.060577283,0.0588133664833937,0.0588133664833937
"Holdens Bay",2020-03-16,2020,38,0.0370739339,0.0364032226558102,0.0364032226558102
"Holdens Bay",2020-03-19,2020,39,0.02700107,0.0266429728154013,0.0266429728154013
"Holdens Bay",2020-03-26,2020,40,0.020336002,0.020131986776881,0.020131986776881
"Holdens Bay",2020-04-02,2020,41,0.015750084,0.0156273385832098,0.0156273385832098
"Holdens Bay",2020-04-09,2020,42,0.051133642,0.0498692408043885,0.0498692408043885
"Holdens Bay",2020-04-20,2020,43,0.078352704,0.0754346026473687,0.0754346026473687
"Holdens Bay",2020-04-27,2020,44,0.0090326,0.00899205006658697,0.00899205006658697
"Holdens Bay",2020-05-04,2020,45,0.018600154,0.0184292866562607,0.0184292866562607
"Holdens Bay",2020-05-11,2020,46,0.09360419,0.0894788378028526,0.0894788378028526
"Holdens Bay",2020-05-18,2020,47,0.000760288,0.000759999127486792,0.000759999127486792
"Holdens Bay",2020-05-25,2020,48,0.098485555,0.0939324630064105,0.0939324630064105
"Holdens Bay",2020-06-01,2020,49,0.0232051501111111,0.0229400046075057,0.0229400046075057
"Holdens Bay",2020-06-03,2020,50,0.001696463,0.00169502563204291,0.00169502563204291
"Holdens Bay",2020-06-10,2020,51,0.004559136,0.0045487746201574,0.0045487746201574
"Holdens Bay",2020-06-18,2020,52,0.005437044,0.00542231663437739,0.00542231663437739
"Holdens Bay",2020-10-22,2021,17,0.559512716,0.444373410927957,0.444373410927957
"Holdens Bay",2020-11-02,2021,18,0.276938917428571,0.244465743039163,0.244465743039163
"Holdens Bay",2020-11-09,2021,19,0.0971192274285715,0.0926878603723323,0.0926878603723323
"Holdens Bay",2020-11-12,2021,20,0.020053646,0.0198552200308047,0.0198552200308047
"Holdens Bay",2020-11-23,2021,21,0.021556428,0.0213273740826926,0.0213273740826926
"Holdens Bay",2020-11-30,2021,22,0.017795856,0.017639363637484,0.017639363637484
"Holdens Bay",2020-12-07,2021,23,0.000702,0.000701753713255456,0.000701753713255456
"Holdens Bay",2020-12-14,2021,24,0.001057924,0.00105736479276953,0.00105736479276953
"Holdens Bay",2020-12-21,2021,25,0.129873629,0.122105793727139,0.122105793727139
"Holdens Bay",2020-12-28,2021,26,0.068808509,0.0665444850335236,0.0665444850335236
"Holdens Bay",2021-01-04,2021,27,0.007743389,0.00771356283485064,0.00771356283485064
"Holdens Bay",2021-01-11,2021,28,0.01666392,0.0165266003082169,0.0165266003082169
"Holdens Bay",2021-01-18,2021,29,0.152581457,0.142004171916003,0.142004171916003
"Holdens Bay",2021-01-25,2021,30,0.0002714,0.000271363177682234,0.000271363177682234
"Holdens Bay",2021-02-01,2021,31,0.010594956,0.0105392227688162,0.0105392227688162
"Holdens Bay",2021-02-08,2021,32,0.142393271,0.133125422354743,0.133125422354743
"Holdens Bay",2021-02-15,2021,33,0.00989376,0.00984513720169805,0.00984513720169805
"Holdens Bay",2021-02-22,2021,34,0.307551387,0.26815621790549,0.26815621790549
"Holdens Bay",2021-03-01,2021,35,0.00489394,0.0048820036038016,0.0048820036038016
"Holdens Bay",2021-03-08,2021,36,0.032694602,0.0321715046069014,0.0321715046069014
"Holdens Bay",2021-03-15,2021,37,0.0023394,0.0023366678640296,0.0023366678640296
"Holdens Bay",2021-03-22,2021,38,0.001147,0.00114634269806886,0.00114634269806886
"Holdens Bay",2021-03-29,2021,39,0.018690933,0.0185184040147367,0.0185184040147367
"Holdens Bay",2021-04-05,2021,40,0.000602431,0.000602249611290918,0.000602249611290918
"Holdens Bay",2021-04-12,2021,41,0.0031496,0.00314465040003683,0.00314465040003683
"Holdens Bay",2021-04-19,2021,42,0.0006494,0.000649189231063962,0.000649189231063962
"Holdens Bay",2021-04-26,2021,43,0.002818705,0.00281473990027822,0.00281473990027822
"Holdens Bay",2021-05-03,2021,44,0.248908748,0.222270168426387,0.222270168426387
"Holdens Bay",2021-05-10,2021,45,0.0267976,0.0264448326533321,0.0264448326533321
"Holdens Bay",2021-05-17,2021,46,0.009783216,0.00973567019145434,0.00973567019145434
"Holdens Bay",2021-05-24,2021,47,0.0013503,0.00134938916479665,0.00134938916479665
"Holdens Bay",2021-05-31,2021,48,0.00113663333333333,0.0011359878547348,0.0011359878547348
"Holdens Bay",2021-06-07,2021,49,0.000922966666666667,0.000922540994833251,0.000922540994833251
"Holdens Bay",2021-06-14,2021,50,0.0007093,0.000709048565642901,0.000709048565642901
"Holdens Bay",2021-06-21,2021,51,0.00323695,0.00323172235539377,0.00323172235539377
"Holdens Bay",2021-06-28,2021,52,0.0057646,0.00574804827234951,0.00574804827234951
"Holdens Bay",2021-07-05,2022,1,0.0029003,0.00289610224449653,0.00289610224449653
"Holdens Bay",2021-07-12,2022,2,3.6e-05,3.59993520155516e-05,3.59993520155516e-05
"Holdens Bay",2021-07-19,2022,3,6.75695e-05,6.75672172841623e-05,6.75672172841623e-05
"Holdens Bay",2021-07-26,2022,4,9.9139e-05,9.91340860541126e-05,9.91340860541126e-05
"Holdens Bay",2021-08-02,2022,5,0.0001307085,0.000130699958388313,0.000130699958388313
"Holdens Bay",2021-08-09,2022,6,0.000162278,0.000162264834349669,0.000162264834349669
"Holdens Bay",2021-08-16,2022,7,0.0413356398,0.0405041582236503,0.0405041582236503
"Holdens Bay",2021-08-23,2022,8,0.0825090016,0.0792814964257536,0.0792814964257536
"Holdens Bay",2021-08-30,2022,9,0.1236823634,0.116611116694196,0.116611116694196
"Holdens Bay",2021-09-06,2022,10,0.1648557252,0.152597238318687,0.152597238318687
"Holdens Bay",2021-09-13,2022,11,0.206029087,0.187333216587943,0.187333216587943
"Holdens Bay",2021-09-20,2022,12,0.1935512725,0.176933125656156,0.176933125656156
"Holdens Bay",2021-09-27,2022,13,0.181073458,0.166423735111548,0.166423735111548
"Holdens Bay",2021-10-04,2022,14,0.1685956435,0.155802723166164,0.155802723166164
"Holdens Bay",2021-10-11,2022,15,0.156117829,0.145067693256552,0.145067693256552
"Holdens Bay",2021-10-18,2022,16,0.139650857666667,0.13072195029296,0.13072195029296
"Holdens Bay",2021-10-25,2022,17,0.123183886333333,0.116167407973301,0.116167407973301
"Holdens Bay",2021-11-01,2022,18,0.106716915,0.101397898349988,0.101397898349988
"Holdens Bay",2021-11-08,2022,19,0.389179807,0.328713506078135,0.328713506078135
"Holdens Bay",2021-11-15,2022,20,0.433285947,0.359969673252347,0.359969673252347
"Holdens Bay",2021-11-22,2022,21,0.101787048,0.0969334506778914,0.0969334506778914
"Holdens Bay",2021-11-29,2022,22,0.002398812,0.0023959394433927,0.0023959394433927
"Holdens Bay",2021-12-06,2022,23,0.0003023388,0.000302293104835056,0.000302293104835056
"Holdens Bay",2021-12-13,2022,24,0.018762184,0.0185883452560193,0.0185883452560193
"Holdens Bay",2021-12-20,2022,25,0.030743293,0.0302801856712599,0.0302801856712599
"Holdens Bay",2021-12-27,2022,26,0.132204139,0.124166298328278,0.124166298328278
"Holdens Bay",2022-01-03,2022,27,0.233664985,0.209989401589884,0.209989401589884
"Holdens Bay",2022-01-10,2022,28,0.335125831,0.28902554284116,0.28902554284116
"Holdens Bay",2022-01-17,2022,29,0.002462776,0.00245974833713834,0.00245974833713834
"Holdens Bay",2022-01-24,2022,30,0.018885405,0.0187092896242363,0.0187092896242363
"Holdens Bay",2022-01-31,2022,31,0.082615714,0.0793800703317439,0.0793800703317439
"Holdens Bay",2022-02-07,2022,32,0.00636287,0.00634271240426983,0.00634271240426983
"Holdens Bay",2022-02-14,2022,33,0.012303442,0.0122283697946013,0.0122283697946013
"Holdens Bay",2022-02-21,2022,34,0.146497026,0.136711229330774,0.136711229330774
"Holdens Bay",2022-02-28,2022,35,0.862598205,0.621972397398309,0.621972397398309
"Holdens Bay",2022-03-07,2022,36,6.388174055,1.99988062120945,1.99988062120945
"Holdens Bay",2022-03-14,2022,37,0.0003201,0.000320048778925286,0.000320048778925286
"Holdens Bay",2022-03-21,2022,38,0.016789721,0.0166503316759983,0.0166503316759983
"Holdens Bay",2022-03-28,2022,39,0.000627275,0.00062707834527062,0.00062707834527062
"Holdens Bay",2022-04-04,2022,40,0.022297094,0.0220521481669897,0.0220521481669897
"Holdens Bay",2022-04-11,2022,41,0.014952428,0.0148417424298491,0.0148417424298491
"Holdens Bay",2022-04-18,2022,42,0.022052913,0.0218132644138896,0.0218132644138896
"Holdens Bay",2022-04-25,2022,43,0.0040532072,0.00404501508446394,0.00404501508446394
"Holdens Bay",2022-05-02,2022,44,0.043981332,0.0430416080745223,0.0430416080745223
"Holdens Bay",2022-05-09,2022,45,0.375681999,0.318949607424282,0.318949607424282
"Holdens Bay",2022-05-16,2022,46,0.00133525,0.00133435934646069,0.00133435934646069
"Holdens Bay",2022-11-14,2023,20,0.01199695,0.0119255570267401,0.0119255570267401
"Holdens Bay",2022-11-21,2023,21,0.193397495,0.176804277058895,0.176804277058895
"Holdens Bay",2022-11-28,2023,22,0.37479804,0.318306840330611,0.318306840330611
"Holdens Bay",2022-12-05,2023,23,0.002172716,0.00217035906593982,0.00217035906593982
"Holdens Bay",2022-12-12,2023,24,0.338326018,0.291419592713186,0.291419592713186
"Holdens Bay",2022-12-19,2023,25,2.422540031,1.23038297453281,1.23038297453281
"Holdens Bay",2022-12-26,2023,26,1.81929643833333,1.03648736386951,1.03648736386951
"Holdens Bay",2023-01-02,2023,27,1.21605284566667,0.795727615923198,0.795727615923198
"Holdens Bay",2023-01-09,2023,28,0.612809253,0.477977536105637,0.477977536105637
"Holdens Bay",2023-01-16,2023,29,1.107526622,0.74551504284256,0.74551504284256
"Holdens Bay",2023-01-23,2023,30,0.035247152,0.0346401924134334,0.0346401924134334
"Holdens Bay",2023-01-30,2023,31,0.04857752,0.0474345028185424,0.0474345028185424
"Holdens Bay",2023-02-06,2023,32,3.027330555,1.39310376317897,1.39310376317897
"Holdens Bay",2023-02-13,2023,33,0.954739107,0.670256735427346,0.670256735427346
"Holdens Bay",2023-02-20,2023,34,20.541279353,3.06997106425417,3.06997106425417
"Holdens Bay",2023-02-27,2023,35,8.734595384,2.27568607494037,2.27568607494037
"Holdens Bay",2023-03-06,2023,36,6.051836204,1.95328803737989,1.95328803737989
"Holdens Bay",2023-03-13,2023,37,0.317139608,0.275462421698867,0.275462421698867
"Holdens Bay",2023-03-20,2023,38,49.902660742,3.92991519609987,3.92991519609987
"Holdens Bay",2023-03-27,2023,39,113.72641533,4.74255029692304,4.74255029692304
"Holdens Bay",2023-04-03,2023,40,15.04838227,2.77560805134964,2.77560805134964
"Holdens Bay",2023-04-10,2023,41,3.132498754,1.4188822492006,1.4188822492006
"Holdens Bay",2023-04-17,2023,42,3.989260089,1.60728762001153,1.60728762001153
"Holdens Bay",2023-04-24,2023,43,1.36644426,0.861388516315379,0.861388516315379
"Holdens Bay",2023-05-01,2023,44,0.003538476,0.00353223032291471,0.00353223032291471
"Holdens Bay",2023-05-08,2023,45,0.009140292,0.00909877234051019,0.00909877234051019
"Holdens Bay",2023-05-15,2023,46,0.133414548,0.125234800386551,0.125234800386551
"Holdens Bay",2023-05-22,2023,47,0.000633204,0.000633003610934169,0.000633003610934169
"Holdens Bay",2023-05-29,2023,48,0.018478044,0.0183093992604149,0.0183093992604149
"Holdens Bay",2023-10-30,2024,18,0.003110181,0.00310535439223327,0.00310535439223327
"Holdens Bay",2023-11-06,2024,19,0.196969538,0.179792977630461,0.179792977630461
"Holdens Bay",2023-11-13,2024,20,1.27080975498,0.820136488139274,0.820136488139274
"Holdens Bay",2023-11-20,2024,21,0.205653101254,0.187021412859511,0.187021412859511
"Holdens Bay",2023-11-27,2024,22,0.099892135,0.0952121159053088,0.0952121159053088
"Holdens Bay",2023-12-04,2024,23,0.317081659,0.275418424635495,0.275418424635495
"Holdens Bay",2023-12-11,2024,24,0.493258913,0.400960921472334,0.400960921472334
"Holdens Bay",2023-12-18,2024,25,0.058782512,0.0571196744229204,0.0571196744229204
"Holdens Bay",2023-12-25,2024,26,1.780264743,1.0225461544633,1.0225461544633
"Holdens Bay",2024-01-01,2024,27,3.501746974,1.50446553788421,1.50446553788421
"Holdens Bay",2024-01-08,2024,28,5.223229205,1.82828893682267,1.82828893682267
"Holdens Bay",2024-01-15,2024,29,2.25349703,1.17973042708941,1.17973042708941
"Holdens Bay",2024-01-22,2024,30,6.456067623,2.00902814695053,2.00902814695053
"Holdens Bay",2024-01-29,2024,31,1.641055802,0.971178762209537,0.971178762209537
"Holdens Bay",2024-02-05,2024,32,1.85046000049998,1.04748038494059,1.04748038494059
"Holdens Bay",2024-02-12,2024,33,0.351090956,0.300912381656325,0.300912381656325
"Holdens Bay",2024-02-19,2024,34,4.121880485,1.63352165384637,1.63352165384637
"Holdens Bay",2024-02-26,2024,35,28.690271105,3.39081941992293,3.39081941992293
"Holdens Bay",2024-03-04,2024,36,0.19821405,0.180832156521156,0.180832156521156
"Holdens Bay",2024-03-11,2024,37,1.398731446,0.874940033447951,0.874940033447951
"Holdens Bay",2024-03-18,2024,38,0.086609312,0.0830621249494758,0.0830621249494758
"Holdens Bay",2024-03-25,2024,39,3.604653133,1.52706734287462,1.52706734287462
"Holdens Bay",2024-04-01,2024,40,3.572208545,1.51999635840936,1.51999635840936
"Holdens Bay",2024-04-08,2024,41,31.501897733,3.48129847941557,3.48129847941557
"Holdens Bay",2024-04-15,2024,42,0.482113343,0.393469003706553,0.393469003706553
"Holdens Bay",2024-04-22,2024,43,0.185343712,0.170032784850728,0.170032784850728
"Holdens Bay",2024-04-29,2024,44,0.115233031,0.10906337948793,0.10906337948793
"Holdens Bay",2024-05-06,2024,45,0.519070024,0.418098321300298,0.418098321300298
"Holdens Bay",2024-05-13,2024,46,0.489875857,0.398692799036612,0.398692799036612
"Holdens Bay",2024-05-20,2024,47,0.007577533,0.00754896770901843,0.00754896770901843
"Holdens Bay",2024-05-27,2024,48,0.009807007,0.00975923041642489,0.00975923041642489
"Holdens Bay",2024-11-25,2025,22,2.564873028,1.2711284369627,1.2711284369627
"Holdens Bay",2024-12-02,2025,23,3.70848411564444,1.54936601241327,1.54936601241327
"Holdens Bay",2024-12-09,2025,24,7.4883869142139,2.13869898394548,2.13869898394548
"Holdens Bay",2024-12-16,2025,25,10.0630783040234,2.40361328503761,2.40361328503761
"Holdens Bay",2024-12-23,2025,26,4.42960082817466,1.69186561893699,1.69186561893699
"Holdens Bay",2025-01-06,2025,27,2.82047109612444,1.34037373860754,1.34037373860754
"Holdens Bay",2025-01-13,2025,28,2.57269993312833,1.27332159374252,1.27332159374252
"Holdens Bay",2025-01-20,2025,29,0.11518698,0.109022085920101,0.109022085920101
"Holdens Bay",2025-01-27,2025,30,0.03984941,0.0390759045921046,0.0390759045921046
"Holdens Bay",2025-02-03,2025,31,0.036951589,0.0362852444546829,0.0362852444546829
"Holdens Bay",2025-02-10,2025,32,0.00991649442852,0.00986764865144548,0.00986764865144548
"Holdens Bay",2025-02-17,2025,33,0.018180084,0.0180168022869421,0.0180168022869421
"Holdens Bay",2025-02-24,2025,34,0.206247392528227,0.187514212034091,0.187514212034091
"Holdens Bay",2025-03-03,2025,35,0.127194891142204,0.119732149248382,0.119732149248382
"Holdens Bay",2025-03-10,2025,36,0.030272849,0.0298236691029677,0.0298236691029677
"Holdens Bay",2025-03-17,2025,37,0.040077331428178,0.0392950675314049,0.0392950675314049
"Holdens Bay",2025-03-24,2025,38,0.022411896,0.0221644399412051,0.0221644399412051
"Holdens Bay",2025-03-31,2025,39,0.016004807,0.0158780804443102,0.0158780804443102
"Holdens Bay",2025-04-07,2025,40,0.009597718,0.00955195250114782,0.00955195250114782
"Holdens Bay",2025-04-14,2025,41,0.0018226,0.00182094108001253,0.00182094108001253
"Holdens Bay",2025-04-21,2025,42,0.00046816,0.000468050447297995,0.000468050447297995
"Holdens Bay",2025-04-28,2025,43,0.004427856,0.00441808188724311,0.00441808188724311
"Holdens Bay",2025-05-05,2025,44,0.007160788,0.00713527129832347,0.00713527129832347
"Holdens Bay",2025-05-12,2025,45,0.040604721,0.0398020066694638,0.0398020066694638
"Holdens Bay",2025-05-19,2025,46,0.020896929,0.020681583058227,0.020681583058227
"Holdens Bay",2025-05-26,2025,47,0.068155525,0.0659333525952289,0.0659333525952289
"Holdens Bay",2025-11-17,2026,20,0.566502864222222,0.448845659829901,0.448845659829901
"Holdens Bay",2025-11-24,2026,21,17.9761493484686,2.9431828931716,2.9431828931716
"Holdens Bay",2025-12-01,2026,22,6.28360237456055,1.98562557149018,1.98562557149018
"Holdens Bay",2025-12-08,2026,23,2.06528585680903,1.12014082990356,1.12014082990356
"Holdens Bay",2025-12-15,2026,24,1.26349991731042,0.81691225136214,0.81691225136214
"Holdens Bay",2025-12-22,2026,25,0.900731062376042,0.642238581839128,0.642238581839128
"Holdens Bay",2025-12-29,2026,26,0.537962207441667,0.430458298246866,0.430458298246866
"Holdens Bay",2026-01-05,2026,27,0.903076500322225,0.643471787360053,0.643471787360053
"Holdens Bay",2026-01-12,2026,28,0.035158036,0.0345541068485676,0.0345541068485676
"Holdens Bay",2026-01-19,2026,29,0.688821454725,0.524030921595507,0.524030921595507
"Holdens Bay",2026-01-26,2026,30,0.075166467,0.0724755026143901,0.0724755026143901
"Holdens Bay",2026-02-02,2026,31,0.0827167966666667,0.079473434899303,0.079473434899303
"Holdens Bay",2026-02-09,2026,32,0.0902671263333333,0.0864227362468788,0.0864227362468788
"Holdens Bay",2026-02-16,2026,33,0.097817456,0.0933240778999284,0.0933240778999284
"Ngongotaha",2015-01-05,2015,1,2.736e-05,2.73596257220268e-05,2.73596257220268e-05
"Ngongotaha",2015-01-12,2015,2,0.00930785818181818,0.00926480700648666,0.00926480700648666
"Ngongotaha",2015-01-16,2015,3,0.014611,0.0145052878027008,0.0145052878027008
"Ngongotaha",2015-01-26,2015,4,0.00854683333333333,0.00851051593907999,0.00851051593907999
"Ngongotaha",2015-02-02,2015,5,0.00430191666666667,0.0042926898756226,0.0042926898756226
"Ngongotaha",2015-02-09,2015,6,5.7e-05,5.69983755617284e-05,5.69983755617284e-05
"Ngongotaha",2015-02-16,2015,7,0.0385140591176471,0.0377909021505753,0.0377909021505753
"Ngongotaha",2015-02-23,2015,8,0.0769711182352941,0.0741525809486508,0.0741525809486508
"Ngongotaha",2015-02-26,2015,9,0.093452715,0.0893403183158691,0.0893403183158691
"Ngongotaha",2015-03-09,2015,10,1.41517412975,0.881771387921359,0.881771387921359
"Ngongotaha",2015-03-12,2015,11,1.7756436065,1.020882650577,1.020882650577
"Ngongotaha",2015-03-23,2015,12,0.857993826,0.619497317458246,0.619497317458246
"Ngongotaha",2015-03-30,2015,13,0.097826824,0.0933326111583304,0.0933326111583304
"Ngongotaha",2015-04-06,2015,14,0.051382162,0.0501056433091256,0.0501056433091256
"Ngongotaha",2015-04-13,2015,15,0.0049375,0.00492535052249327,0.00492535052249327
"Ngongotaha",2015-04-20,2015,16,0.0218772,0.0216413280063624,0.0216413280063624
"Ngongotaha",2015-04-27,2015,17,0.000264,0.000263965158132034,0.000263965158132034
"Ngongotaha",2015-11-16,2016,20,0.000572,0.000571836470356333,0.000571836470356333
"Ngongotaha",2015-11-23,2016,21,0.0017765,0.00177492389023825,0.00177492389023825
"Ngongotaha",2015-11-30,2016,22,0.002981,0.00297656562988582,0.00297656562988582
"Ngongotaha",2015-12-07,2016,23,0.0023225,0.0023198071654745,0.0023198071654745
"Ngongotaha",2015-12-14,2016,24,0.001664,0.00166261708590017,0.00166261708590017
"Ngongotaha",2015-12-21,2016,25,0.491144883333333,0.399544202982127,0.399544202982127
"Ngongotaha",2015-12-28,2016,26,0.980625766666667,0.683412838546175,0.683412838546175
"Ngongotaha",2016-01-04,2016,27,1.47010665,0.904261327845389,0.904261327845389
"Ngongotaha",2016-01-11,2016,28,0.017855582,0.0176980436245409,0.0176980436245409
"Ngongotaha",2016-01-18,2016,29,0.019097141,0.0189170794320317,0.0189170794320317
"Ngongotaha",2016-01-25,2016,30,0.340775334,0.293248054096751,0.293248054096751
"Ngongotaha",2016-02-01,2016,31,0.288009067,0.253097667253657,0.253097667253657
"Ngongotaha",2016-02-08,2016,32,0.2352428,0.211267549947136,0.211267549947136
"Ngongotaha",2016-02-15,2016,33,0.25539463825,0.227449975942676,0.227449975942676
"Ngongotaha",2016-02-22,2016,34,0.2755464765,0.243374695803389,0.243374695803389
"Ngongotaha",2016-02-29,2016,35,0.29569831475,0.259049789003484,0.259049789003484
"Ngongotaha",2016-03-07,2016,36,0.315850153,0.274482960918437,0.274482960918437
"Ngongotaha",2016-03-14,2016,37,0.1588745765,0.147449341504321,0.147449341504321
"Ngongotaha",2016-03-21,2016,38,0.001899,0.00189719917897899,0.00189719917897899
"Ngongotaha",2016-03-28,2016,39,0.00462108461538461,0.00461044018382223,0.00461044018382223
"Ngongotaha",2016-04-03,2016,40,0.0069543,0.00693023038288257,0.00693023038288257
"Ngongotaha",2016-04-11,2016,41,0.00763396857142857,0.00760497728558081,0.00760497728558081
"Ngongotaha",2016-04-17,2016,42,0.00814372,0.00811073885078462,0.00811073885078462
"Ngongotaha",2016-04-25,2016,43,0.0928264194285714,0.0887673854467786,0.0887673854467786
"Ngongotaha",2016-05-01,2016,44,0.156338444,0.145258499027234,0.145258499027234
"Ngongotaha",2016-05-09,2016,45,0.0733306790769231,0.0707665979754506,0.0707665979754506
"Ngongotaha",2016-05-14,2016,46,0.021450826,0.0212239951055624,0.0212239951055624
"Ngongotaha",2016-11-21,2017,21,0.032149849,0.0316438590378854,0.0316438590378854
"Ngongotaha",2016-11-28,2017,22,0.040547548,0.0397470630683963,0.0397470630683963
"Ngongotaha",2016-12-05,2017,23,0.021379616,0.0211542781103925,0.0211542781103925
"Ngongotaha",2016-12-12,2017,24,0.002211684,0.00220924182715559,0.00220924182715559
"Ngongotaha",2016-12-19,2017,25,0.015150038,0.0150364222590042,0.0150364222590042
"Ngongotaha",2016-12-26,2017,26,0.028088392,0.0277011477723213,0.0277011477723213
"Ngongotaha",2017-01-02,2017,27,0.041026746,0.0402074819060486,0.0402074819060486
"Ngongotaha",2017-01-09,2017,28,0.0539651,0.0525593376164985,0.0525593376164985
"Ngongotaha",2017-01-16,2017,29,0.032539407,0.0320212117106816,0.0320212117106816
"Ngongotaha",2017-01-23,2017,30,0.011113714,0.0110524104689858,0.0110524104689858
"Ngongotaha",2017-01-30,2017,31,0.0331769945,0.0326385157314889,0.0326385157314889
"Ngongotaha",2017-02-06,2017,32,0.055240275,0.0537684898123714,0.0537684898123714
"Ngongotaha",2017-02-13,2017,33,0.03594607875,0.0353150949441611,0.0353150949441611
"Ngongotaha",2017-02-20,2017,34,0.0166518825,0.0165147600421988,0.0165147600421988
"Ngongotaha",2017-02-26,2017,35,0.000114,0.000113993502493806,0.000113993502493806
"Ngongotaha",2017-03-06,2017,36,0.0974092442790698,0.0929521694081234,0.0929521694081234
"Ngongotaha",2017-03-13,2017,37,0.182542583023256,0.167666851748894,0.167666851748894
"Ngongotaha",2017-03-20,2017,38,0.267675921767442,0.237185241146004,0.237185241146004
"Ngongotaha",2017-03-27,2017,39,0.352809260511628,0.302183364019096,0.302183364019096
"Ngongotaha",2017-04-03,2017,40,0.437942599255814,0.363213341433868,0.363213341433868
"Ngongotaha",2017-04-10,2017,41,0.523075938,0.420731933471067,0.420731933471067
"Ngongotaha",2017-04-17,2017,42,0.008336,0.00830144743929724,0.00830144743929724
"Ngongotaha",2017-11-27,2018,22,0.040143236,0.0393584305928763,0.0393584305928763
"Ngongotaha",2017-12-04,2018,23,0.003552,0.00354570654649498,0.00354570654649498
"Ngongotaha",2017-12-11,2018,24,0.0030540145,0.00304936047095737,0.00304936047095737
"Ngongotaha",2017-12-18,2018,25,0.002556029,0.00255276791364774,0.00255276791364774
"Ngongotaha",2017-12-25,2018,26,0.0007505,0.000750218515702172,0.000750218515702172
"Ngongotaha",2018-01-01,2018,27,0.0014778,0.00147670912817467,0.00147670912817467
"Ngongotaha",2018-01-08,2018,28,0.0048707,0.00485887651763589,0.00485887651763589
"Ngongotaha",2018-01-15,2018,29,0.0082636,0.00822964339844441,0.00822964339844441
"Ngongotaha",2018-01-22,2018,30,0.0032232,0.00321801662592766,0.00321801662592766
"Ngongotaha",2018-01-29,2018,31,0.00259225,0.00258889591513599,0.00258889591513599
"Ngongotaha",2018-02-05,2018,32,0.0019613,0.00195937916230425,0.00195937916230425
"Ngongotaha",2018-02-12,2018,33,0.0032469,0.00324164020247745,0.00324164020247745
"Ngongotaha",2018-02-19,2018,34,0.0008453,0.000844942935158772,0.000844942935158772
"Ngongotaha",2018-02-26,2018,35,0.0069724,0.00694820521781622,0.00694820521781622
"Ngongotaha",2018-03-05,2018,36,0.0016642,0.00166281675363309,0.00166281675363309
"Ngongotaha",2018-03-12,2018,37,0,0,0
"Ngongotaha",2018-03-19,2018,38,0.0032782,0.00327283841674602,0.00327283841674602
"Ngongotaha",2018-03-26,2018,39,0.002305209,0.00230255608197127,0.00230255608197127
"Ngongotaha",2018-04-02,2018,40,0.0142136045,0.0141135383097176,0.0141135383097176
"Ngongotaha",2018-04-09,2018,41,0.026122,0.0257866480616028,0.0257866480616028
"Ngongotaha",2018-04-16,2018,42,0.013616,0.0135241352198581,0.0135241352198581
"Ngongotaha",2018-04-23,2018,43,0.00111,0.00110938440549782,0.00110938440549782
"Ngongotaha",2018-04-30,2018,44,0.001443,0.00144195987597908,0.00144195987597908
"Ngongotaha",2018-05-07,2018,45,0.001776,0.00177442477678851,0.00177442477678851
"Ngongotaha",2018-05-14,2018,46,0.0017575,0.00175595740401883,0.00175595740401883
"Ngongotaha",2018-05-21,2018,47,0.001739,0.00173748969019899,0.00173748969019899
"Ngongotaha",2018-11-19,2019,21,0.007772024,0.00774197740297275,0.00774197740297275
"Ngongotaha",2018-11-26,2019,22,0.000805896,0.000805571440181193,0.000805571440181193
"Ngongotaha",2018-12-03,2019,23,0.0019468,0.00194490744077146,0.00194490744077146
"Ngongotaha",2018-12-10,2019,24,0.0035819,0.00357550027376172,0.00357550027376172
"Ngongotaha",2018-12-17,2019,25,0.005217,0.00520343860159486,0.00520343860159486
"Ngongotaha",2018-12-24,2019,26,0.004153158,0.00414455744406858,0.00414455744406858
"Ngongotaha",2019-01-07,2019,27,0.002025474,0.00202342549320278,0.00202342549320278
"Ngongotaha",2019-01-14,2019,28,0.000961632,0.000961169928153278,0.000961169928153278
"Ngongotaha",2019-01-21,2019,29,0.00127855155555556,0.0012777349045283,0.0012777349045283
"Ngongotaha",2019-01-23,2019,30,0.0013691,0.00136816363714715,0.00136816363714715
"Ngongotaha",2019-01-30,2019,31,0.0015642,0.00156297791340592,0.00156297791340592
"Ngongotaha",2019-02-05,2019,32,0.017604748,0.0174515794733386,0.0174515794733386
"Ngongotaha",2019-02-14,2019,33,0.000555,0.000554846044460916,0.000554846044460916
"Ngongotaha",2019-02-21,2019,34,0.001465541,0.00146446814287148,0.00146446814287148
"Ngongotaha",2019-02-28,2019,35,0.001887,0.00188522185205871,0.00188522185205871
"Ngongotaha",2019-03-07,2019,36,0.002405,0.00240211261601236,0.00240211261601236
"Ngongotaha",2019-03-15,2019,37,0.004007125,0.00399911785790243,0.00399911785790243
"Ngongotaha",2019-03-25,2019,38,0.0023550625,0.00235229368661085,0.00235229368661085
"Ngongotaha",2019-04-01,2019,39,0.00119861875,0.00119790098004384,0.00119790098004384
"Ngongotaha",2019-04-04,2019,40,0.000703,0.000702753011248616,0.000702753011248616
"Ngongotaha",2019-04-11,2019,41,0.0034672,0.0034612031196713,0.0034612031196713
"Ngongotaha",2019-11-12,2020,21,0,0,0
"Ngongotaha",2019-11-20,2020,22,0.02461095,0.0243129795632621,0.0243129795632621
"Ngongotaha",2019-11-26,2020,23,0.001997228,0.00199523619178051,0.00199523619178051
"Ngongotaha",2019-12-09,2020,24,0.157824473785714,0.146542790620145,0.146542790620145
"Ngongotaha",2019-12-10,2020,25,0.169811185,0.156842355444576,0.156842355444576
"Ngongotaha",2019-12-23,2020,26,0.0915056180740741,0.0875580441078301,0.0875580441078301
"Ngongotaha",2019-12-30,2020,27,0.049341082037037,0.0481624262661075,0.0481624262661075
"Ngongotaha",2020-01-06,2020,28,0.007176546,0.00715091713850559,0.00715091713850559
"Ngongotaha",2020-01-13,2020,29,0.007817088,0.00778669286580118,0.00778669286580118
"Ngongotaha",2020-01-15,2020,30,0.0080001,0.00796826885552116,0.00796826885552116
"Ngongotaha",2020-01-27,2020,31,0.282653678571429,0.248931118230208,0.248931118230208
"Ngongotaha",2020-01-29,2020,32,0.328429275,0.283997248067448,0.283997248067448
"Ngongotaha",2020-02-10,2020,33,0.00612453,0.00610585129287674,0.00610585129287674
"Ngongotaha",2020-02-17,2020,34,0.00387044444444444,0.00386297354527435,0.00386297354527435
"Ngongotaha",2020-02-19,2020,35,0.00322642,0.00322122627541789,0.00322122627541789
"Ngongotaha",2020-02-27,2020,36,0.003880644,0.00387313372460569,0.00387313372460569
"Ngongotaha",2020-03-09,2020,37,0.020037753,0.019839639356323,0.019839639356323
"Ngongotaha",2020-03-16,2020,38,0.0191730472,0.0189915604311402,0.0189915604311402
"Ngongotaha",2020-03-19,2020,39,0.018802459,0.0186278777441233,0.0186278777441233
"Ngongotaha",2020-03-26,2020,40,0.028969115,0.0285574418242066,0.0285574418242066
"Ngongotaha",2020-04-02,2020,41,0.036967656,0.0363007387899026,0.0363007387899026
"Ngongotaha",2020-04-09,2020,42,0.016104212,0.0159759147624003,0.0159759147624003
"Ngongotaha",2020-04-20,2020,43,0,0,0
"Ngongotaha",2020-04-27,2020,44,4.8e-05,4.79988480368627e-05,4.79988480368627e-05
"Ngongotaha",2020-05-04,2020,45,9.6e-05,9.59953922948908e-05,9.59953922948908e-05
"Ngongotaha",2020-05-11,2020,46,0.054511416,0.0530775468619703,0.0530775468619703
"Ngongotaha",2020-05-18,2020,47,0.000448032,0.000447931663631639,0.000447931663631639
"Ngongotaha",2020-05-25,2020,48,0.038337624,0.0376209958260114,0.0376209958260114
"Ngongotaha",2020-06-01,2020,49,0.00988275622222222,0.00983424116672635,0.00983424116672635
"Ngongotaha",2020-06-03,2020,50,0.001752794,0.00175125964926898,0.00175125964926898
"Ngongotaha",2020-06-10,2020,51,0.013379434,0.0132907197941438,0.0132907197941438
"Ngongotaha",2020-06-18,2020,52,0.00219308,0.00219067871022964,0.00219067871022964
"Ngongotaha",2020-10-22,2021,17,0.007931986,0.007900693166341,0.007900693166341
"Ngongotaha",2020-11-02,2021,18,0.0104304668095238,0.0103764448156218,0.0103764448156218
"Ngongotaha",2020-11-09,2021,19,0.0120204091428571,0.0119487377991304,0.0119487377991304
"Ngongotaha",2020-11-12,2021,20,0.012701813,0.0126218216181514,0.0126218216181514
"Ngongotaha",2020-11-23,2021,21,0.014025736,0.0139282855175191,0.0139282855175191
"Ngongotaha",2020-11-30,2021,22,0.001610306,0.00160901084750132,0.00160901084750132
"Ngongotaha",2020-12-07,2021,23,0.0044427082,0.00443286850442488,0.00443286850442488
"Ngongotaha",2020-12-14,2021,24,0.004963917,0.00495163738390655,0.00495163738390655
"Ngongotaha",2020-12-21,2021,25,0.069429299,0.0671251407633209,0.0671251407633209
"Ngongotaha",2020-12-28,2021,26,0.0424181415,0.0415431502649318,0.0415431502649318
"Ngongotaha",2021-01-04,2021,27,0.015406984,0.0152895015851079,0.0152895015851079
"Ngongotaha",2021-01-11,2021,28,0,0,0
"Ngongotaha",2021-01-18,2021,29,0.005856304,0.005839222508888,0.005839222508888
"Ngongotaha",2021-01-25,2021,30,0.0002686,0.000268563933478167,0.000268563933478167
"Ngongotaha",2021-02-01,2021,31,0.024104036,0.0238181191128737,0.0238181191128737
"Ngongotaha",2021-02-08,2021,32,0.016596768,0.0164605468007441,0.0164605468007441
"Ngongotaha",2021-02-15,2021,33,0,0,0
"Ngongotaha",2021-02-22,2021,34,0.005125024,0.00511193576380294,0.00511193576380294
"Ngongotaha",2021-03-01,2021,35,0.090050114,0.0862236713309707,0.0862236713309707
"Ngongotaha",2021-03-08,2021,36,0.008988741,0.00894858273637017,0.00894858273637017
"Ngongotaha",2021-03-15,2021,37,0.036483369,0.0358336074200585,0.0358336074200585
"Ngongotaha",2021-03-22,2021,38,0.000454078,0.000453974937782635,0.000453974937782635
"Ngongotaha",2021-03-29,2021,39,0.000142025,0.000142014915404519,0.000142014915404519
"Ngongotaha",2021-04-05,2021,40,0.009299128,0.0092561572971792,0.0092561572971792
"Ngongotaha",2021-04-12,2021,41,0.007928763,0.00789749552483566,0.00789749552483566
"Ngongotaha",2021-04-19,2021,42,7.9e-05,7.89968796643366e-05,7.89968796643366e-05
"Ngongotaha",2021-04-26,2021,43,0.00074,0.000739726334999745,0.000739726334999745
"Ngongotaha",2021-05-03,2021,44,0.013216025,0.0131294552461271,0.0131294552461271
"Ngongotaha",2021-05-10,2021,45,0.0045032,0.00449309093228754,0.00449309093228754
"Ngongotaha",2021-05-17,2021,46,0.033050688,0.0325162576655196,0.0325162576655196
"Ngongotaha",2021-05-24,2021,47,0.000453175,0.000453072347221632,0.000453072347221632
"Ngongotaha",2021-05-31,2021,48,0.000331083333333333,0.000331028537340887,0.000331028537340887
"Ngongotaha",2021-06-07,2021,49,0.000208991666666667,0.000208969830950567,0.000208969830950567
"Ngongotaha",2021-06-14,2021,50,8.69e-05,8.68962244137307e-05,8.68962244137307e-05
"Ngongotaha",2021-06-21,2021,51,7.045e-05,7.04475185152964e-05,7.04475185152964e-05
"Ngongotaha",2021-06-28,2021,52,5.4e-05,5.39985420524859e-05,5.39985420524859e-05
"Ngongotaha",2021-07-05,2022,1,0.00011345,0.000113443565035443,0.000113443565035443
"Ngongotaha",2021-07-12,2022,2,0.0001729,0.000172885054517691,0.000172885054517691
"Ngongotaha",2021-07-19,2022,3,0.000347675,0.000347614575052278,0.000347614575052278
"Ngongotaha",2021-07-26,2022,4,0.00052245,0.000522313570515071,0.000522313570515071
"Ngongotaha",2021-08-02,2022,5,0.000697225,0.000696982051569608,0.000696982051569608
"Ngongotaha",2021-08-09,2022,6,0.000872,0.000871620028873837,0.000871620028873837
"Ngongotaha",2021-08-16,2022,7,0.00077638,0.000776078772948822,0.000776078772948822
"Ngongotaha",2021-08-23,2022,8,0.00068076,0.00068052838802002,0.00068052838802002
"Ngongotaha",2021-08-30,2022,9,0.00058514,0.000584968872342704,0.000584968872342704
"Ngongotaha",2021-09-06,2022,10,0.00048952,0.000489400224171648,0.000489400224171648
"Ngongotaha",2021-09-13,2022,11,0.0003939,0.000393822441761125,0.000393822441761125
"Ngongotaha",2021-09-20,2022,12,0.000376525,0.000376454132250616,0.000376454132250616
"Ngongotaha",2021-09-27,2022,13,0.00035915,0.000359085521076692,0.000359085521076692
"Ngongotaha",2021-10-04,2022,14,0.000341775,0.000341716608228874,0.000341716608228874
"Ngongotaha",2021-10-11,2022,15,0.0003244,0.000324347393696682,0.000324347393696682
"Ngongotaha",2021-10-18,2022,16,0.0010056,0.00100509472302931,0.00100509472302931
"Ngongotaha",2021-10-25,2022,17,0.0016868,0.00168537895067291,0.00168537895067291
"Ngongotaha",2021-11-01,2022,18,0.002368,0.00236520070628074,0.00236520070628074
"Ngongotaha",2021-11-08,2022,19,0.384751412,0.325520637609199,0.325520637609199
"Ngongotaha",2021-11-15,2022,20,0.0134543,0.0133645946253923,0.0133645946253923
"Ngongotaha",2021-11-22,2022,21,2.245274402,1.17719990806013,1.17719990806013
"Ngongotaha",2021-11-29,2022,22,0.000666,0.000665778320420273,0.000665778320420273
"Ngongotaha",2021-12-06,2022,23,0.000313375,0.000313325908310492,0.000313325908310492
"Ngongotaha",2021-12-13,2022,24,0.120687599,0.113942424609073,0.113942424609073
"Ngongotaha",2021-12-20,2022,25,0.04765803,0.0465572253971465,0.0465572253971465
"Ngongotaha",2021-12-27,2022,26,0.0319861866666667,0.031485281956871,0.031485281956871
"Ngongotaha",2022-01-03,2022,27,0.0163143433333333,0.0161826943487514,0.0161826943487514
"Ngongotaha",2022-01-10,2022,28,0.0006425,0.000642293685241758,0.000642293685241758
"Ngongotaha",2022-01-17,2022,29,0.000707892,0.000707641562639601,0.000707641562639601
"Ngongotaha",2022-01-24,2022,30,0.018429028,0.0182612713897985,0.0182612713897985
"Ngongotaha",2022-01-31,2022,31,0.0005056,0.000505472227386075,0.000505472227386075
"Ngongotaha",2022-02-07,2022,32,0.018109625,0.0179475989710125,0.0179475989710125
"Ngongotaha",2022-02-14,2022,33,0.001496783,0.00149566393684942,0.00149566393684942
"Ngongotaha",2022-02-21,2022,34,0.009024546,0.00898406813206544,0.00898406813206544
"Ngongotaha",2022-02-28,2022,35,0.031586255,0.0310976709735116,0.0310976709735116
"Ngongotaha",2022-03-07,2022,36,4.675961034,1.73623989422842,1.73623989422842
"Ngongotaha",2022-03-14,2022,37,0.149056262,0.138940963725262,0.138940963725262
"Ngongotaha",2022-03-21,2022,38,0.0072887,0.00726226579576198,0.00726226579576198
"Ngongotaha",2022-03-28,2022,39,0.000242,0.000241970722723305,0.000241970722723305
"Ngongotaha",2022-04-04,2022,40,0.00840308,0.00836797067047769,0.00836797067047769
"Ngongotaha",2022-04-11,2022,41,0.006443722,0.00642304997904213,0.00642304997904213
"Ngongotaha",2022-04-18,2022,42,0.0011209,0.00112027226063991,0.00112027226063991
"Ngongotaha",2022-04-25,2022,43,0.00843833,0.00840292631927468,0.00840292631927468
"Ngongotaha",2022-05-02,2022,44,0.039966552,0.0391885510976264,0.0391885510976264
"Ngongotaha",2022-05-09,2022,45,0.010118324,0.0100674764666003,0.0100674764666003
"Ngongotaha",2022-05-16,2022,46,0.008487,0.00845118789771342,0.00845118789771342
"Ngongotaha",2022-11-14,2023,20,0.0001896,0.000189582028191601,0.000189582028191601
"Ngongotaha",2022-11-21,2023,21,0.13531686,0.126911783778336,0.126911783778336
"Ngongotaha",2022-11-28,2023,22,0.27044412,0.239366540126832,0.239366540126832
"Ngongotaha",2022-12-05,2023,23,0.006325248,0.00630532757582283,0.00630532757582283
"Ngongotaha",2022-12-12,2023,24,0.004892172,0.00488024421260127,0.00488024421260127
"Ngongotaha",2022-12-19,2023,25,0.022757128,0.0225020472482079,0.0225020472482079
"Ngongotaha",2022-12-26,2023,26,0.015998706,0.0158720755334319,0.0158720755334319
"Ngongotaha",2023-01-02,2023,27,0.009240284,0.00919785375386779,0.00919785375386779
"Ngongotaha",2023-01-09,2023,28,0.002481862,0.0024787872668313,0.0024787872668313
"Ngongotaha",2023-01-16,2023,29,2.138562647,1.14376493938554,1.14376493938554
"Ngongotaha",2023-01-23,2023,30,0.246920009,0.220676517888203,0.220676517888203
"Ngongotaha",2023-01-30,2023,31,0.002908684,0.00290446196375886,0.00290446196375886
"Ngongotaha",2023-02-06,2023,32,0.042782264,0.0418923948773351,0.0418923948773351
"Ngongotaha",2023-02-13,2023,33,2.481746193,1.2475339475348,1.2475339475348
"Ngongotaha",2023-02-20,2023,34,12.849929958,2.62828017543644,2.62828017543644
"Ngongotaha",2023-02-27,2023,35,20.70507791,3.07754623824062,3.07754623824062
"Ngongotaha",2023-03-06,2023,36,58.03202382,4.07808007326595,4.07808007326595
"Ngongotaha",2023-03-13,2023,37,2.805928902,1.33656008819501,1.33656008819501
"Ngongotaha",2023-03-20,2023,38,17.190952769,2.90092436988289,2.90092436988289
"Ngongotaha",2023-03-27,2023,39,4.974233758,1.78745584825504,1.78745584825504
"Ngongotaha",2023-04-03,2023,40,1.62470297,0.964967735355444,0.964967735355444
"Ngongotaha",2023-04-10,2023,41,1.582020277,0.948572145608177,0.948572145608177
"Ngongotaha",2023-04-17,2023,42,0.007947204,0.00791579129332776,0.00791579129332776
"Ngongotaha",2023-04-24,2023,43,2.574278161,1.2737632427518,1.2737632427518
"Ngongotaha",2023-05-01,2023,44,0.005007787,0.00499528973972794,0.00499528973972794
"Ngongotaha",2023-05-08,2023,45,0.001142288,0.00114163608546473,0.00114163608546473
"Ngongotaha",2023-05-15,2023,46,0.015763692,0.0156407354896556,0.0156407354896556
"Ngongotaha",2023-05-22,2023,47,1.004697651,0.695493251881211,0.695493251881211
"Ngongotaha",2023-05-29,2023,48,0.04231381,0.0414430592196422,0.0414430592196422
"Ngongotaha",2023-10-30,2024,18,0.677808617,0.517488547309108,0.517488547309108
"Ngongotaha",2023-11-06,2024,19,0.141747118,0.132559648884471,0.132559648884471
"Ngongotaha",2023-11-13,2024,20,0.4715588955,0.386322312015489,0.386322312015489
"Ngongotaha",2023-11-20,2024,21,1.19572011450006,0.786510063111083,0.786510063111083
"Ngongotaha",2023-11-27,2024,22,0.242185353256,0.216872210102693,0.216872210102693
"Ngongotaha",2023-12-04,2024,23,0.038055801,0.0373495414876019,0.0373495414876019
"Ngongotaha",2023-12-11,2024,24,0.152486218,0.141921537465755,0.141921537465755
"Ngongotaha",2023-12-18,2024,25,0.771168624,0.571639568271519,0.571639568271519
"Ngongotaha",2023-12-25,2024,26,2.13825482033333,1.14366685570905,1.14366685570905
"Ngongotaha",2024-01-01,2024,27,3.50534101666667,1.50526358556869,1.50526358556869
"Ngongotaha",2024-01-08,2024,28,4.872427213,1.77026804292324,1.77026804292324
"Ngongotaha",2024-01-15,2024,29,0.507810917,0.410658875119432,0.410658875119432
"Ngongotaha",2024-01-22,2024,30,1.752759614,1.01260390451296,1.01260390451296
"Ngongotaha",2024-01-29,2024,31,0.161576994,0.149778559451493,0.149778559451493
"Ngongotaha",2024-02-05,2024,32,1.403632777,0.876981250013049,0.876981250013049
"Ngongotaha",2024-02-12,2024,33,4.332120399,1.67374898251914,1.67374898251914
"Ngongotaha",2024-02-19,2024,34,6.113658867,1.96201672002903,1.96201672002903
"Ngongotaha",2024-02-26,2024,35,23.140997742,3.18391154629828,3.18391154629828
"Ngongotaha",2024-03-04,2024,36,0.00195116,0.00194925895974801,0.00194925895974801
"Ngongotaha",2024-03-11,2024,37,0.942084607,0.663761935861419,0.663761935861419
"Ngongotaha",2024-03-18,2024,38,1.147312202,0.764216921459785,0.764216921459785
"Ngongotaha",2024-03-25,2024,39,2.515994411,1.25732239023122,1.25732239023122
"Ngongotaha",2024-04-01,2024,40,15.388547392,2.79658276112825,2.79658276112825
"Ngongotaha",2024-04-08,2024,41,8.678241543,2.26988022600554,2.26988022600554
"Ngongotaha",2024-04-15,2024,42,1.160374098,0.770281400218326,0.770281400218326
"Ngongotaha",2024-04-22,2024,43,0.083426748,0.0801289328791135,0.0801289328791135
"Ngongotaha",2024-04-29,2024,44,9.975304353,2.39564769005736,2.39564769005736
"Ngongotaha",2024-05-06,2024,45,1.936662961,1.07727388941766,1.07727388941766
"Ngongotaha",2024-05-13,2024,46,0.14966575,0.139471247953716,0.139471247953716
"Ngongotaha",2024-05-20,2024,47,0.109539762,0.103945300513113,0.103945300513113
"Ngongotaha",2024-05-27,2024,48,0.0008091,0.000808772855045096,0.000808772855045096
"Ngongotaha",2024-11-25,2025,22,1.430899986,0.888261553393468,0.888261553393468
"Ngongotaha",2024-12-02,2025,23,8.65134255756042,2.26709703080968,2.26709703080968
"Ngongotaha",2024-12-09,2025,24,0.35806894695,0.30606379879763,0.30606379879763
"Ngongotaha",2024-12-16,2025,25,0.326914355616667,0.282856213415489,0.282856213415489
"Ngongotaha",2024-12-23,2025,26,1.69459584461133,0.991248228221346,0.991248228221346
"Ngongotaha",2025-01-06,2025,27,7.31451003231459,2.11800218514978,2.11800218514978
"Ngongotaha",2025-01-13,2025,28,0.707619220553749,0.535100131725972,0.535100131725972
"Ngongotaha",2025-01-20,2025,29,0.047736536,0.046632157346776,0.046632157346776
"Ngongotaha",2025-01-27,2025,30,0.0539480732,0.0525431824918787,0.0525431824918787
"Ngongotaha",2025-02-03,2025,31,0.099430083428082,0.0947919395665765,0.0947919395665765
"Ngongotaha",2025-02-10,2025,32,0.02099939914281,0.0207819506836384,0.0207819506836384
"Ngongotaha",2025-02-17,2025,33,0.01362595,0.0135339515123831,0.0135339515123831
"Ngongotaha",2025-02-24,2025,34,0.006089582857064,0.00607111627862928,0.00607111627862928
"Ngongotaha",2025-03-03,2025,35,0.019315051571276,0.0191308836595576,0.0191308836595576
"Ngongotaha",2025-03-10,2025,36,0.002399768,0.00239689315516159,0.00239689315516159
"Ngongotaha",2025-03-17,2025,37,0.019737643,0.0195453814662102,0.0195453814662102
"Ngongotaha",2025-03-24,2025,38,0.038683915,0.037954445428441,0.037954445428441
"Ngongotaha",2025-03-31,2025,39,0.0209249675,0.0207090472558142,0.0207090472558142
"Ngongotaha",2025-04-07,2025,40,0.00316602,0.00316101871201794,0.00316101871201794
"Ngongotaha",2025-04-14,2025,41,0.046261632,0.0452234605614184,0.0452234605614184
"Ngongotaha",2025-04-21,2025,42,0,0,0
"Ngongotaha",2025-04-28,2025,43,0.026082412,0.0257480671095559,0.0257480671095559
"Ngongotaha",2025-05-05,2025,44,0.013669339,0.0135767563274903,0.0135767563274903
"Ngongotaha",2025-05-12,2025,45,0.061526279,0.0597077583314212,0.0597077583314212
"Ngongotaha",2025-05-19,2025,46,0.011696204,0.0116283321222435,0.0116283321222435
"Ngongotaha",2025-05-26,2025,47,0.003778338,0.00377121800982963,0.00377121800982963
"Ngongotaha",2025-11-17,2026,20,2.09199710497833,1.12881719443054,1.12881719443054
"Ngongotaha",2025-11-24,2026,21,16.3168662944236,2.85168095688134,2.85168095688134
"Ngongotaha",2025-12-01,2026,22,3.85352829124667,1.57970592319337,1.57970592319337
"Ngongotaha",2025-12-08,2026,23,5.26170119223667,1.8344519041414,1.8344519041414
"Ngongotaha",2025-12-15,2026,24,1.85974108428945,1.05073109076495,1.05073109076495
"Ngongotaha",2025-12-22,2026,25,0.947709380144723,0.66665400525317,0.66665400525317
"Ngongotaha",2025-12-29,2026,26,0.035677676,0.0350559718761944,0.0350559718761944
"Ngongotaha",2026-01-05,2026,27,1.57870268122639,0.947286435734782,0.947286435734782
"Ngongotaha",2026-01-12,2026,28,0.0369735,0.0363063744367802,0.0363063744367802
"Ngongotaha",2026-01-19,2026,29,1.6611845623125,0.978771347843856,0.978771347843856
"Ngongotaha",2026-01-26,2026,30,0.872258813874997,0.627145623774126,0.627145623774126
"Ngongotaha",2026-02-02,2026,31,0.653603211269027,0.502956671370127,0.502956671370127
"Ngongotaha",2026-02-09,2026,32,0.434947608663058,0.361128338902623,0.361128338902623
"Ngongotaha",2026-02-16,2026,33,0.216292006057088,0.195806891275912,0.195806891275912
"Ohau Channel",2015-01-05,2015,1,0.0112715,0.0112084499803785,0.0112084499803785
"Ohau Channel",2015-01-12,2015,2,0.00627668181818182,0.00625706549169375,0.00625706549169375
"Ohau Channel",2015-01-16,2015,3,0.0034225,0.00341665657582547,0.00341665657582547
"Ohau Channel",2015-01-26,2015,4,0.00124519230769231,0.00124441769870883,0.00124441769870883
"Ohau Channel",2015-01-29,2015,5,0.000592,0.000591824837127538,0.000591824837127538
"Ohau Channel",2015-02-09,2015,6,0.043734825,0.0428054581550813,0.0428054581550813
"Ohau Channel",2015-02-16,2015,7,1.052350623,0.718985781620476,0.718985781620476
"Ohau Channel",2015-02-23,2015,8,3.1821771078,1.43083195013362,1.43083195013362
"Ohau Channel",2015-02-26,2015,9,4.094959887,1.62825179363094,1.62825179363094
"Ohau Channel",2015-03-09,2015,10,7.59783436257143,2.15151035324226,2.15151035324226
"Ohau Channel",2015-03-12,2015,11,8.553163765,2.25687238392331,2.25687238392331
"Ohau Channel",2015-03-23,2015,12,2.42499657503571,1.23110047172412,1.23110047172412
"Ohau Channel",2015-03-26,2015,13,0.7536782505,0.561715439551997,0.561715439551997
"Ohau Channel",2015-04-06,2015,14,0.02182815,0.0215933269576698,0.0215933269576698
"Ohau Channel",2015-04-13,2015,15,0.021304,0.0210802421711582,0.0210802421711582
"Ohau Channel",2015-04-20,2015,16,0.041139222,0.0403155194033836,0.0403155194033836
"Ohau Channel",2015-04-27,2015,17,0.0192008,0.0190187907648101,0.0190187907648101
"Ohau Channel",2015-05-04,2015,18,0.031529053,0.0310422189105146,0.0310422189105146
"Ohau Channel",2015-05-07,2015,19,0.03681259,0.036151189674862,0.036151189674862
"Ohau Channel",2015-11-30,2016,22,1.486528659,0.910887624945768,0.910887624945768
"Ohau Channel",2015-12-07,2016,23,0.483267126,0.394247172356602,0.394247172356602
"Ohau Channel",2015-12-14,2016,24,0.065103445,0.0630719258998331,0.0630719258998331
"Ohau Channel",2015-12-21,2016,25,0.173431749,0.159932574413055,0.159932574413055
"Ohau Channel",2015-12-28,2016,26,0.281760053,0.248234174834063,0.248234174834063
"Ohau Channel",2016-01-04,2016,27,0.394751744,0.332716438146017,0.332716438146017
"Ohau Channel",2016-01-11,2016,28,0.168672354,0.155868364333638,0.155868364333638
"Ohau Channel",2016-01-18,2016,29,0.01932585,0.0191414774122051,0.0191414774122051
"Ohau Channel",2016-01-25,2016,30,0.020329625,0.0201257368553694,0.0201257368553694
"Ohau Channel",2016-02-01,2016,31,0.0935278906,0.0894090666164595,0.0894090666164595
"Ohau Channel",2016-02-08,2016,32,0.1667261562,0.154201669555831,0.154201669555831
"Ohau Channel",2016-02-15,2016,33,0.2399244218,0.215050427598119,0.215050427598119
"Ohau Channel",2016-02-22,2016,34,0.3131226874,0.272408031473264,0.272408031473264
"Ohau Channel",2016-02-29,2016,35,0.386320953,0.32665344178109,0.32665344178109
"Ohau Channel",2016-03-07,2016,36,0.154538658,0.143700833877194,0.143700833877194
"Ohau Channel",2016-03-14,2016,37,0.417827992,0.349126117508097,0.349126117508097
"Ohau Channel",2016-03-21,2016,38,0.681117326,0.5194586473508,0.5194586473508
"Ohau Channel",2016-03-28,2016,39,0.000396,0.000395921612693566,0.000395921612693566
"Ohau Channel",2016-04-03,2016,40,8.607755768,2.26257066480431,2.26257066480431
"Ohau Channel",2016-04-10,2016,41,0.003487,0.0034809345116489,0.0034809345116489
"Ohau Channel",2016-04-17,2016,42,0.01212135,0.0120484747437101,0.0120484747437101
"Ohau Channel",2016-04-25,2016,43,0.0413931,0.0405593360285334,0.0405593360285334
"Ohau Channel",2016-05-01,2016,44,0.072017975,0.0695428302319141,0.0695428302319141
"Ohau Channel",2016-05-08,2016,45,0.110603072,0.104903175893937,0.104903175893937
"Ohau Channel",2016-05-14,2016,46,0.104292275,0.0992046546647905,0.0992046546647905
"Ohau Channel",2016-05-22,2016,47,0.400585062,0.336890050753302,0.336890050753302
"Ohau Channel",2016-11-21,2017,21,0.043752888,0.042822764125208,0.042822764125208
"Ohau Channel",2016-11-28,2017,22,0.041814659,0.0409640570688934,0.0409640570688934
"Ohau Channel",2016-12-05,2017,23,0.0946301445,0.0904165386322382,0.0904165386322382
"Ohau Channel",2016-12-12,2017,24,0.14744563,0.137538280566419,0.137538280566419
"Ohau Channel",2016-12-19,2017,25,0.037168586,0.0364944869117085,0.0364944869117085
"Ohau Channel",2016-12-26,2017,26,0.056516729,0.0549773923073439,0.0549773923073439
"Ohau Channel",2017-01-02,2017,27,0.075864872,0.073124870210184,0.073124870210184
"Ohau Channel",2017-01-09,2017,28,0.095213015,0.0909488785957065,0.0909488785957065
"Ohau Channel",2017-01-16,2017,29,0.3981032,0.335116460829565,0.335116460829565
"Ohau Channel",2017-01-23,2017,30,0.008846738,0.00880783488877578,0.00880783488877578
"Ohau Channel",2017-01-30,2017,31,0.0120721112,0.0119998244531588,0.0119998244531588
"Ohau Channel",2017-02-06,2017,32,0.0152974844,0.0151816576306477,0.0151816576306477
"Ohau Channel",2017-02-12,2017,33,0.01806209,0.0179009084098398,0.0179009084098398
"Ohau Channel",2017-02-19,2017,34,0.190632119,0.174484358527652,0.174484358527652
"Ohau Channel",2017-02-27,2017,35,0.122010984818182,0.115122597443115,0.115122597443115
"Ohau Channel",2017-03-06,2017,36,0.0619674924090909,0.0601233125669746,0.0601233125669746
"Ohau Channel",2017-03-13,2017,37,0.001924,0.00192215148265182,0.00192215148265182
"Ohau Channel",2017-03-20,2017,38,0.012839,0.0127572787753997,0.0127572787753997
"Ohau Channel",2017-03-27,2017,39,0.007474,0.00744620805409589,0.00744620805409589
"Ohau Channel",2017-04-02,2017,40,0.2091821,0.189944180637945,0.189944180637945
"Ohau Channel",2017-04-10,2017,41,0.034447,0.0338669844115737,0.0338669844115737
"Ohau Channel",2017-04-17,2017,42,0.010343954,0.0102908213945356,0.0102908213945356
"Ohau Channel",2017-04-24,2017,43,0.007622,0.0075930993190938,0.0075930993190938
"Ohau Channel",2017-05-01,2017,44,0.006475,0.00645412723979853,0.00645412723979853
"Ohau Channel",2017-05-08,2017,45,0.009148331,0.00910673849550748,0.00910673849550748
"Ohau Channel",2017-05-15,2017,46,0.0041877,0.00417895598738937,0.00417895598738937
"Ohau Channel",2017-11-27,2018,22,0.0481993,0.0470737395742195,0.0470737395742195
"Ohau Channel",2017-12-04,2018,23,0.003589,0.00358257490801437,0.00358257490801437
"Ohau Channel",2017-12-11,2018,24,0.0046676,0.0046567405337718,0.0046567405337718
"Ohau Channel",2017-12-18,2018,25,0.0057462,0.00572975356570363,0.00572975356570363
"Ohau Channel",2017-12-25,2018,26,0.0035496,0.00354331503826241,0.00354331503826241
"Ohau Channel",2018-01-01,2018,27,0.0036128,0.00360628951409046,0.00360628951409046
"Ohau Channel",2018-01-08,2018,28,0.003676,0.00366926002438363,0.00366926002438363
"Ohau Channel",2018-01-15,2018,29,0.00442463,0.00441487010337896,0.00441487010337896
"Ohau Channel",2018-01-22,2018,30,0.000836,0.000835650746636986,0.000835650746636986
"Ohau Channel",2018-01-29,2018,31,0.000671,0.000670774980153252,0.000670774980153252
"Ohau Channel",2018-02-05,2018,32,0.000506,0.000505872025168357,0.000505872025168357
"Ohau Channel",2018-02-12,2018,33,0.00089595,0.000895548876372013,0.000895548876372013
"Ohau Channel",2018-02-19,2018,34,0.0012859,0.00128507393867401,0.00128507393867401
"Ohau Channel",2018-02-26,2018,35,0.0001817,0.000181683494554329,0.000181683494554329
"Ohau Channel",2018-03-05,2018,36,0.0002528,0.00025276805146428,0.00025276805146428
"Ohau Channel",2018-03-12,2018,37,0.0060385,0.00602034132298884,0.00602034132298884
"Ohau Channel",2018-03-19,2018,38,0.001073,0.0010724247469609,0.0010724247469609
"Ohau Channel",2018-03-26,2018,39,0.164600845,0.152378405991631,0.152378405991631
"Ohau Channel",2018-04-02,2018,40,0.007437,0.0074094818661857,0.0074094818661857
"Ohau Channel",2018-04-09,2018,41,0.003848,0.00384061538593434,0.00384061538593434
"Ohau Channel",2018-04-16,2018,42,0.012987,0.012903392015395,0.012903392015395
"Ohau Channel",2018-04-23,2018,43,0.004773,0.0047616453516566,0.0047616453516566
"Ohau Channel",2018-04-30,2018,44,0.003478,0.00347196574537738,0.00347196574537738
"Ohau Channel",2018-05-07,2018,45,0.005957,0.00593932722524898,0.00593932722524898
"Ohau Channel",2018-05-14,2018,46,0.000777,0.000776698291774745,0.000776698291774745
"Ohau Channel",2018-05-21,2018,47,0.00481,0.00479846891157344,0.00479846891157344
"Ohau Channel",2018-05-28,2018,48,0.000962,0.000961537574545096,0.000961537574545096
"Ohau Channel",2018-11-26,2019,22,0.0035154,0.00350923542449474,0.00350923542449474
"Ohau Channel",2018-12-03,2019,23,0.0049788,0.00496644676118322,0.00496644676118322
"Ohau Channel",2018-12-10,2019,24,0.006808,0.00678493021487625,0.00678493021487625
"Ohau Channel",2018-12-17,2019,25,0.001517,0.00151585051786276,0.00151585051786276
"Ohau Channel",2018-12-24,2019,26,0.00305453333333333,0.00304987772445683,0.00304987772445683
"Ohau Channel",2019-01-07,2019,27,0.0061296,0.00611089041783061,0.00611089041783061
"Ohau Channel",2019-01-14,2019,28,0.021628944,0.0213983573630392,0.0213983573630392
"Ohau Channel",2019-01-21,2019,29,0.0186699351111111,0.0184977911825004,0.0184977911825004
"Ohau Channel",2019-01-23,2019,30,0.017824504,0.0176675103396538,0.0176675103396538
"Ohau Channel",2019-01-30,2019,31,0.00460512,0.00459454887666301,0.00459454887666301
"Ohau Channel",2019-02-05,2019,32,0.0435268,0.042606130003596,0.042606130003596
"Ohau Channel",2019-02-14,2019,33,0.002669,0.00266544454443552,0.00266544454443552
"Ohau Channel",2019-02-21,2019,34,0.001813,0.0018113584992278,0.0018113584992278
"Ohau Channel",2019-02-28,2019,35,0.0020004,0.00199840186419018,0.00199840186419018
"Ohau Channel",2019-03-07,2019,36,0.003781,0.00377386998623662,0.00377386998623662
"Ohau Channel",2019-03-15,2019,37,0.001332,0.00133111367496933,0.00133111367496933
"Ohau Channel",2019-03-21,2019,38,0.001961,0.00195907974949768,0.00195907974949768
"Ohau Channel",2019-03-29,2019,39,0.004575428,0.00456499254830644,0.00456499254830644
"Ohau Channel",2019-04-04,2019,40,0.000748332,0.00074805213921937,0.00074805213921937
"Ohau Channel",2019-04-11,2019,41,0.001369,0.00136806377386498,0.00136806377386498
"Ohau Channel",2019-04-18,2019,42,0.001957176,0.00195526322640227,0.00195526322640227
"Ohau Channel",2019-04-26,2019,43,0.001266408,0.00126560678176355,0.00126560678176355
"Ohau Channel",2019-05-02,2019,44,0.002405,0.00240211261601236,0.00240211261601236
"Ohau Channel",2019-05-10,2019,45,0.000999,0.00099850133158553,0.00099850133158553
"Ohau Channel",2019-05-20,2019,46,0.0029146,0.00291036078849303,0.00291036078849303
"Ohau Channel",2019-05-23,2019,47,0.00348928,0.0034832065863343,0.0034832065863343
"Ohau Channel",2019-11-12,2020,21,0,0,0
"Ohau Channel",2019-11-20,2020,22,0.287511696,0.252711437786337,0.252711437786337
"Ohau Channel",2019-11-26,2020,23,0.008880648,0.00884144696168362,0.00884144696168362
"Ohau Channel",2019-12-09,2020,24,0.00238626771428571,0.0023834250987466,0.0023834250987466
"Ohau Channel",2019-12-10,2020,25,0.0018867,0.00188492241704766,0.00188492241704766
"Ohau Channel",2019-12-23,2020,26,0.00841022903703704,0.00837506010905391,0.00837506010905391
"Ohau Channel",2019-12-30,2020,27,0.0119228985185185,0.0118523807282135,0.0118523807282135
"Ohau Channel",2020-01-06,2020,28,0.015435568,0.0153176514778445,0.0153176514778445
"Ohau Channel",2020-01-13,2020,29,0.00826619288888889,0.00823221503303967,0.00823221503303967
"Ohau Channel",2020-01-15,2020,30,0.0062178,0.00619854923862515,0.00619854923862515
"Ohau Channel",2020-01-27,2020,31,0.132122018571429,0.124093764229485,0.124093764229485
"Ohau Channel",2020-01-29,2020,32,0.153106055,0.1424592188435,0.1424592188435
"Ohau Channel",2020-02-10,2020,33,0.0017089,0.00170744149178837,0.00170744149178837
"Ohau Channel",2020-02-17,2020,34,0.0362180498888889,0.035577594556708,0.035577594556708
"Ohau Channel",2020-02-19,2020,35,0.046077807,0.0450477481535303,0.0450477481535303
"Ohau Channel",2020-02-27,2020,36,0.0033238,0.00331828838640403,0.00331828838640403
"Ohau Channel",2020-03-09,2020,37,0.093150474,0.0890638703499599,0.0890638703499599
"Ohau Channel",2020-03-16,2020,38,0.042282293,0.041412821227777,0.041412821227777
"Ohau Channel",2020-03-19,2020,39,0.020481644,0.0202747158448432,0.0202747158448432
"Ohau Channel",2020-03-26,2020,40,0.047453826,0.0463622916516648,0.0463622916516648
"Ohau Channel",2020-04-02,2020,41,0.012502035,0.0124245298730806,0.0124245298730806
"Ohau Channel",2020-04-09,2020,42,0.030890356,0.0304228521438612,0.0304228521438612
"Ohau Channel",2020-04-20,2020,43,0.02722908,0.0268649635216874,0.0268649635216874
"Ohau Channel",2020-04-27,2020,44,2.052566943,1.11598285731098,1.11598285731098
"Ohau Channel",2020-05-04,2020,45,0.041593868,0.0407521053580645,0.0407521053580645
"Ohau Channel",2020-05-11,2020,46,0.347561058,0.298296334833824,0.298296334833824
"Ohau Channel",2020-05-18,2020,47,0.000345384,0.000345324368676347,0.000345324368676347
"Ohau Channel",2020-05-25,2020,48,0.059082146,0.0574026330160178,0.0574026330160178
"Ohau Channel",2020-06-01,2020,49,0.0458837051111111,0.0448621788796004,0.0448621788796004
"Ohau Channel",2020-06-03,2020,50,0.042112722,0.041250115983182,0.041250115983182
"Ohau Channel",2020-06-10,2020,51,0.831684672,0.605236129166458,0.605236129166458
"Ohau Channel",2020-06-18,2020,52,0,0,0
"Ohau Channel",2020-10-22,2021,17,100.2602699,4.61769413195397,4.61769413195397
"Ohau Channel",2020-11-02,2021,18,47.7631949159048,3.88697582576235,3.88697582576235
"Ohau Channel",2020-11-09,2021,19,14.3559653805714,2.73150402267986,2.73150402267986
"Ohau Channel",2020-11-12,2021,20,0.038581294,0.037855641482138,0.037855641482138
"Ohau Channel",2020-11-23,2021,21,0.891045817,0.637130018362179,0.637130018362179
"Ohau Channel",2020-11-30,2021,22,0.052276178,0.0509556064774056,0.0509556064774056
"Ohau Channel",2020-12-07,2021,23,0.018708664,0.0185358095350152,0.0185358095350152
"Ohau Channel",2020-12-14,2021,24,0.0035382861,0.00353204109248408,0.00353204109248408
"Ohau Channel",2020-12-21,2021,25,0.013362572,0.0132740802811219,0.0132740802811219
"Ohau Channel",2020-12-28,2021,26,0.006736786,0.00671419525976143,0.00671419525976143
"Ohau Channel",2021-01-04,2021,27,0.000111,0.000110993839955839,0.000110993839955839
"Ohau Channel",2021-01-11,2021,28,0.037867076,0.0371677187401281,0.0371677187401281
"Ohau Channel",2021-01-18,2021,29,0.010173868,0.0101224625723071,0.0101224625723071
"Ohau Channel",2021-01-25,2021,30,0.004068144,0.00405989147626303,0.00405989147626303
"Ohau Channel",2021-02-01,2021,31,0.018537532,0.0183678062757738,0.0183678062757738
"Ohau Channel",2021-02-08,2021,32,0.007010044,0.00698558786741829,0.00698558786741829
"Ohau Channel",2021-02-15,2021,33,0.0008808,0.000880412323307053,0.000880412323307053
"Ohau Channel",2021-02-22,2021,34,0.002294,0.00229137279909877,0.00229137279909877
"Ohau Channel",2021-03-01,2021,35,0.002146,0.0021437006310429,0.0021437006310429
"Ohau Channel",2021-03-08,2021,36,0.136059057,0.127565305743468,0.127565305743468
"Ohau Channel",2021-03-15,2021,37,0.000667727,0.000667504169514506,0.000667504169514506
"Ohau Channel",2021-03-22,2021,38,0,0,0
"Ohau Channel",2021-03-29,2021,39,0.001360329,0.00135940459074473,0.00135940459074473
"Ohau Channel",2021-04-05,2021,40,0.0009009,0.000900494433160166,0.000900494433160166
"Ohau Channel",2021-04-12,2021,41,0.004415688,0.00440596745450245,0.00440596745450245
"Ohau Channel",2021-04-19,2021,42,0.001054625,0.00105406927374224,0.00105406927374224
"Ohau Channel",2021-04-26,2021,43,0.007948727,0.00791730228402582,0.00791730228402582
"Ohau Channel",2021-05-03,2021,44,0.036292023,0.0356489796004867,0.0356489796004867
"Ohau Channel",2021-05-10,2021,45,0.403349667,0.338861998150845,0.338861998150845
"Ohau Channel",2021-05-17,2021,46,0.025189376,0.0248773525980561,0.0248773525980561
"Ohau Channel",2021-05-24,2021,47,0.00333185,0.00332631168626621,0.00332631168626621
"Ohau Channel",2021-05-31,2021,48,0.002470135,0.00246708923114996,0.00246708923114996
"Ohau Channel",2021-06-07,2021,49,0.00160842,0.00160712787788295,0.00160712787788295
"Ohau Channel",2021-06-14,2021,50,0.000746705,0.000746426354523507,0.000746426354523507
"Ohau Channel",2021-06-21,2021,51,0.004056266,0.00404806153192194,0.00404806153192194
"Ohau Channel",2021-06-28,2021,52,0.007365827,0.00733883177668232,0.00733883177668232
"Ohau Channel",2021-07-05,2022,1,0.0036829135,0.00367614817971404,0.00367614817971404
"Ohau Channel",2021-07-12,2022,2,0,0,0
"Ohau Channel",2021-07-19,2022,3,0.003712878,0.00370600228235698,0.00370600228235698
"Ohau Channel",2021-07-26,2022,4,0.007425756,0.00739832080822616,0.00739832080822616
"Ohau Channel",2021-08-02,2022,5,0.011138634,0.011077056255676,0.011077056255676
"Ohau Channel",2021-08-09,2022,6,0.014851512,0.0147423081957397,0.0147423081957397
"Ohau Channel",2021-08-16,2022,7,0.0140886872,0.0139903640662441,0.0139903640662441
"Ohau Channel",2021-08-23,2022,8,0.0133258624,0.0132378540912637,0.0132378540912637
"Ohau Channel",2021-08-30,2022,9,0.0125630376,0.0124847774185485,0.0124847774185485
"Ohau Channel",2021-09-06,2022,10,0.0118002128,0.0117311331939213,0.0117311331939213
"Ohau Channel",2021-09-13,2022,11,0.011037388,0.0109769205612724,0.0109769205612724
"Ohau Channel",2021-09-20,2022,12,0.0097932835,0.00974564010346567,0.00974564010346567
"Ohau Channel",2021-09-27,2022,13,0.008549179,0.008512841724915,0.008512841724915
"Ohau Channel",2021-10-04,2022,14,0.0073050745,0.00727852167841944,0.00727852167841944
"Ohau Channel",2021-10-11,2022,15,0.00606097,0.00604267620288514,0.00604267620288514
"Ohau Channel",2021-10-18,2022,16,0.01542078,0.0153030881631967,0.0153030881631967
"Ohau Channel",2021-10-25,2022,17,0.02478059,0.0244785311399876,0.0244785311399876
"Ohau Channel",2021-11-01,2022,18,0.0341404,0.0335705502340812,0.0335705502340812
"Ohau Channel",2021-11-08,2022,19,0.0864074,0.0828762892865782,0.0828762892865782
"Ohau Channel",2021-11-15,2022,20,1.822629044,1.03766873574856,1.03766873574856
"Ohau Channel",2021-11-22,2022,21,1.334424836,0.847765537866184,0.847765537866184
"Ohau Channel",2021-11-29,2022,22,0.00181728,0.00181563074450452,0.00181563074450452
"Ohau Channel",2021-12-06,2022,23,0.004033,0.00402488925527571,0.00402488925527571
"Ohau Channel",2021-12-13,2022,24,0.002233676,0.00223118505438418,0.00223118505438418
"Ohau Channel",2021-12-20,2022,25,0.006787455,0.00676452393123105,0.00676452393123105
"Ohau Channel",2021-12-27,2022,26,0.00475907833333333,0.00474778972146587,0.00474778972146587
"Ohau Channel",2022-01-03,2022,27,0.00273070166666667,0.00272698007436988,0.00272698007436988
"Ohau Channel",2022-01-10,2022,28,0.000702325,0.000702078485212767,0.000702078485212767
"Ohau Channel",2022-01-17,2022,29,0.003164563,0.00315956630929593,0.00315956630929593
"Ohau Channel",2022-01-24,2022,30,0.002251362,0.00224883148193557,0.00224883148193557
"Ohau Channel",2022-01-31,2022,31,0.0010559,0.00105534292970087,0.00105534292970087
"Ohau Channel",2022-02-07,2022,32,0.000432325,0.000432231574473012,0.000432231574473012
"Ohau Channel",2022-02-14,2022,33,0.0009945,0.000994005812494177,0.000994005812494177
"Ohau Channel",2022-02-21,2022,34,0.002146606,0.00214430533316891,0.00214430533316891
"Ohau Channel",2022-02-28,2022,35,1.868680425,1.0538521418093,1.0538521418093
"Ohau Channel",2022-03-07,2022,36,1.729969286,1.00429035858413,1.00429035858413
"Ohau Channel",2022-03-14,2022,37,0.129278548,0.121578975728934,0.121578975728934
"Ohau Channel",2022-03-21,2022,38,0.0010183381,0.00101781994549819,0.00101781994549819
"Ohau Channel",2022-03-28,2022,39,8.2725e-05,8.27215784758832e-05,8.27215784758832e-05
"Ohau Channel",2022-04-04,2022,40,0.026904368,0.026548808791798,0.026548808791798
"Ohau Channel",2022-04-11,2022,41,0.042505152,0.0416266166450349,0.0416266166450349
"Ohau Channel",2022-04-18,2022,42,0.011079756,0.0110188251562974,0.0110188251562974
"Ohau Channel",2022-04-25,2022,43,0.066911874,0.0647683765937817,0.0647683765937817
"Ohau Channel",2022-05-02,2022,44,0.01320326,0.0131168566688291,0.0131168566688291
"Ohau Channel",2022-05-09,2022,45,0.077673496,0.0748045472032663,0.0748045472032663
"Ohau Channel",2022-05-16,2022,46,0.009258,0.0092154073977236,0.0092154073977236
"Ohau Channel",2022-08-29,2023,9,9.27715032,2.32992301537259,2.32992301537259
"Ohau Channel",2022-09-05,2023,10,2.62927271,1.28903227283104,1.28903227283104
"Ohau Channel",2022-09-12,2023,11,5.317655954,1.84334824600638,1.84334824600638
"Ohau Channel",2022-09-19,2023,12,6.240942852,1.97975142609547,1.97975142609547
"Ohau Channel",2022-09-26,2023,13,1.570019495,0.943913484481471,0.943913484481471
"Ohau Channel",2022-10-03,2023,14,0.0012561582,0.00125536989337778,0.00125536989337778
"Ohau Channel",2022-10-10,2023,15,0.013988052,0.0138911220620955,0.0138911220620955
"Ohau Channel",2022-10-17,2023,16,0.0116970048,0.0116291236638939,0.0116291236638939
"Ohau Channel",2022-10-24,2023,17,0.0094059576,0.00936199702667884,0.00936199702667884
"Ohau Channel",2022-10-31,2023,18,0.0071149104,0.00708971884485906,0.00708971884485906
"Ohau Channel",2022-11-07,2023,19,0.0048238632,0.00481226565361096,0.00481226565361096
"Ohau Channel",2022-11-14,2023,20,0.002532816,0.00252961382742465,0.00252961382742465
"Ohau Channel",2022-11-21,2023,21,0.043322538,0.0424103688655657,0.0424103688655657
"Ohau Channel",2022-11-28,2023,22,0.08411226,0.080761458541005,0.080761458541005
"Ohau Channel",2022-12-05,2023,23,0.00169212,0.00169068997790486,0.00169068997790486
"Ohau Channel",2022-12-12,2023,24,0.052227244,0.0509091023952575,0.0509091023952575
"Ohau Channel",2022-12-19,2023,25,0.023570076,0.0232965908003619,0.0232965908003619
"Ohau Channel",2022-12-26,2023,26,0.0696480676666667,0.0673296856487359,0.0673296856487359
"Ohau Channel",2023-01-02,2023,27,0.115726059333333,0.109505367280083,0.109505367280083
"Ohau Channel",2023-01-09,2023,28,0.161804051,0.149974013400996,0.149974013400996
"Ohau Channel",2023-01-16,2023,29,1.227923308,0.801069899569538,0.801069899569538
"Ohau Channel",2023-01-23,2023,30,0.067186801,0.0650260282241787,0.0650260282241787
"Ohau Channel",2023-01-30,2023,31,0.063392355,0.06146413285782,0.06146413285782
"Ohau Channel",2023-02-06,2023,32,0.923655596,0.654227332062354,0.654227332062354
"Ohau Channel",2023-02-13,2023,33,0.271697938,0.240352966591649,0.240352966591649
"Ohau Channel",2023-02-20,2023,34,2.754900286,1.32306172987017,1.32306172987017
"Ohau Channel",2023-02-27,2023,35,8.039539577,2.20160824135923,2.20160824135923
"Ohau Channel",2023-03-06,2023,36,18.564458275,2.97371456680473,2.97371456680473
"Ohau Channel",2023-03-13,2023,37,33.712180744,3.54709065544262,3.54709065544262
"Ohau Channel",2023-03-20,2023,38,38.650045084,3.68009208512939,3.68009208512939
"Ohau Channel",2023-03-27,2023,39,294.483409098,5.68861269008552,5.68861269008552
"Ohau Channel",2023-04-03,2023,40,49.91509022,3.93015934759495,3.93015934759495
"Ohau Channel",2023-04-10,2023,41,9.309792621,2.33309418347158,2.33309418347158
"Ohau Channel",2023-04-17,2023,42,2.845020542,1.34677894546609,1.34677894546609
"Ohau Channel",2023-04-24,2023,43,4.718535901,1.74371281126437,1.74371281126437
"Ohau Channel",2023-05-01,2023,44,0.019284282,0.0191006966867949,0.0191006966867949
"Ohau Channel",2023-05-08,2023,45,0.021708156,0.0214758893571871,0.0214758893571871
"Ohau Channel",2023-05-15,2023,46,0.036810238,0.036148921181317,0.036148921181317
"Ohau Channel",2023-05-22,2023,47,0.010607934,0.0105520646265678,0.0105520646265678
"Ohau Channel",2023-05-29,2023,48,0.230172016,0.207154010012674,0.207154010012674
"Ohau Channel",2023-10-30,2024,18,0.10026396,0.0955501146540202,0.0955501146540202
"Ohau Channel",2023-11-06,2024,19,0.205699346,0.187059768717493,0.187059768717493
"Ohau Channel",2023-11-13,2024,20,0.29160952606,0.255889135269644,0.255889135269644
"Ohau Channel",2023-11-20,2024,21,0.093051805,0.0889736051434739,0.0889736051434739
"Ohau Channel",2023-11-27,2024,22,0.20152089506,0.183588166854654,0.183588166854654
"Ohau Channel",2023-12-04,2024,23,0.035997426,0.0353646592782202,0.0353646592782202
"Ohau Channel",2023-12-11,2024,24,0.257328102,0.22898891543697,0.22898891543697
"Ohau Channel",2023-12-18,2024,25,2.296544012,1.19287465061208,1.19287465061208
"Ohau Channel",2023-12-25,2024,26,2.06458180133333,1.11991111679455,1.11991111679455
"Ohau Channel",2024-01-01,2024,27,1.83261959066667,1.04120193391724,1.04120193391724
"Ohau Channel",2024-01-08,2024,28,1.60065738,0.955764251530718,0.955764251530718
"Ohau Channel",2024-01-15,2024,29,3.185494182,1.43162478107998,1.43162478107998
"Ohau Channel",2024-01-22,2024,30,1.785025383,1.02425698752084,1.02425698752084
"Ohau Channel",2024-01-29,2024,31,3.394997047,1.48046685923703,1.48046685923703
"Ohau Channel",2024-02-05,2024,32,8.211125014,2.22041199416457,2.22041199416457
"Ohau Channel",2024-02-12,2024,33,0.987049887,0.68665106994802,0.68665106994802
"Ohau Channel",2024-02-19,2024,34,6.202105874,1.97437346575734,1.97437346575734
"Ohau Channel",2024-02-26,2024,35,25.057195977,3.26029396717385,3.26029396717385
"Ohau Channel",2024-03-04,2024,36,21.820339929,3.1276522404229,3.1276522404229
"Ohau Channel",2024-03-11,2024,37,4.297920318,1.66731435072168,1.66731435072168
"Ohau Channel",2024-03-18,2024,38,0.02944883,0.0290235425107558,0.0290235425107558
"Ohau Channel",2024-03-25,2024,39,0.897447135,0.640509369556985,0.640509369556985
"Ohau Channel",2024-04-01,2024,40,24.3904652,3.23437371772282,3.23437371772282
"Ohau Channel",2024-04-08,2024,41,1.739844093,1.00790101841613,1.00790101841613
"Ohau Channel",2024-04-15,2024,42,1.587615425,0.950736766292201,0.950736766292201
"Ohau Channel",2024-04-22,2024,43,0.58812095,0.462551524911944,0.462551524911944
"Ohau Channel",2024-04-29,2024,44,31.599411545,3.48429423744287,3.48429423744287
"Ohau Channel",2024-05-06,2024,45,87.12193641,4.4787214963863,4.4787214963863
"Ohau Channel",2024-05-13,2024,46,22.766336743,3.16827015687458,3.16827015687458
"Ohau Channel",2024-05-20,2024,47,4.725731913,1.74497038633432,1.74497038633432
"Ohau Channel",2024-05-27,2024,48,0.008499528,0.00846361039020531,0.00846361039020531
"Ohau Channel",2024-11-25,2025,22,4.0950642955,1.62827228592774,1.62827228592774
"Ohau Channel",2024-12-02,2025,23,5.0372217312575,1.79794392785564,1.79794392785564
"Ohau Channel",2024-12-09,2025,24,13.6844380940967,2.68678829998229,2.68678829998229
"Ohau Channel",2024-12-16,2025,25,6.68136432798709,2.03879717825556,2.03879717825556
"Ohau Channel",2024-12-23,2025,26,2.29539375070688,1.19252566027078,1.19252566027078
"Ohau Channel",2025-01-06,2025,27,1.589609112975,0.951506942690357,0.951506942690357
"Ohau Channel",2025-01-13,2025,28,0.3656499272,0.311630452462459,0.311630452462459
"Ohau Channel",2025-01-20,2025,29,0.052984428,0.05162844481837,0.05162844481837
"Ohau Channel",2025-01-27,2025,30,0.0513848622,0.0501082115441882,0.0501082115441882
"Ohau Channel",2025-02-03,2025,31,0.03517502271408,0.0345705164924255,0.0345705164924255
"Ohau Channel",2025-02-10,2025,32,0.015320135,0.0152039667052707,0.0152039667052707
"Ohau Channel",2025-02-17,2025,33,0.00742376585713,0.007396345332789,0.007396345332789
"Ohau Channel",2025-02-24,2025,34,0.39300444156197,0.331462883279283,0.331462883279283
"Ohau Channel",2025-03-03,2025,35,0.0748155839203721,0.0721490970217546,0.0721490970217546
"Ohau Channel",2025-03-10,2025,36,0.044617316,0.0436506135627386,0.0436506135627386
"Ohau Channel",2025-03-17,2025,37,0.035209239,0.0346035695701134,0.0346035695701134
"Ohau Channel",2025-03-24,2025,38,0.014237733,0.0141373283800586,0.0141373283800586
"Ohau Channel",2025-03-31,2025,39,0.0083261405,0.0082916694008226,0.0082916694008226
"Ohau Channel",2025-04-07,2025,40,0.002414548,0.00241163766280233,0.00241163766280233
"Ohau Channel",2025-04-14,2025,41,0.036414701,0.0357673542829469,0.0357673542829469
"Ohau Channel",2025-04-21,2025,42,0.007483052,0.00745519286098403,0.00745519286098403
"Ohau Channel",2025-04-28,2025,43,0.0037343,0.00372734481155085,0.00372734481155085
"Ohau Channel",2025-05-05,2025,44,0.001322,0.00132112692738329,0.00132112692738329
"Ohau Channel",2025-05-12,2025,45,0.011916,0.0118455634676859,0.0118455634676859
"Ohau Channel",2025-05-19,2025,46,0.082520634,0.0792922421447117,0.0792922421447117
"Ohau Channel",2025-05-26,2025,47,0.034022952,0.0334569731319508,0.0334569731319508
"Ohau Channel",2025-11-17,2026,20,4.67582826998611,1.73621650337605,1.73621650337605
"Ohau Channel",2025-11-24,2026,21,6.01800375317057,1.94847881195292,1.94847881195292
"Ohau Channel",2025-12-01,2026,22,12.6040461152327,2.61036725696813,2.61036725696813
"Ohau Channel",2025-12-08,2026,23,10.7516576313653,2.46399430564984,2.46399430564984
"Ohau Channel",2025-12-15,2026,24,7.90934518373999,2.18710074649695,2.18710074649695
"Ohau Channel",2025-12-22,2026,25,4.87064579579317,1.76996464410776,1.76996464410776
"Ohau Channel",2025-12-29,2026,26,1.83194640784635,1.04096425186935,1.04096425186935
"Ohau Channel",2026-01-05,2026,27,0.697270717622221,0.529021500707663,0.529021500707663
"Ohau Channel",2026-01-12,2026,28,1.28838010438833,0.827844189259923,0.827844189259923
"Ohau Channel",2026-01-19,2026,29,0.285333180094444,0.251017968859055,0.251017968859055
"Ohau Channel",2026-01-26,2026,30,0.653833235133333,0.503095766326843,0.503095766326843
"Ohau Channel",2026-02-02,2026,31,0.470651704788889,0.385705639137095,0.385705639137095
"Ohau Channel",2026-02-09,2026,32,0.287470174444444,0.252679187807387,0.252679187807387
"Ohau Channel",2026-02-16,2026,33,0.1042886441,0.0992013666711575,0.0992013666711575
