"Date","Time","Site","Rep","FQ_ID","FQ_PH","FQ_chl","FQ_ratio","CF_PH","CF_chl","CF_ratio","temperature_C","DO_pct","turbidity","chl_RFU","maramataka","weather_description","water_description","Notes"
2025-01-20,"9:45","Hannah's Bay","1","A",0.1,6.7,0.01,"1749.2",7104.5,"0.24","21.3",102.3,"1.4","2.75","Korekore-piri-ki-ngā-Tangaroa","Overcast, fine spells.","Murky, slight wave action with wind.",NA
2025-01-20,"9:45","Hannah's Bay","2","A",0.1,8.91,0.01,"1953.3",7560.6,"0.25","21.3",102.3,"1.4","2.75","Korekore-piri-ki-ngā-Tangaroa","Overcast, fine spells.","Murky, slight wave action with wind.",NA
2025-01-20,"9:45","Hannah's Bay","3","A",0.1,8.57,0.01,"2092.5",6816.5,"0.3","21.3",102.3,"1.4","2.75","Korekore-piri-ki-ngā-Tangaroa","Overcast, fine spells.","Murky, slight wave action with wind.",NA
2025-01-20,"10:40","Te Pōhue","1","A",0.1,0.75,0.13,"120.9",630.67,"0.19","22.2",88.5,"0.45","0.31","Korekore-piri-ki-ngā-Tangaroa",NA,"Clear, little wave action",NA
2025-01-20,"10:40","Te Pōhue","2","A",0.1,0.35,0.28,"29.57",519.35,"0.05","22.2",88.5,"0.45","0.31","Korekore-piri-ki-ngā-Tangaroa",NA,"Clear, little wave action",NA
2025-01-20,"10:40","Te Pōhue","3","A",0.1,0.7,0.14,"0.69",602.74,"0.001","22.2",88.5,"0.45","0.31","Korekore-piri-ki-ngā-Tangaroa",NA,"Clear, little wave action",NA
2025-01-20,"10:53","Ohau Channel","1","A",0.1,2.77,0.03,"265.77",839.96,"0.31","20.2",80.6,"1.02","0.5","Korekore-piri-ki-ngā-Tangaroa",NA,"Clear, slight wave action",NA
2025-01-20,"10:53","Ohau Channel","2","A",0.1,2.22,0.04,"440.97",906.26,"0.48","20.2",80.6,"1.02","0.5","Korekore-piri-ki-ngā-Tangaroa",NA,"Clear, slight wave action",NA
2025-01-20,"10:53","Ohau Channel","3","A",0.1,1.68,0.05,"98.1",2255.6,"0.13","20.2",80.6,"1.02","0.5","Korekore-piri-ki-ngā-Tangaroa",NA,"Clear, slight wave action",NA
2025-01-20,"11:23","Hamurana (bridge)","1","A",0.1,2.03,0.04,"98.24",558.29,"0.17","19.1",146.3,"0.79","0.43","Korekore-piri-ki-ngā-Tangaroa",NA,"Murky, slight wave action with wind.",NA
2025-01-20,"11:23","Hamurana (bridge)","2","A",0.1,2.23,0.04,"239.72",1004.7,"0.23","19.1",146.3,"0.79","0.43","Korekore-piri-ki-ngā-Tangaroa",NA,"Murky, slight wave action with wind.",NA
2025-01-20,"11:23","Hamurana (bridge)","3","A",0.1,1.34,0.07,"170.98",1013.5,"0.16","19.1",146.3,"0.79","0.43","Korekore-piri-ki-ngā-Tangaroa",NA,"Murky, slight wave action with wind.",NA
2025-01-20,"11:39","Hamurana (West)","1","A",0.1,1.49,0.06,"109.91",509.35,"0.21","21.8",124.5,"0.6","0.28","Korekore-piri-ki-ngā-Tangaroa",NA,"Murky, slight wave action with wind.",NA
2025-01-20,"11:39","Hamurana (West)","2","A",0.1,2.13,0.04,"66.6",593.97,"0.11","21.8",124.5,"0.6","0.28","Korekore-piri-ki-ngā-Tangaroa",NA,"Murky, slight wave action with wind.",NA
2025-01-20,"11:39","Hamurana (West)","3","A",0.1,1.98,0.05,"92.02",699.59,"0.13","21.8",124.5,"0.6","0.28","Korekore-piri-ki-ngā-Tangaroa",NA,"Murky, slight wave action with wind.",NA
2025-01-20,"11:56","Awahou (Tarimano)","1","A",64,1.78,35.95,"72.12",315.75,"0.22","14.7",100.1,"0.81","0.07","Korekore-piri-ki-ngā-Tangaroa",NA,"Clear, little wave action",NA
2025-01-20,"11:56","Awahou (Tarimano)","2","A",17.04,0.94,NA,"92.71",215.45,"0.43","14.7",100.1,"0.81","0.07","Korekore-piri-ki-ngā-Tangaroa",NA,"Clear, little wave action",NA
2025-01-20,"11:56","Awahou (Tarimano)","3","A",0.1,2.27,0.04,"36.41",167.45,"0.21","14.7",100.1,"0.81","0.07","Korekore-piri-ki-ngā-Tangaroa",NA,"Clear, little wave action",NA
2025-01-20,"12:28","Ngongotaha","1","A",0.1,1.48,0.05,"425.34",1112.3,"0.2","19.5",109.8,"2.92","0.41","Korekore-piri-ki-ngā-Tangaroa",NA,"moderate wave action, murky water",NA
2025-01-20,"12:28","Ngongotaha","2","A",0.1,2.33,0.06,"388.05",1471.4,"0.43","19.5",109.8,"2.92","0.41","Korekore-piri-ki-ngā-Tangaroa",NA,"moderate wave action, murky water",NA
2025-01-20,"12:28","Ngongotaha","3","A",0.1,1.09,0.05,"561.02",1702.2,"0.33","19.5",109.8,"2.92","0.41","Korekore-piri-ki-ngā-Tangaroa",NA,"moderate wave action, murky water",NA
2025-01-20,"12:53","Lake Front","1","A",0.1,9.7,0.01,"1555.6",5695.8,"0.27","20.9",142.1,"3.95","0.77","Korekore-piri-ki-ngā-Tangaroa",NA,"moderate wave action, murky water",NA
2025-01-20,"12:53","Lake Front","2","A",0.1,7.93,0.01,"1572",5353.9,"0.2","20.9",142.1,"3.95","0.77","Korekore-piri-ki-ngā-Tangaroa",NA,"moderate wave action, murky water",NA
2025-01-20,"12:53","Lake Front","3","A",0.1,6.36,0.01,"1557",4443.2,"0.35","20.9",142.1,"3.95","0.77","Korekore-piri-ki-ngā-Tangaroa",NA,"moderate wave action, murky water",NA
2025-01-22,"10:27","Hannah's Bay","1","A",0.1,5.47,0.01,"891.47",9226.6,"0.09","20",99.9,"11.1","1.93","Tangaroa-ā-roto","Overcast/fine spells , Southeasterlies","Murky, slight wave action with wind.",NA
2025-01-22,"10:27","Hannah's Bay","2","A",0.1,7.68,0.01,"1021.2",8855,"0.11","20",99.9,"11.1","1.93","Tangaroa-ā-roto","Overcast/fine spells , Southeasterlies","Murky, slight wave action with wind.",NA
2025-01-22,"10:27","Hannah's Bay","3","A",0.1,11.28,0,"415.54",3046.7,"0.13","20",99.9,"11.1","1.93","Tangaroa-ā-roto","Overcast/fine spells , Southeasterlies","Murky, slight wave action with wind.",NA
2025-01-22,"10:57","Te Pōhue","1","A",0.1,1.14,0.08,"132.57",527.75,"0.25","20.1",91.8,"0.64","0.22","Tangaroa-ā-roto",NA,"Clear, little wave action",NA
2025-01-22,"10:57","Te Pōhue","2","A",0.1,0.95,1.1,"129.12",564.36,"0.1","20.1",91.8,"0.64","0.22","Tangaroa-ā-roto",NA,"Clear, little wave action",NA
2025-01-22,"10:57","Te Pōhue","3","A",0.1,0.9,0.11,"175.13",518.13,"0.11","20.1",91.8,"0.64","0.22","Tangaroa-ā-roto",NA,"Clear, little wave action",NA
2025-01-22,"11:14","Ohau Channel","1","A",0.1,3.4,0.02,"269.22",440.52,"0.61","19.9",91.2,"0.85","0.21","Tangaroa-ā-roto",NA,"Murky (due to swimmers stirring up sediment), slight wave action.",NA
2025-01-22,"11:14","Ohau Channel","2","A",0.1,1.68,0.05,"878.41",699.81,"1.35","19.9",91.2,"0.85","0.21","Tangaroa-ā-roto",NA,"Murky (due to swimmers stirring up sediment), slight wave action.",NA
2025-01-22,"11:14","Ohau Channel","3","A",0.1,3.65,0.02,"901.07",3871,"0.23","19.9",91.2,"0.85","0.21","Tangaroa-ā-roto",NA,"Murky (due to swimmers stirring up sediment), slight wave action.",NA
2025-01-22,"11:37","Hamurana (bridge)","1","A",54.6,4.54,12.03,"622.01",8021.2,"0.07","17.5",121.8,"4.35","4.53","Tangaroa-ā-roto",NA,"Murky, high wave action with wind",NA
2025-01-22,"11:37","Hamurana (bridge)","2","A",43.65,7.63,5.72,"554.96",3684.3,"0.15","17.5",121.8,"4.35","4.53","Tangaroa-ā-roto",NA,"Murky, high wave action with wind",NA
2025-01-22,"11:37","Hamurana (bridge)","3","A",28.78,5.67,5.07,"730.78",5433.2,"0.13","17.5",121.8,"4.35","4.53","Tangaroa-ā-roto",NA,"Murky, high wave action with wind",NA
2025-01-22,"11:54","Hamurana (West)","1","A",46,4.13,9.72,"372.92",1485.4,"0.25","19.2",103.8,"11.37","1","Tangaroa-ā-roto",NA,"Murky, high wave action with wind",NA
2025-01-22,"11:54","Hamurana (West)","2","A",17.82,3.95,4.51,"462.94",1700.9,"0.27","19.2",103.8,"11.37","1","Tangaroa-ā-roto",NA,"Murky, high wave action with wind",NA
2025-01-22,"11:54","Hamurana (West)","3","A",49.13,2.57,19.11,"393.58",1397.3,"0.28","19.2",103.8,"11.37","1","Tangaroa-ā-roto",NA,"Murky, high wave action with wind",NA
2025-01-22,"12:21","Ngongotaha","1","A",10.78,4.75,2.25,"455.34",1622.3,"0.28","18.7",111.3,"3.82","0.51","Tangaroa-ā-roto",NA,"moderate wave action, murky water",NA
2025-01-22,"12:21","Ngongotaha","2","A",0.1,3.75,0.02,"388.05",1471.4,"0.26","18.7",111.3,"3.82","0.51","Tangaroa-ā-roto",NA,"moderate wave action, murky water",NA
2025-01-22,"12:21","Ngongotaha","3","A",6.25,11.72,0.53,"581.07",1712.2,"0.33","18.7",111.3,"3.82","0.51","Tangaroa-ā-roto",NA,"moderate wave action, murky water",NA
2025-01-22,"12:40","Te Koutu","1","A",0.1,2.13,0.04,"585.15",2026.2,"0.28","20.8",109,"1.26","0.62","Tangaroa-ā-roto",NA,"moderate wave action, murky water",NA
2025-01-22,"12:40","Te Koutu","2","A",0.1,4,0.02,"320.07",1545.6,"0.2","20.8",109,"1.26","0.62","Tangaroa-ā-roto",NA,"moderate wave action, murky water",NA
2025-01-22,"12:40","Te Koutu","3","A",19.39,2.22,8.73,"407.25",2622.4,"0.15","20.8",109,"1.26","0.62","Tangaroa-ā-roto",NA,"moderate wave action, murky water",NA
2025-01-22,"13:05","Lake Front","1","A",46,0.75,61.33,"175.82",730.04,"0.24","23",102.8,"1.61","0.41","Tangaroa-ā-roto",NA,"moderate wave action, murky water",NA
2025-01-22,"13:05","Lake Front","2","A",0.1,1.83,0.05,"284.35",1061.5,"0.26","23",102.8,"1.61","0.41","Tangaroa-ā-roto",NA,"moderate wave action, murky water",NA
2025-01-22,"13:05","Lake Front","3","A",0.1,1.02,0.06,"180.66",922.18,"0.19","23",102.8,"1.61","0.41","Tangaroa-ā-roto",NA,"moderate wave action, murky water",NA
2025-01-24,"11:02","Hannah's Bay","1","A",0.1,1.18,0.05,"339.97",1262.1,"0.27","21.8",96.6,"1.14","1.01","Ōtane","Finespells, light winds","Murky, lake weed wash up, moderate wave action",NA
2025-01-24,"11:02","Hannah's Bay","2","A",0.1,3.45,0.02,"266.46",1699.1,"0.16","21.8",96.6,"1.14","1.01","Ōtane","Finespells, light winds","Murky, lake weed wash up, moderate wave action",NA
2025-01-24,"11:02","Hannah's Bay","3","A",0.1,4.29,0.02,"302.87",1677.3,"0.18","21.8",96.6,"1.14","1.01","Ōtane","Finespells, light winds","Murky, lake weed wash up, moderate wave action",NA
2025-01-24,"11:36","Te Pōhue","1","A",0.1,2.37,0.04,"162.07",1828.2,"0.09","21.5",96.5,"2.91","0.59","Ōtane",NA,"clear, flat",NA
2025-01-24,"11:36","Te Pōhue","2","A",0.1,3.5,0.02,"243.8",2102.1,"0.12","21.5",96.5,"2.91","0.59","Ōtane",NA,"clear, flat",NA
2025-01-24,"11:36","Te Pōhue","3","A",0.1,2.22,0.04,"192.33",1863.9,"0.1","21.5",96.5,"2.91","0.59","Ōtane",NA,"clear, flat",NA
2025-01-24,"11:51","Ohau Channel","1","A",0.1,4.24,0.02,"287.12",2264.3,"0.13","22.3",111,"3.04","0.65","Ōtane",NA,"Clear, flat.",NA
2025-01-24,"11:51","Ohau Channel","2","A",0.1,2.86,0.03,"512.33",2196.3,"0.23","22.3",111,"3.04","0.65","Ōtane",NA,"Clear, flat.",NA
2025-01-24,"11:51","Ohau Channel","3","A",20.95,3.85,5.44,"1950.5",2822.6,"0.51","22.3",111,"3.04","0.65","Ōtane",NA,"Clear, flat.",NA
2025-01-24,"12:27","Hamurana (bridge)","1","A",42.86,5.32,8.05,"515.79",2598.4,"8.05","23",138.6,"2.07","1.61","Ōtane",NA,"Murky, high wave action with wind",NA
2025-01-24,"12:27","Hamurana (bridge)","2","A",20.17,4.44,4.54,"473.95",2100.3,"4.54","23",138.6,"2.07","1.61","Ōtane",NA,"Murky, high wave action with wind",NA
2025-01-24,"12:27","Hamurana (bridge)","3","A",0.1,4.83,0.02,"427.91",3043.3,"0.02","23",138.6,"2.07","1.61","Ōtane",NA,"Murky, high wave action with wind",NA
2025-01-24,"12:44","Hamurana (West)","1","A",0.1,4.34,0.02,"808.36",2257.3,"0.35","24.2",118,"6.5","1.3","Ōtane",NA,"Murky, high wave action with wind",NA
2025-01-24,"12:44","Hamurana (West)","2","A",0.1,4.88,0.02,"662.11",2859.2,"0.23","24.2",118,"6.5","1.3","Ōtane",NA,"Murky, high wave action with wind",NA
2025-01-24,"12:44","Hamurana (West)","3","A",0.76,4.19,0.41,"547.36",2295.7,"0.23","24.2",118,"6.5","1.3","Ōtane",NA,"Murky, high wave action with wind",NA
2025-01-24,"13:06","Awahou (Tarimano)","1","A",0.1,0.11,0.11,"89.95",2295.7,"0.24","15.7",97.8,"1.04","0.13","Ōtane",NA,"Clear, slight wave action",NA
2025-01-24,"13:06","Awahou (Tarimano)","2","A",22.47,0.75,0.13,"56.3",371.6,"0.2","15.7",97.8,"1.04","0.13","Ōtane",NA,"Clear, slight wave action",NA
2025-01-24,"13:06","Awahou (Tarimano)","3","A",34.26,0.55,15.45,"113.99",274.76,"0.4","15.7",97.8,"1.04","0.13","Ōtane",NA,"Clear, slight wave action",NA
2025-01-24,"13:31","Ngongotaha","1","A",0.1,3.65,0.02,"133.26",960.34,"0.13","24.7",116.4,"1.43","0.58","Ōtane",NA,"Murky, slight wave action",NA
2025-01-24,"13:31","Ngongotaha","2","A",33.47,2.96,11.3,"217.06",1691.3,"0.12","24.7",116.4,"1.43","0.58","Ōtane",NA,"Murky, slight wave action",NA
2025-01-24,"13:31","Ngongotaha","3","A",34.26,1.59,21.54,"225.28",1196.7,"0.18","24.7",116.4,"1.43","0.58","Ōtane",NA,"Murky, slight wave action",NA
2025-01-24,"13:56","Te Koutu","1","A",46.78,2.47,18.93,"57.69",432.68,"0.13","25.3",129.2,"1.43","0.58","Ōtane",NA,"Murky, moderate wave action",NA
2025-01-24,"13:56","Te Koutu","2","A",20.95,0.85,24.95,"166.22",566.68,"0.29","25.3",129.2,"1.43","0.58","Ōtane",NA,"Murky, moderate wave action",NA
2025-01-24,"13:56","Te Koutu","3","A",28,0.85,32.94,"26.11",431.75,"0.06","25.3",129.2,"1.43","0.58","Ōtane",NA,"Murky, moderate wave action",NA
2025-01-24,"10:23","Lake Front","1","A",0.1,1.34,0.07,"63.9",641.13,"0.0997","22.2",96.5,"0.78","0.19","Ōtane",NA,"Murky, high wave action, lake weed build up on shore",NA
2025-01-24,"10:23","Lake Front","2","A",0.1,1.39,0.07,"92.02",839.12,"0.1097","22.2",96.5,"0.78","0.19","Ōtane",NA,"Murky, high wave action, lake weed build up on shore",NA
2025-01-24,"10:23","Lake Front","3","A",0.1,2.47,0.04,"143.56",811.19,"0.177","22.2",96.5,"0.78","0.19","Ōtane",NA,"Murky, high wave action, lake weed build up on shore",NA
2025-01-29,"9:40","Hannah's Bay","1","A",0.1,4.58,0.02,"598.2",2865.3,"0.22","21.6",97.4,"1.35","1","Tapikiora","Overcast, slight winds","Murky, lake weed build up on shore, moderate wave action",NA
2025-01-29,"9:40","Hannah's Bay","2","A",0.1,3.92,0.02,"395.58",3284.9,"0.12","21.6",97.4,"1.35","1","Tapikiora","Overcast, slight winds","Murky, lake weed build up on shore, moderate wave action",NA
2025-01-29,"9:40","Hannah's Bay","3","A",0.1,5.05,0.02,"4715.63",3199.3,"0.14","21.6",97.4,"1.35","1","Tapikiora","Overcast, slight winds","Murky, lake weed build up on shore, moderate wave action",NA
2025-01-29,"10:10","Te Pōhue","1","A",0.1,1.44,0.06,"239.72",1140,"0.21","21.5",96.5,"1.6","0.52","Tapikiora",NA,"Clear, slight wave action",NA
2025-01-29,"10:10","Te Pōhue","2","A",0.1,2.08,0.05,"395.58",992.65,"0.39","21.5",96.5,"1.6","0.52","Tapikiora",NA,"Clear, slight wave action",NA
2025-01-29,"10:10","Te Pōhue","3","A",0.1,1.29,0.05,"205.39",1043.1,"0.19","21.5",96.5,"1.6","0.52","Tapikiora",NA,"Clear, slight wave action",NA
2025-01-29,"10:10","Te Pōhue","1","B",0.1,1.7,0.05,NA,NA,NA,"21.5",96.5,"1.6","0.52","Tapikiora",NA,"Clear, slight wave action",NA
2025-01-29,"10:10","Te Pōhue","2","B",0.1,1.7,0.06,NA,NA,NA,"21.5",96.5,"1.6","0.52","Tapikiora",NA,"Clear, slight wave action",NA
2025-01-29,"10:10","Te Pōhue","3","B",0.1,1.29,0.07,NA,NA,NA,"21.5",96.5,"1.6","0.52","Tapikiora",NA,"Clear, slight wave action",NA
2025-01-29,"10:45","Ohau Channel","1","A",0.1,5.22,0.01,"365.39",1338,"0.27","20.6",92.2,"2.06","0.86","Tapikiora",NA,"Clear, moderate wave action",NA
2025-01-29,"10:45","Ohau Channel","2","A",0.1,1.73,0.05,"410.02",2077.6,"0.19","20.6",92.2,"2.06","0.86","Tapikiora",NA,"Clear, moderate wave action",NA
2025-01-29,"10:45","Ohau Channel","3","A",0.1,3.7,0.02,"599.44",2652.4,"0.22","20.6",92.2,"2.06","0.86","Tapikiora",NA,"Clear, moderate wave action",NA
2025-01-29,"10:45","Ohau Channel","1","B",0.1,8.98,0.01,NA,NA,NA,"20.6",92.2,"2.06","0.86","Tapikiora",NA,"Clear, moderate wave action",NA
2025-01-29,"10:45","Ohau Channel","2","B",0.1,2.98,0.03,NA,NA,NA,"20.6",92.2,"2.06","0.86","Tapikiora",NA,"Clear, moderate wave action",NA
2025-01-29,"10:45","Ohau Channel","3","B",0.1,5.85,0.02,NA,NA,NA,"20.6",92.2,"2.06","0.86","Tapikiora",NA,"Clear, moderate wave action",NA
2025-01-29,"11:05","Hamurana (East)","1","A",0.1,10.64,0,"1475.3",4139.7,"0.35","20.8",98.7,"4.02","2.39","Tapikiora",NA,"Murky, slight wave action, lake weed build up on shore",NA
2025-01-29,"11:05","Hamurana (East)","2","A",0.1,6.06,0.01,"1470.4",7478.6,"0.19","20.8",98.7,"4.02","2.39","Tapikiora",NA,"Murky, slight wave action, lake weed build up on shore",NA
2025-01-29,"11:05","Hamurana (East)","3","A",0.1,11.77,0,"1416.9",5196.8,"0.27","20.8",98.7,"4.02","2.39","Tapikiora",NA,"Murky, slight wave action, lake weed build up on shore",NA
2025-01-29,"11:05","Hamurana (East)","1","B",0.1,8.98,0.01,NA,NA,NA,"20.8",98.7,"4.02","2.39","Tapikiora",NA,"Murky, slight wave action, lake weed build up on shore",NA
2025-01-29,"11:05","Hamurana (East)","2","B",0.1,8.36,0.01,NA,NA,NA,"20.8",98.7,"4.02","2.39","Tapikiora",NA,"Murky, slight wave action, lake weed build up on shore",NA
2025-01-29,"11:05","Hamurana (East)","3","B",0.1,7.23,0.01,NA,NA,NA,"20.8",98.7,"4.02","2.39","Tapikiora",NA,"Murky, slight wave action, lake weed build up on shore",NA
2025-01-29,"11:30","Hamurana (bridge)","1","A",0.1,3.85,0.02,"331.74",2767.6,"0.11","20.4",104.9,"1.22","0.5","Tapikiora",NA,"Murky, high wave action, lake weed build up on shore (stinky!!!)",NA
2025-01-29,"11:30","Hamurana (bridge)","2","A",0.1,2.13,0.04,"465.01",4689.2,"0.09","20.4",104.9,"1.22","0.5","Tapikiora",NA,"Murky, high wave action, lake weed build up on shore (stinky!!!)",NA
2025-01-29,"11:30","Hamurana (bridge)","3","A",0.1,2.62,0.03,"484.21",2022.7,"0.23","20.4",104.9,"1.22","0.5","Tapikiora",NA,"Murky, high wave action, lake weed build up on shore (stinky!!!)",NA
2025-01-29,"11:30","Hamurana (bridge)","1","B",0.1,2.32,0.04,NA,NA,NA,"20.4",104.9,"1.22","0.5","Tapikiora",NA,"Murky, high wave action, lake weed build up on shore (stinky!!!)",NA
2025-01-29,"11:30","Hamurana (bridge)","2","B",0.1,2.01,0.04,NA,NA,NA,"20.4",104.9,"1.22","0.5","Tapikiora",NA,"Murky, high wave action, lake weed build up on shore (stinky!!!)",NA
2025-01-29,"11:30","Hamurana (bridge)","3","B",0.1,3.41,0.02,NA,NA,NA,"20.4",104.9,"1.22","0.5","Tapikiora",NA,"Murky, high wave action, lake weed build up on shore (stinky!!!)",NA
2025-01-29,"11:45","Hamurana (West)","1","A",0.1,0.85,0.11,"258.93",2158.8,"0.11","22.3",104.1,"0.59","0.44","Tapikiora",NA,"Murky, high wave action, lake weed build up on shore.",NA
2025-01-29,"11:45","Hamurana (West)","2","A",0.1,1.24,0.08,"170.36",937.64,"0.18","22.3",104.1,"0.59","0.44","Tapikiora",NA,"Murky, high wave action, lake weed build up on shore.",NA
2025-01-29,"11:45","Hamurana (West)","3","A",0.1,1.63,0.06,"280.9",1740.1,"0.16","22.3",104.1,"0.59","0.44","Tapikiora",NA,"Murky, high wave action, lake weed build up on shore.",NA
2025-01-29,"11:45","Hamurana (West)","1","B",0.1,1.62,0.06,NA,NA,NA,"22.3",104.1,"0.59","0.44","Tapikiora",NA,"Murky, high wave action, lake weed build up on shore.",NA
2025-01-29,"11:45","Hamurana (West)","2","B",0.1,2.51,0.03,NA,NA,NA,"22.3",104.1,"0.59","0.44","Tapikiora",NA,"Murky, high wave action, lake weed build up on shore.",NA
2025-01-29,"11:45","Hamurana (West)","3","B",0.1,2.4,0.04,NA,NA,NA,"22.3",104.1,"0.59","0.44","Tapikiora",NA,"Murky, high wave action, lake weed build up on shore.",NA
2025-01-29,"12:07","Awahou (Tarimano)","1","A",0.1,0.05,2,"0",0,"0","14.2",94.5,"1.12","0.06","Tapikiora",NA,"Clear, flat.",NA
2025-01-29,"12:07","Awahou (Tarimano)","2","A",0.1,0.05,2,"0",0,"0","14.2",94.5,"1.12","0.06","Tapikiora",NA,"Clear, flat.",NA
2025-01-29,"12:07","Awahou (Tarimano)","3","A",0.1,0,NA,"0",0,"0","14.2",94.5,"1.12","0.06","Tapikiora",NA,"Clear, flat.",NA
2025-01-29,"12:07","Awahou (Tarimano)","1","B",0.1,0.41,0.24,NA,NA,NA,"14.2",94.5,"1.12","0.06","Tapikiora",NA,"Clear, flat.",NA
2025-01-29,"12:07","Awahou (Tarimano)","2","B",0.1,0.37,0.27,NA,NA,NA,"14.2",94.5,"1.12","0.06","Tapikiora",NA,"Clear, flat.",NA
2025-01-29,"12:07","Awahou (Tarimano)","3","B",0.1,0.1,1,NA,NA,NA,"14.2",94.5,"1.12","0.06","Tapikiora",NA,"Clear, flat.",NA
2025-01-29,"12:30","Ngongotaha","1","A",0.1,2.13,0.04,"146.32",987.58,"0.16","20.8",111.2,"0.71","0.35","Tapikiora",NA,"Murky but slightly clear?, moderate wave action.",NA
2025-01-29,"12:30","Ngongotaha","2","A",0.1,1.14,0.08,"175.13",1524.7,"0.11","20.8",111.2,"0.71","0.35","Tapikiora",NA,"Murky but slightly clear?, moderate wave action.",NA
2025-01-29,"12:30","Ngongotaha","3","A",0.1,1,0.1,"159.31",1688.6,"0.09","20.8",111.2,"0.71","0.35","Tapikiora",NA,"Murky but slightly clear?, moderate wave action.",NA
2025-01-29,"12:30","Ngongotaha","1","B",0.1,1.66,0.06,NA,NA,NA,"20.8",111.2,"0.71","0.35","Tapikiora",NA,"Murky but slightly clear?, moderate wave action.",NA
2025-01-29,"12:30","Ngongotaha","2","B",0.1,1.54,0.06,NA,NA,NA,"20.8",111.2,"0.71","0.35","Tapikiora",NA,"Murky but slightly clear?, moderate wave action.",NA
2025-01-29,"12:30","Ngongotaha","3","B",0.1,1.66,0.06,NA,NA,NA,"20.8",111.2,"0.71","0.35","Tapikiora",NA,"Murky but slightly clear?, moderate wave action.",NA
2025-01-29,"13:00","Te Koutu","1","A",0.1,2.08,0.04,"122.97",1295.3,"0.09","22.7",117.7,"1.04","0.43","Tapikiora",NA,"Clear-ish, moderate wave action.",NA
2025-01-29,"13:00","Te Koutu","2","A",0.1,2.57,0.03,"197.79",1351,"0.14","22.7",117.7,"1.04","0.43","Tapikiora",NA,"Clear-ish, moderate wave action.",NA
2025-01-29,"13:00","Te Koutu","3","A",0.1,1.88,0.05,"217.06",1119.1,"0.19","22.7",117.7,"1.04","0.43","Tapikiora",NA,"Clear-ish, moderate wave action.",NA
2025-01-29,"13:00","Te Koutu","1","B",0.1,1.62,0.06,NA,NA,NA,"22.7",117.7,"1.04","0.43","Tapikiora",NA,"Clear-ish, moderate wave action.",NA
2025-01-29,"13:00","Te Koutu","2","B",0.1,1.93,0.05,NA,NA,NA,"22.7",117.7,"1.04","0.43","Tapikiora",NA,"Clear-ish, moderate wave action.",NA
2025-01-29,"13:00","Te Koutu","3","B",0.1,2.16,0.06,NA,NA,NA,"22.7",117.7,"1.04","0.43","Tapikiora",NA,"Clear-ish, moderate wave action.",NA
2025-01-29,"13:30","Lake Front","1","A",5.5,4.93,1.11,"257.25",1097.3,"0.22","21.2",115.8,"1.34","0.4","Tapikiora",NA,"Murky, moderate wave action, lake weed build up on shore",NA
2025-01-29,"13:30","Lake Front","2","A",0.1,2.03,0.04,"294.65",1255.1,"0.23","21.2",115.8,"1.34","0.4","Tapikiora",NA,"Murky, moderate wave action, lake weed build up on shore",NA
2025-01-29,"13:30","Lake Front","3","A",0.1,2.13,0.04,"204.7",983.87,"0.2","21.2",115.8,"1.34","0.4","Tapikiora",NA,"Murky, moderate wave action, lake weed build up on shore",NA
2025-01-29,"13:30","Lake Front","1","B",0.1,2.36,0.04,NA,NA,NA,"21.2",115.8,"1.34","0.4","Tapikiora",NA,"Murky, moderate wave action, lake weed build up on shore",NA
2025-01-29,"13:30","Lake Front","2","B",0.1,2.94,0.03,NA,NA,NA,"21.2",115.8,"1.34","0.4","Tapikiora",NA,"Murky, moderate wave action, lake weed build up on shore",NA
2025-01-29,"13:30","Lake Front","3","B",0.1,2.16,0.04,NA,NA,NA,"21.2",115.8,"1.34","0.4","Tapikiora",NA,"Murky, moderate wave action, lake weed build up on shore",NA
2025-01-31,"10:40","Hannah's Bay","1","A",0.1,7.09,0.01,"703.28",3743.6,"0.18","23.3",97.1,"0.98","2.31","Ōtirea","Moderately fine, slight winds","Murky, moderate wave action",NA
2025-01-31,"10:40","Hannah's Bay","2","A",0.1,7.49,0.07,"813.2",4579.3,"0.17","23.3",97.1,"0.98","2.31","Ōtirea","Moderately fine, slight winds","Murky, moderate wave action",NA
2025-01-31,"10:40","Hannah's Bay","3","A",0.1,6.31,0.01,"768.57",4096.9,"0.18","23.3",97.1,"0.98","2.31","Ōtirea","Moderately fine, slight winds","Murky, moderate wave action",NA
2025-01-31,"11:20","Te Pōhue","1","A",0.1,2.22,0.04,"270",1462.7,"0.18","23",102,"1.26","1.09","Ōtirea",NA,"Clear, flat",NA
2025-01-31,"11:20","Te Pōhue","2","A",0.1,2.37,0.03,"361.93",2034.9,"0.17","23",102,"1.26","1.09","Ōtirea",NA,"Clear, flat",NA
2025-01-31,"11:20","Te Pōhue","3","A",0.1,2.42,0.04,"318.69",1749.7,"0.18","23",102,"1.26","1.09","Ōtirea",NA,"Clear, flat",NA
2025-01-31,"11:47","Ohau Channel","1","A",0.1,22.2,0.04,"128.43",460.34,"0.13","22.5",103.3,"0.81","0.46","Ōtirea",NA,"Clear, slight wave action",NA
2025-01-31,"11:47","Ohau Channel","2","A",0.1,1.19,0.08,"297.41",1140.8,"0.26","22.5",103.3,"0.81","0.46","Ōtirea",NA,"Clear, slight wave action",NA
2025-01-31,"11:47","Ohau Channel","3","A",0.1,0.8,0.12,"102.31",935.03,"0.19","22.5",103.3,"0.81","0.46","Ōtirea",NA,"Clear, slight wave action",NA
2025-01-31,"12:13","Hamurana (bridge)","1","A",22.52,1.44,15.63,"229.43",2207.6,"0.1","22.7",97.2,"1.14","0.53","Ōtirea",NA,"Murky, moderate wave action, lake weed wash up on shore",NA
2025-01-31,"12:13","Hamurana (bridge)","2","A",0.03,2.62,0.03,"403.87",2596.7,"0.15","22.7",97.2,"1.14","0.53","Ōtirea",NA,"Murky, moderate wave action, lake weed wash up on shore",NA
2025-01-31,"12:13","Hamurana (bridge)","3","A",0.1,2.47,0.04,"249.33",1236,"0.2","22.7",97.2,"1.14","0.53","Ōtirea",NA,"Murky, moderate wave action, lake weed wash up on shore",NA
2025-01-31,"12:30","Hamurana (West)","1","A",0.1,2.27,0.04,"814.58",2879.3,"0.28","23.8",107.4,"0.57","0.81","Ōtirea",NA,"Murky, moderate wave action, dried up lake weed on shore",NA
2025-01-31,"12:30","Hamurana (West)","2","A",0.1,4.98,0.02,"264.46",2144.9,"0.12","23.8",107.4,"0.57","0.81","Ōtirea",NA,"Murky, moderate wave action, dried up lake weed on shore",NA
2025-01-31,"12:30","Hamurana (West)","3","A",0.1,1.54,0.06,"476.68",3353.7,"0.14","23.8",107.4,"0.57","0.81","Ōtirea",NA,"Murky, moderate wave action, dried up lake weed on shore",NA
2025-01-31,"12:50","Awahou (Tarimano)","1","A",29.56,1.39,21.56,"186.8",698.66,"0.26","15.6",99,"1.16","0.09","Ōtirea",NA,"clear, flat.",NA
2025-01-31,"12:50","Awahou (Tarimano)","2","A",0.1,1.14,0.08,"109.22",421.29,"0.25","15.6",99,"1.16","0.09","Ōtirea",NA,"clear, flat.",NA
2025-01-31,"12:50","Awahou (Tarimano)","3","A",0.1,1.39,0.07,"84.49",443.98,"0.19","15.6",99,"1.16","0.09","Ōtirea",NA,"clear, flat.",NA
2025-01-31,"13:10","Ngongotaha","1","A",0.1,4.98,0.02,"278.07",804.97,"0.28","23.2",112,"1.03","0.91","Ōtirea",NA,"Murky, slight wave action",NA
2025-01-31,"13:10","Ngongotaha","2","A",0.1,6.16,0.01,"800.83",4201.6,"0.19","23.2",112,"1.03","0.91","Ōtirea",NA,"Murky, slight wave action",NA
2025-01-31,"13:10","Ngongotaha","3","A",0.1,4.49,0.02,"1132.5",5348.6,"0.21","23.2",112,"1.03","0.91","Ōtirea",NA,"Murky, slight wave action",NA
2025-01-31,"13:50","Lake Front","1","A",0.1,2.22,0.04,"433.37",2097.7,"0.2","27.5",170.2,"3.24","2.76","Ōtirea",NA,"murky, moderate wave action, lake weed wash up",NA
2025-01-31,"13:50","Lake Front","2","A",0.1,2.27,0.04,"548.74",2422.2,"0.22","27.5",170.2,"3.24","2.76","Ōtirea",NA,"murky, moderate wave action, lake weed wash up",NA
2025-01-31,"13:50","Lake Front","3","A",0.1,2.81,0.03,"515.79",1911.1,"0.26","27.5",170.2,"3.24","2.76","Ōtirea",NA,"murky, moderate wave action, lake weed wash up",NA
2025-02-03,"10:30","Hannah's Bay","1","A",0.1,2.62,0.03,"164.15",1332.3,"0.21","22.1",93.4,"0.79","0.75","Okorotātea","Finespells, light winds","Moderate wave action, murky",NA
2025-02-03,"10:30","Hannah's Bay","2","A",0.1,2.72,0.03,"287.12",1301.4,"0.22","22.1",93.4,"0.79","0.75","Okorotātea","Finespells, light winds","Moderate wave action, murky",NA
2025-02-03,"10:30","Hannah's Bay","3","A",0.1,1.39,0.07,"291.57",1440.9,"0.2","22.1",93.4,"0.79","0.75","Okorotātea","Finespells, light winds","Moderate wave action, murky",NA
2025-02-03,"11:00","Te Pōhue","1","A",0.1,2.47,0.04,"315.23",1639,"0.19","22.9",96.4,"1.24","0.84","Okorotātea",NA,"Slight wave action, clear",NA
2025-02-03,"11:00","Te Pōhue","2","A",0.1,2.23,0.04,"397.65",2006.2,"0.19","22.9",96.4,"1.24","0.84","Okorotātea",NA,"Slight wave action, clear",NA
2025-02-03,"11:00","Te Pōhue","3","A",0.1,2.57,0.03,"413.47",1653.7,"0.25","22.9",96.4,"1.24","0.84","Okorotātea",NA,"Slight wave action, clear",NA
2025-02-03,"11:30","Ohau Channel","1","A",3.25,3.06,1.06,"559.72",3088.6,"0.18","21.8",93.6,"0.76","0.82","Okorotātea",NA,"Slight wave action, clear",NA
2025-02-03,"11:30","Ohau Channel","2","A",0.1,2.37,0.04,"459.48",3831.8,"0.11","21.8",93.6,"0.76","0.82","Okorotātea",NA,"Slight wave action, clear",NA
2025-02-03,"11:30","Ohau Channel","3","A",0.1,1.83,0.05,"533.68",3193.3,"0.16","21.8",93.6,"0.76","0.82","Okorotātea",NA,"Slight wave action, clear",NA
2025-02-03,"12:00","Hamurana (East)","1","A",9.25,2.27,4.07,"571.4",2004.4,"0.28","23",98.8,"1.87","1.01","Okorotātea",NA,"Cloudy but can still see lake bed, flat.",NA
2025-02-03,"12:00","Hamurana (East)","2","A",14.69,1.96,7.41,"344.8",1645,"0.2","23",98.8,"1.87","1.01","Okorotātea",NA,"Cloudy but can still see lake bed, flat.",NA
2025-02-03,"12:00","Hamurana (East)","3","A",33.47,2.62,12.71,"602.35",2204.4,"0.27","23",98.8,"1.87","1.01","Okorotātea",NA,"Cloudy but can still see lake bed, flat.",NA
2025-02-03,"12:30","Hamurana (bridge)","1","A",26.43,2.98,8.92,"614.02",2566.1,"0.23","22.6",123.6,"2.68","1.28","Okorotātea",NA,"Murky, slight wave action",NA
2025-02-03,"12:30","Hamurana (bridge)","2","A",0.1,2.81,0.08,"607.12",3386.9,"0.17","22.6",123.6,"2.68","1.28","Okorotātea",NA,"Murky, slight wave action",NA
2025-02-03,"12:30","Hamurana (bridge)","3","A",1,2.37,0.42,"538.48",2395.1,"0.22","22.6",123.6,"2.68","1.28","Okorotātea",NA,"Murky, slight wave action",NA
2025-02-03,"12:57","Hamurana (West)","1","A",0.1,2.67,0.03,"755.51",3556.1,"0.21","24.2",112.1,"2.44","2.07","Okorotātea",NA,"Murky, slight wave action",NA
2025-02-03,"12:57","Hamurana (West)","2","A",0.1,3.6,0.02,"732.16",4301.9,"0.17","24.2",112.1,"2.44","2.07","Okorotātea",NA,"Murky, slight wave action",NA
2025-02-03,"12:57","Hamurana (West)","3","A",0.1,2.42,0.04,"894.23",4212.1,"0.21","24.2",112.1,"2.44","2.07","Okorotātea",NA,"Murky, slight wave action",NA
2025-02-03,"13:27","Awahou (Tarimano)","1","A",0.1,1.24,0.08,"114.68",224.14,"0.51","15",99,"0.28","0.05","Okorotātea",NA,"clear, slight wave action",NA
2025-02-03,"13:27","Awahou (Tarimano)","2","A",13.91,0.03,46.36,"129.12",188.37,"0.68","15",99,"0.28","0.05","Okorotātea",NA,"clear, slight wave action",NA
2025-02-03,"13:27","Awahou (Tarimano)","3","A",33.47,0.3,111.56,"97.55",164.83,"0.59","15",99,"0.28","0.05","Okorotātea",NA,"clear, slight wave action",NA
2025-02-03,"13:45","Ngongotaha","1","A",19.39,2.72,7.12,"212.23",1388.6,"0.15","23.6",122.1,"1.3","0.84","Okorotātea",NA,"Moderate wave action. murky-ish? (cloudy)",NA
2025-02-03,"13:45","Ngongotaha","2","A",0.1,2.27,0.04,"275.44",1433,"0.19","23.6",122.1,"1.3","0.84","Okorotātea",NA,"Moderate wave action. murky-ish? (cloudy)",NA
2025-02-03,"13:45","Ngongotaha","3","A",0.1,1.88,0.05,"299.48",1510.7,"0.19","23.6",122.1,"1.3","0.84","Okorotātea",NA,"Moderate wave action. murky-ish? (cloudy)",NA
2025-02-03,"14:10","Te Koutu","1","A",0.1,1.39,0.07,"250.02",250.02,"0.16","25.7",143.1,"0.72","0.49","Okorotātea",NA,"Moderate Wave action, clear to cloudy looking water?",NA
2025-02-03,"14:10","Te Koutu","2","A",0.1,1.63,0.05,"234.2",234.2,"0.21","25.7",143.1,"0.72","0.49","Okorotātea",NA,"Moderate Wave action, clear to cloudy looking water?",NA
2025-02-03,"14:10","Te Koutu","3","A",0.1,1.68,0.05,"267.15",267.15,"0.27","25.7",143.1,"0.72","0.49","Okorotātea",NA,"Moderate Wave action, clear to cloudy looking water?",NA
2025-02-03,"14:34","Lake Front","1","A",0.1,3.4,0.02,"427.91",2533,"0.16","28.6",146.6,"2.16","1.1","Okorotātea",NA,"Murky, moderate wave action, light winds.",NA
2025-02-03,"14:34","Lake Front","2","A",0.1,3.21,0.03,"456.72",2418.7,"0.18","28.6",146.6,"2.16","1.1","Okorotātea",NA,"Murky, moderate wave action, light winds.",NA
2025-02-03,"14:34","Lake Front","3","A",0.1,3.5,0.02,"418.24",2192.8,"0.19","28.6",146.6,"2.16","1.1","Okorotātea",NA,"Murky, moderate wave action, light winds.",NA
2025-02-05,"11:00","Hannah's Bay","1","A",0.1,4.93,0.02,"1233.5",7822.3,"0.15","23.8",101.1,"0.81","1.18","Tamateaangana","Partly cloudy, light winds","Flat, cloudy",NA
2025-02-05,"11:00","Hannah's Bay","2","A",0.1,5.62,0.01,"974.58",4202.4,"0.23","23.8",101.1,"0.81","1.18","Tamateaangana","Partly cloudy, light winds","Flat, cloudy",NA
2025-02-05,"11:00","Hannah's Bay","3","A",0.1,5.13,0.01,"918.96",3970.5,"0.23","23.8",101.1,"0.81","1.18","Tamateaangana","Partly cloudy, light winds","Flat, cloudy",NA
2025-02-05,"11:30","Te Pōhue","1","A",0.1,0.35,0.28,"125.66",1022.2,"0.12","24.5",94.9,"0.6","0.3","Tamateaangana","slight wind and wave action, clear.","Slight wave action, clear.",NA
2025-02-05,"11:30","Te Pōhue","2","A",0.1,1.14,0.08,"217.75",1072,"0.2","24.5",94.9,"0.6","0.3","Tamateaangana","slight wind and wave action, clear.","Slight wave action, clear.",NA
2025-02-05,"11:30","Te Pōhue","3","A",0.1,1.44,0.06,"228.74",1004.7,"0.22","24.5",94.9,"0.6","0.3","Tamateaangana","slight wind and wave action, clear.","Slight wave action, clear.",NA
2025-02-05,"11:57","Ohau Channel","1","A",20.17,3.6,5.6,"412.09",2982.2,"0.13","23",91.1,"1","0.96","Tamateaangana",NA,"flat, clear.",NA
2025-02-05,"11:57","Ohau Channel","2","A",1.75,1.88,0.93,"430.87",2648.1,"0.15","23",91.1,"1","0.96","Tamateaangana",NA,"flat, clear.",NA
2025-02-05,"11:57","Ohau Channel","3","A",7,3.85,1.81,"557.03",2739.7,"0.2","23",91.1,"1","0.96","Tamateaangana",NA,"flat, clear.",NA
2025-02-05,"12:15","Hamurana (East)","1","A",18.5,2.27,8.19,"365.3",5272.2,"0.14","23.8",107.3,"1.6","1.09","Tamateaangana",NA,"flar, clear",NA
2025-02-05,"12:15","Hamurana (East)","2","A",0.1,2.27,3.65,"589.98",3862.3,"0.15","23.8",107.3,"1.6","1.09","Tamateaangana",NA,"flar, clear",NA
2025-02-05,"12:15","Hamurana (East)","3","A",0.1,5.13,2.25,"710.88",2402.2,"0.29","23.8",107.3,"1.6","1.09","Tamateaangana",NA,"flar, clear",NA
2025-02-05,"12:30","Hamurana (bridge)","1","A",0.1,2.91,0.02,"586.53",3063.3,"0.19","23.3",107.4,"1.18","1.12","Tamateaangana",NA,"flat, cloudy",NA
2025-02-05,"12:30","Hamurana (bridge)","2","A",0.1,3.65,0.02,"378.45",2514.7,"0.15","23.3",107.4,"1.18","1.12","Tamateaangana",NA,"flat, cloudy",NA
2025-02-05,"12:30","Hamurana (bridge)","3","A",49.13,2.25,19.49,"682",5989.7,"0.11","23.3",107.4,"1.18","1.12","Tamateaangana",NA,"flat, cloudy",NA
2025-02-05,"12:50","Hamurana (West)","1","A",0.1,4.34,0.02,"385.98",2281.8,"0.16","25.7",105.4,"0.63","0.61","Tamateaangana",NA,"flat, cloudy",NA
2025-02-05,"12:50","Hamurana (West)","2","A",0.1,4.19,0.02,"372.92",2461.5,"0.15","25.7",105.4,"0.63","0.61","Tamateaangana",NA,"flat, cloudy",NA
2025-02-05,"12:50","Hamurana (West)","3","A",0.1,4.63,0.02,"441.59",2556.5,"0.17","25.7",105.4,"0.63","0.61","Tamateaangana",NA,"flat, cloudy",NA
2025-02-05,"13:05","Awahou (Tarimano)","1","A",4.75,0.85,5.58,"70.05",231.98,"0.3","15",98.5,"8.5","0.09","Tamateaangana",NA,"flat, clear",NA
2025-02-05,"13:05","Awahou (Tarimano)","2","A",37.39,0.75,49.85,"19.9",223.3,"0.08","15",98.5,"8.5","0.09","Tamateaangana",NA,"flat, clear",NA
2025-02-05,"13:05","Awahou (Tarimano)","3","A",31.91,0.8,39.88,"85.87",266.07,"0.34","15",98.5,"8.5","0.09","Tamateaangana",NA,"flat, clear",NA
2025-02-05,"13:30","Ngongotaha","1","A",0.1,2.37,0.04,"883.25",4206.8,"0.21","24.6",111.5,"0.91","1.03","Tamateaangana",NA,"Flat, clear.",NA
2025-02-05,"13:30","Ngongotaha","2","A",0.1,2.27,0.04,"486.98",3437.5,"0.14","24.6",111.5,"0.91","1.03","Tamateaangana",NA,"Flat, clear.",NA
2025-02-05,"13:30","Ngongotaha","3","A",0.1,3.01,0.03,"546.04",3055.4,"0.17","24.6",111.5,"0.91","1.03","Tamateaangana",NA,"Flat, clear.",NA
2025-02-05,"13:59","Te Koutu","1","A",13.91,0.9,15.45,"151.78",2172.7,"0.06","26.3",122.4,"0.61","0.22","Tamateaangana",NA,"Moderate wind and wave action, clear",NA
2025-02-05,"13:59","Te Koutu","2","A",0.1,1.04,0.09,"172.37",789.43,"0.21","26.3",122.4,"0.61","0.22","Tamateaangana",NA,"Moderate wind and wave action, clear",NA
2025-02-05,"13:59","Te Koutu","3","A",0.1,0.65,0.01,"35.03",697.82,"0.05","26.3",122.4,"0.61","0.22","Tamateaangana",NA,"Moderate wind and wave action, clear",NA
2025-02-05,"14:10","Lake Front","1","A",0.1,6.21,0.01,"3153.1",615.41,"0.19","27.4",152.1,"2.11","0.66","Tamateaangana",NA,"Murky, moderate wind and wave action.",NA
2025-02-05,"14:10","Lake Front","2","A",0.1,6.16,0.01,"583.77",4203.3,"0.13","27.4",152.1,"2.11","0.66","Tamateaangana",NA,"Murky, moderate wind and wave action.",NA
2025-02-05,"14:10","Lake Front","3","A",0.1,6.01,0.01,"626.39",4130.9,"0.15","27.4",152.1,"2.11","0.66","Tamateaangana",NA,"Murky, moderate wind and wave action.",NA
2025-02-07,"10:50","Hannah's Bay","1","A",0.1,6.4,0.01,"9.5",4105.6,"0.17","24.1",97.2,"1.21","1.99","Tamateawhakapau","Partly cloudy, northerlies.","Murky, moderate wave action",NA
2025-02-07,"10:50","Hannah's Bay","2","A",0.1,4.54,0.02,"329.67",2765.8,"0.11","24.1",97.2,"1.21","1.99","Tamateawhakapau","Partly cloudy, northerlies.","Murky, moderate wave action",NA
2025-02-07,"10:50","Hannah's Bay","3","A",0.1,2.42,0.01,"408.64",3334,"0.12","24.1",97.2,"1.21","1.99","Tamateawhakapau","Partly cloudy, northerlies.","Murky, moderate wave action",NA
2025-02-07,"11:27","Te Pōhue","1","A",0.1,1,0.1,"169.76",2028.8,"0.08","24",100.1,"0.51","0.44","Tamateawhakapau",NA,"clear, light wind and wave action",NA
2025-02-07,"11:27","Te Pōhue","2","A",0.1,1.09,0.09,"427.91",2840.9,"0.15","24",100.1,"0.51","0.44","Tamateawhakapau",NA,"clear, light wind and wave action",NA
2025-02-07,"11:27","Te Pōhue","3","A",0.1,2.42,0.04,"241.73",1181,"0.2","24",100.1,"0.51","0.44","Tamateawhakapau",NA,"clear, light wind and wave action",NA
2025-02-07,"11:55","Ohau Channel","1","A",20.95,3.56,5.9,"680.62",4002.62,"0.17","22.1",101.3,"1.11","1","Tamateawhakapau",NA,"clear, flat.",NA
2025-02-07,"11:55","Ohau Channel","2","A",0.1,1.93,0.05,"892.16",6200.8,"0.14","22.1",101.3,"1.11","1","Tamateawhakapau",NA,"clear, flat.",NA
2025-02-07,"11:55","Ohau Channel","3","A",0.1,2.57,0.03,"479.38",2711.7,"0.17","22.1",101.3,"1.11","1","Tamateawhakapau",NA,"clear, flat.",NA
2025-02-07,"12:13","Hamurana (East)","1","A",24.08,5.06,4.72,"1210.1",5236.9,"0.23","21.9",107.8,"2.24","2.84","Tamateawhakapau",NA,"flat, slightly cloudy",NA
2025-02-07,"12:13","Hamurana (East)","2","A",10.76,4.24,2.54,"817.96",5529.2,"0.14","21.9",107.8,"2.24","2.84","Tamateawhakapau",NA,"flat, slightly cloudy",NA
2025-02-07,"12:13","Hamurana (East)","3","A",0.1,10.39,0,"1181.3",5154.9,"0.22","21.9",107.8,"2.24","2.84","Tamateawhakapau",NA,"flat, slightly cloudy",NA
2025-02-07,"12:30","Hamurana (bridge)","1","A",0.08,4.39,13.68,"576.93",3100,"0.18","19.8",142.4,"1.57","1.4","Tamateawhakapau",NA,"flat, murky",NA
2025-02-07,"12:30","Hamurana (bridge)","2","A",31.13,3.6,8.64,"719.79",3491.6,"0.2","19.8",142.4,"1.57","1.4","Tamateawhakapau",NA,"flat, murky",NA
2025-02-07,"12:30","Hamurana (bridge)","3","A",24.86,5.68,5.31,"575.54",2791.1,"0.2","19.8",142.4,"1.57","1.4","Tamateawhakapau",NA,"flat, murky",NA
2025-02-07,"12:51","Hamurana (West)","1","A",9.26,2.52,3.67,"427.22",1850.9,"0.23","24.3",117.3,"0.63","0.83","Tamateawhakapau",NA,"slight wave action, murky",NA
2025-02-07,"12:51","Hamurana (West)","2","A",0.1,1.93,0.05,"270.6",1430.4,"0.18","24.3",117.3,"0.63","0.83","Tamateawhakapau",NA,"slight wave action, murky",NA
2025-02-07,"12:51","Hamurana (West)","3","A",0.1,1.88,0.05,"456.72",2257.3,"0.2","24.3",117.3,"0.63","0.83","Tamateawhakapau",NA,"slight wave action, murky",NA
2025-02-07,"13:10","Awahou (Tarimano)","1","A",36.6,1.14,32.1,"46.7",229.37,"0.2","14",96.3,"0.35","0.08","Tamateawhakapau",NA,"flat, clear",NA
2025-02-07,"13:10","Awahou (Tarimano)","2","A",25.66,0.75,34.2,"0",0,"0","14",96.3,"0.35","0.08","Tamateawhakapau",NA,"flat, clear",NA
2025-02-07,"13:10","Awahou (Tarimano)","3","A",34.26,0.7,48.94,"29.57",160.54,"0.18","14",96.3,"0.35","0.08","Tamateawhakapau",NA,"flat, clear",NA
2025-02-07,"13:30","Ngongotaha","1","A",7,2.91,0.4,"536.18",3381.6,"0.16","23.4",122.5,"1.32","1.01","Tamateawhakapau",NA,"Moderate wind and wave action, slightly murky",NA
2025-02-07,"13:30","Ngongotaha","2","A",0.1,2.72,0.08,"700.52",13323,"0.05","23.4",122.5,"1.32","1.01","Tamateawhakapau",NA,"Moderate wind and wave action, slightly murky",NA
2025-02-07,"13:30","Ngongotaha","3","A",0.1,3.9,0.02,"592.06",2854,"0.2","23.4",122.5,"1.32","1.01","Tamateawhakapau",NA,"Moderate wind and wave action, slightly murky",NA
2025-02-07,"13:56","Te Koutu","1","A",7,1.39,0.03,"160.69",2341.1,"0.06","26.8",129.3,"0.64","0.42","Tamateawhakapau",NA,"moderate wave action, moderate winds, slightly murky",NA
2025-02-07,"13:56","Te Koutu","2","A",0.1,1.63,0.05,"236.96",906.26,"0.26","26.8",129.3,"0.64","0.42","Tamateawhakapau",NA,"moderate wave action, moderate winds, slightly murky",NA
2025-02-07,"13:56","Te Koutu","3","A",0.1,2.03,0.04,"83.8",697.82,"0.12","26.8",129.3,"0.64","0.42","Tamateawhakapau",NA,"moderate wave action, moderate winds, slightly murky",NA
2025-02-07,"14:12","Lake Front","1","A",0.1,4.29,0.02,"510.33",2723.1,"0.18","27.6",173.3,"2.53","0.59","Tamateawhakapau",NA,"moderate wind and wave action, very murky",NA
2025-02-07,"14:12","Lake Front","2","A",0.1,4.78,0.02,"605.8",4113.4,"0.14","27.6",173.3,"2.53","0.59","Tamateawhakapau",NA,"moderate wind and wave action, very murky",NA
2025-02-07,"14:12","Lake Front","3","A",0.1,4.39,0.02,"459.2",2606.2,"0.19","27.6",173.3,"2.53","0.59","Tamateawhakapau",NA,"moderate wind and wave action, very murky",NA
2025-02-10,"10:37","Hannah's Bay","1","A",0.1,9.7,0.01,"2067",2608.8,"0.07","23.2",86.6,"1.43","1.24","Atuahaehae","Overcast, slight rains, light wind","Moderate wave action, murky",NA
2025-02-10,"10:37","Hannah's Bay","2","A",0.1,7.29,0.01,"266.46",3487.2,"0.07","23.2",86.6,"1.43","1.24","Atuahaehae","Overcast, slight rains, light wind","Moderate wave action, murky",NA
2025-02-10,"10:37","Hannah's Bay","3","A",0.1,5.13,0.01,"348.88",3130.5,"0.11","23.2",86.6,"1.43","1.24","Atuahaehae","Overcast, slight rains, light wind","Moderate wave action, murky",NA
2025-02-10,"11:15","Te Pōhue","1","A",0.1,0.65,0.15,"219.76",1311.8,"0.16","24.4",92.4,"1.11","0.54","Atuahaehae",NA,"flat, clear",NA
2025-02-10,"11:15","Te Pōhue","2","A",0.1,1.24,0.08,"118.13",498.05,"0.23","24.4",92.4,"1.11","0.54","Atuahaehae",NA,"flat, clear",NA
2025-02-10,"11:15","Te Pōhue","3","A",0.1,0.5,0.2,"68.67",814.65,"0.08","24.4",92.4,"1.11","0.54","Atuahaehae",NA,"flat, clear",NA
2025-02-10,"11:40","Ohau Channel","1","A",0.1,2.62,0.03,"804.97",2540.8,"0.31","22",96.5,"1.05","1.09","Atuahaehae",NA,"clear, flat",NA
2025-02-10,"11:40","Ohau Channel","2","A",0.1,3.01,0.03,"666.87",1726.1,"0.38","22",96.5,"1.05","1.09","Atuahaehae",NA,"clear, flat",NA
2025-02-10,"11:40","Ohau Channel","3","A",0.1,10.88,0,"983.49",5585.8,"0.17","22",96.5,"1.05","1.09","Atuahaehae",NA,"clear, flat",NA
2025-02-10,"12:00","Hamurana (East)","1","A",0.1,2.03,0.04,"599.59",3207.2,"0.18","22.3",104,"1.22","0.68","Atuahaehae",NA,"light wave action, murky",NA
2025-02-10,"12:00","Hamurana (East)","2","A",5.5,2.72,2.02,"1092.7",6243.8,"0.17","22.3",104,"1.22","0.68","Atuahaehae",NA,"light wave action, murky",NA
2025-02-10,"12:00","Hamurana (East)","3","A",0.1,3.05,0.03,"410.71",4041.1,"0.1","22.3",104,"1.22","0.68","Atuahaehae",NA,"light wave action, murky",NA
2025-02-10,"12:25","Hamurana (bridge)","1","A",1.75,4.78,0.36,"910.05",4008.8,"0.22","18.6",120.9,"2.87","1.61","Atuahaehae",NA,"cloudy, slight wave action",NA
2025-02-10,"12:25","Hamurana (bridge)","2","A",5.5,5.47,1,"1074.8",3596.2,"0.29","18.6",120.9,"2.87","1.61","Atuahaehae",NA,"cloudy, slight wave action",NA
2025-02-10,"12:25","Hamurana (bridge)","3","A",0.1,5.42,0.01,"921.04",4643,"0.19","18.6",120.9,"2.87","1.61","Atuahaehae",NA,"cloudy, slight wave action",NA
2025-02-10,"12:40","Hamurana (West)","1","A",0.1,2.57,0.03,"538.45",1884.9,"0.28","24.2",123.4,"0.65","1.05","Atuahaehae",NA,"flat, slightly cloudy",NA
2025-02-10,"12:40","Hamurana (West)","2","A",0.1,2.62,0.03,"554.96",2700.4,"0.2","24.2",123.4,"0.65","1.05","Atuahaehae",NA,"flat, slightly cloudy",NA
2025-02-10,"12:40","Hamurana (West)","3","A",0.1,2.96,0.03,"493.82",2457.1,"0.2","24.2",123.4,"0.65","1.05","Atuahaehae",NA,"flat, slightly cloudy",NA
2025-02-10,"13:03","Awahou (Tarimano)","1","A",28.78,0.55,52.32,"81.73",279.15,"0.29","14.9",102.3,"1.37","0.07","Atuahaehae",NA,"flat, clear",NA
2025-02-10,"13:03","Awahou (Tarimano)","2","A",36.6,0.6,51,"63.21",170.06,"0.37","14.9",102.3,"1.37","0.07","Atuahaehae",NA,"flat, clear",NA
2025-02-10,"13:03","Awahou (Tarimano)","3","A",54.6,0.7,78,"72.12",196.31,"0.36","14.9",102.3,"1.37","0.07","Atuahaehae",NA,"flat, clear",NA
2025-02-10,"13:29","Ngongotaha","1","A",7.75,1.93,4.01,"372.23",1171.4,"0.31","23.2",120.1,"1.08","0.55","Atuahaehae",NA,"moderate wind and wave action, slighly murky",NA
2025-02-10,"13:29","Ngongotaha","2","A",0.1,1.83,0.05,"241.11",1161.5,"0.2","23.2",120.1,"1.08","0.55","Atuahaehae",NA,"moderate wind and wave action, slighly murky",NA
2025-02-10,"13:29","Ngongotaha","3","A",0.1,1.93,0.05,"233.51",1422.6,"0.16","23.2",120.1,"1.08","0.55","Atuahaehae",NA,"moderate wind and wave action, slighly murky",NA
2025-02-10,"13:52","Te Koutu","1","A",7,3.55,1.97,"402.49",3969.5,"0.1","24.7",116.7,"1.11","0.81","Atuahaehae",NA,"moderate wave action, slightly murky.",NA
2025-02-10,"13:52","Te Koutu","2","A",0.1,4.39,0.02,"261.69",3119.1,"0.08","24.7",116.7,"1.11","0.81","Atuahaehae",NA,"moderate wave action, slightly murky.",NA
2025-02-10,"13:52","Te Koutu","3","A",0.1,7.54,0.01,"237.65",3361.7,"0.07","24.7",116.7,"1.11","0.81","Atuahaehae",NA,"moderate wave action, slightly murky.",NA
2025-02-10,"14:10","Lake Front","1","A",0.1,9.4,0.01,"885.32",5728,"0.15","26.1",194.5,"6.8","0.65","Atuahaehae",NA,NA,NA
2025-02-10,"14:10","Lake Front","2","A",0.1,8.96,0.01,"932.71",4514.7,"0.2","26.1",194.5,"6.8","0.65","Atuahaehae",NA,NA,NA
2025-02-10,"14:10","Lake Front","3","A",0.1,8.32,0.01,"917.58",5753.3,"0.15","26.1",194.5,"6.8","0.65","Atuahaehae",NA,NA,NA
2025-02-12,"10:40","Hannah's Bay","1","A",0.1,1.04,0.09,"406.56",1880.6,"0.21","22.1",102.4,"0.98","0.8","Ōturuturu","Clear skies, slight winds","Slight ripples, hazy but can still see bottom",NA
2025-02-12,"10:40","Hannah's Bay","2","A",0.1,2.81,0.03,"288.5",1995.6,"0.14","22.1",102.4,"0.98","0.8","Ōturuturu","Clear skies, slight winds","Slight ripples, hazy but can still see bottom",NA
2025-02-12,"10:40","Hannah's Bay","3","A",0.1,3.4,0.02,"291.88",1162.7,"0.25","22.1",102.4,"0.98","0.8","Ōturuturu","Clear skies, slight winds","Slight ripples, hazy but can still see bottom",NA
2025-02-12,"11:25","Te Pōhue","1","A",0.1,1.98,0.05,"78.27",405.6,"0.19","21.3",99.4,"0.68","0.18","Ōturuturu",NA,"Moderate wave action, clear",NA
2025-02-12,"11:25","Te Pōhue","2","A",0.1,0.9,0.11,"183.35",483.2,"0.37","21.3",99.4,"0.68","0.18","Ōturuturu",NA,"Moderate wave action, clear",NA
2025-02-12,"11:25","Te Pōhue","3","A",0.1,0.6,0.12,"133.26",732.12,"0.18","21.3",99.4,"0.68","0.18","Ōturuturu",NA,"Moderate wave action, clear",NA
2025-02-12,"11:40","Ohau Channel","1","A",0.1,1,0.1,"78.96",836.5,"0.09","21.2",88.6,"0.7","0.31","Ōturuturu",NA,"high wave action, clear",NA
2025-02-12,"11:40","Ohau Channel","2","A",0.1,2.08,0.04,"199.17",896.65,"0.22","21.2",88.6,"0.7","0.31","Ōturuturu",NA,"high wave action, clear",NA
2025-02-12,"11:40","Ohau Channel","3","A",0.1,0.8,0.12,"162.07",1483.7,"0.1","21.2",88.6,"0.7","0.31","Ōturuturu",NA,"high wave action, clear",NA
2025-02-12,"12:01","Hamurana (East)","1","A",0.1,1.39,0.07,"278.13",1968.6,"0.14","19.9",104.8,"2.25","0.52","Ōturuturu",NA,"high wave action, murky",NA
2025-02-12,"12:01","Hamurana (East)","2","A",0.1,2.32,0.04,"256.86",1249.1,"0.2","19.9",104.8,"2.25","0.52","Ōturuturu",NA,"high wave action, murky",NA
2025-02-12,"12:01","Hamurana (East)","3","A",0.1,1.95,0.05,"204.7",1211.5,"0.16","19.9",104.8,"2.25","0.52","Ōturuturu",NA,"high wave action, murky",NA
2025-02-12,"12.26","Hamurana (bridge)","1","A",0.1,5.27,0.01,"773.77",3297,"0.23","19",134,"5.52","0.79","Ōturuturu",NA,"high wave action, murky",NA
2025-02-12,"12.26","Hamurana (bridge)","2","A",0.1,6.31,0.01,"1076.8",4631.6,"0.23","19",134,"5.52","0.79","Ōturuturu",NA,"high wave action, murky",NA
2025-02-12,"12.26","Hamurana (bridge)","3","A",0.1,5.47,0.01,"949.15",4699.7,"0.2","19",134,"5.52","0.79","Ōturuturu",NA,"high wave action, murky",NA
2025-02-12,"12.39","Hamurana (West)","1","A",5.5,4.24,1.29,"515.79",2437.9,"0.21","21.9",118.5,"7.85","1.43","Ōturuturu",NA,"moderate wave action, murky",NA
2025-02-12,"12.39","Hamurana (West)","2","A",0.1,3.6,0.02,"469.08",2679.5,"0.17","21.9",118.5,"7.85","1.43","Ōturuturu",NA,"moderate wave action, murky",NA
2025-02-12,"12.39","Hamurana (West)","3","A",28.78,4.14,0.95,"539.83",2543.5,"0.21","21.9",118.5,"7.85","1.43","Ōturuturu",NA,"moderate wave action, murky",NA
2025-02-12,"12.55","Awahou (Tarimano)","1","A",0.1,0.85,0.11,"61.83",197.15,"0.31","14.2",110,"1.07","0.05","Ōturuturu",NA,"flat, clear",NA
2025-02-12,"12.55","Awahou (Tarimano)","2","A",0.1,0.75,0.13,"0",0,"0","14.2",110,"1.07","0.05","Ōturuturu",NA,"flat, clear",NA
2025-02-12,"12.55","Awahou (Tarimano)","3","A",0.1,0.6,0.16,"7.53",285.22,"0.02","14.2",110,"1.07","0.05","Ōturuturu",NA,"flat, clear",NA
2025-02-12,"13:14","Ngongotaha","1","A",25.65,1.98,12.95,"239.03",1811.6,"0.13","22.9",114.3,"1.45","0.99","Ōturuturu",NA,"Moderate wave action, hazy",NA
2025-02-12,"13:14","Ngongotaha","2","A",15.47,1.83,8.45,"347.5",1309.2,"0.26","22.9",114.3,"1.45","0.99","Ōturuturu",NA,"Moderate wave action, hazy",NA
2025-02-12,"13:14","Ngongotaha","3","A",14.69,2.77,5.3,"390.81",1338,"0.29","22.9",114.3,"1.45","0.99","Ōturuturu",NA,"Moderate wave action, hazy",NA
2025-02-12,"13:31","Te Koutu","1","A",0.1,1.54,0.06,"118.83",762.35,"0.15","24",120.1,"1","0.91","Ōturuturu",NA,"moderate wave action, clear",NA
2025-02-12,"13:31","Te Koutu","2","A",0.1,1.98,0.05,"201.24",822.49,"0.24","24",120.1,"1","0.91","Ōturuturu",NA,"moderate wave action, clear",NA
2025-02-12,"13:31","Te Koutu","3","A",0.1,1.44,0.06,"230.05",683.81,"0.33","24",120.1,"1","0.91","Ōturuturu",NA,"moderate wave action, clear",NA
2025-02-12,"14:05","Lake Front","1","A",0.1,5.8,0.01,"3689.5",1025.4,"0.27","26.9",173.8,"7.1","0.7","Ōturuturu",NA,"moderate wave action, murky",NA
2025-02-12,"14:05","Lake Front","2","A",0.1,5.57,0.01,"957.44",2934.2,"0.32","26.9",173.8,"7.1","0.7","Ōturuturu",NA,"moderate wave action, murky",NA
2025-02-12,"14:05","Lake Front","3","A",0.1,5.03,0.01,"916.2",2699.6,"0.33","26.9",173.8,"7.1","0.7","Ōturuturu",NA,"moderate wave action, murky",NA
2025-02-14,"10:22","Hannah's Bay","1","A",0.1,5.08,0.01,"864.73",3717.5,"0.23",NA,NA,NA,NA,"Rākaumatohi","Fine spells, light winds","Light wave action, clear","Probe unavailable for use"
2025-02-14,"10:22","Hannah's Bay","2","A",0.1,5.22,0.01,"729.4",4300.1,"0.16",NA,NA,NA,NA,"Rākaumatohi","Fine spells, light winds","Light wave action, clear",NA
2025-02-14,"10:22","Hannah's Bay","3","A",0.1,4.24,0.02,"495.89",2242.5,"0.22",NA,NA,NA,NA,"Rākaumatohi","Fine spells, light winds","Light wave action, clear",NA
2025-02-14,"10:58","Te Pōhue","1","A",0.1,0.5,0.2,"43.5",358.53,"0.12",NA,NA,NA,NA,"Rākaumatohi",NA,"ripples, clear",NA
2025-02-14,"10:58","Te Pōhue","2","A",0.1,0.6,0.16,"70.05",1096.4,"0.06",NA,NA,NA,NA,"Rākaumatohi",NA,"ripples, clear",NA
2025-02-14,"10:58","Te Pōhue","3","A",0.1,0.75,0.13,"55.32",570.43,"0.07",NA,NA,NA,NA,"Rākaumatohi",NA,"ripples, clear",NA
2025-02-14,"11:10","Ohau Channel","1","A",0.1,2.52,0.03,"92.71",921.95,"0.1",NA,NA,NA,NA,"Rākaumatohi",NA,"ripples. clear",NA
2025-02-14,"11:10","Ohau Channel","2","A",0.1,1.78,0.05,"177.89",884.5,"0.2",NA,NA,NA,NA,"Rākaumatohi",NA,"ripples. clear",NA
2025-02-14,"11:10","Ohau Channel","3","A",0.1,1.34,0.07,"156.61",889.73,"0.17",NA,NA,NA,NA,"Rākaumatohi",NA,"ripples. clear",NA
2025-02-14,"11.22","Hamurana (East)","1","A",0.1,2.77,0.08,"471.16",3364.3,"0.14",NA,NA,NA,NA,"Rākaumatohi",NA,"ripples, clear",NA
2025-02-14,"11.22","Hamurana (East)","2","A",0.1,1.83,0.05,"321.45",2703.1,"0.11",NA,NA,NA,NA,"Rākaumatohi",NA,"ripples, clear",NA
2025-02-14,"11.22","Hamurana (East)","3","A",0.1,2.37,0.04,"424.46",1919.8,"0.22",NA,NA,NA,NA,"Rākaumatohi",NA,"ripples, clear",NA
2025-02-14,"11:42","Hamurana (bridge)","1","A",0.1,3.5,0.02,"642.52",2991.7,"0.21",NA,NA,NA,NA,"Rākaumatohi",NA,"slight ripples/ murky",NA
2025-02-14,"11:42","Hamurana (bridge)","2","A",0.1,5.86,0.01,"854.37",4374.37,"0.19",NA,NA,NA,NA,"Rākaumatohi",NA,"slight ripples/ murky",NA
2025-02-14,"11:42","Hamurana (bridge)","3","A",0.1,3.8,0.02,"574.16",574.16,"0.18",NA,NA,NA,NA,"Rākaumatohi",NA,"slight ripples/ murky",NA
2025-02-14,"12:00","Hamurana (West)","1","A",0.1,1,0.1,"0",0,"0",NA,NA,NA,NA,"Rākaumatohi",NA,"ripples, clear",NA
2025-02-14,"12:00","Hamurana (West)","2","A",0.1,1.19,0.08,"30.88",510.29,"0.06",NA,NA,NA,NA,"Rākaumatohi",NA,"ripples, clear",NA
2025-02-14,"12:00","Hamurana (West)","3","A",0.1,1.34,0.07,"0",0,"0",NA,NA,NA,NA,"Rākaumatohi",NA,"ripples, clear",NA
2025-02-14,"12:21","Awahou (Tarimano)","1","A",4,1.39,2.87,"94.78",255.61,"0.37",NA,NA,NA,NA,"Rākaumatohi",NA,"Flat, clear",NA
2025-02-14,"12:21","Awahou (Tarimano)","2","A",0.1,1.29,0.07,"87.25",239.92,"0.36",NA,NA,NA,NA,"Rākaumatohi",NA,"Flat, clear",NA
2025-02-14,"12:21","Awahou (Tarimano)","3","A",0.1,1.3,0.07,"64.59",905.96,"0.08",NA,NA,NA,NA,"Rākaumatohi",NA,"Flat, clear",NA
2025-02-14,"12:40","Ngongotaha","1","A",0.1,1.29,0.05,"278.13",2292.2,"0.12",NA,NA,NA,NA,"Rākaumatohi",NA,"clear, light wave action",NA
2025-02-14,"12:40","Ngongotaha","2","A",0.1,1.73,0.04,"182.66",1134.7,"0.16",NA,NA,NA,NA,"Rākaumatohi",NA,"clear, light wave action",NA
2025-02-14,"12:40","Ngongotaha","3","A",0.1,1.78,0.05,"143.56",906.26,"0.15",NA,NA,NA,NA,"Rākaumatohi",NA,"clear, light wave action",NA
2025-02-14,"13:13","Te Koutu","1","A",0.1,1.73,0.05,"143.56",831.27,"0.17",NA,NA,NA,NA,"Rākaumatohi",NA,"light wave action, clear",NA
2025-02-14,"13:13","Te Koutu","2","A",0.1,2.03,0.04,"271.3",993.49,"0.27",NA,NA,NA,NA,"Rākaumatohi",NA,"light wave action, clear",NA
2025-02-14,"13:13","Te Koutu","3","A",0.1,1.83,0.05,"122.28",739.66,"0.16",NA,NA,NA,NA,"Rākaumatohi",NA,"light wave action, clear",NA
2025-02-14,"13:30","Lake Front","1","A",0.1,5.8,0.01,"3689.5",1025.4,"0.21",NA,NA,NA,NA,"Rākaumatohi",NA,"moderate wave action, murky",NA
2025-02-14,"13:30","Lake Front","2","A",0.1,5.57,0.01,"957.44",2934.2,"0.32",NA,NA,NA,NA,"Rākaumatohi",NA,"moderate wave action, murky",NA
2025-02-14,"13:30","Lake Front","3","A",0.1,5.03,0.01,"916.2",2699.6,"0.33",NA,NA,NA,NA,"Rākaumatohi",NA,"moderate wave action, murky",NA
2025-02-19,"10:50","Hannah's Bay","1","A",0.1,2.77,0.03,"144.25",1837,"0.07","22.3",82,"2.75","0.64","Korekore-piri-ki-nga-Tangaroa","Cloudy, medium winds- northerlies","High wave action, hazy but can still see lake floor",NA
2025-02-19,"10:50","Hannah's Bay","2","A",0.1,4,0.02,"182.66",1630.2,"0.11","22.3",82,"2.75","0.64","Korekore-piri-ki-nga-Tangaroa","Cloudy, medium winds- northerlies","High wave action, hazy but can still see lake floor",NA
2025-02-19,"10:50","Hannah's Bay","3","A",0.1,2.47,0.04,"268.53",1643.3,"0.16","22.3",82,"2.75","0.64","Korekore-piri-ki-nga-Tangaroa","Cloudy, medium winds- northerlies","High wave action, hazy but can still see lake floor",NA
2025-02-19,"11:25","Te Pōhue","1","A",0.1,1.04,0.09,"139.41",878.34,"0.15","22.7",96.5,"1.83","0.27","Korekore-piri-ki-nga-Tangaroa",NA,"High wave action, clear.",NA
2025-02-19,"11:25","Te Pōhue","2","A",0.1,0.75,0.13,"186.11",431.75,"0.43","22.7",96.5,"1.83","0.27","Korekore-piri-ki-nga-Tangaroa",NA,"High wave action, clear.",NA
2025-02-19,"11:25","Te Pōhue","3","A",0.1,1.04,0.09,"354.4",1294.4,"0.29","22.7",96.5,"1.83","0.27","Korekore-piri-ki-nga-Tangaroa",NA,"High wave action, clear.",NA
2025-02-19,"11:45","Ohau Channel","1","A",0.1,1.29,0.07,"166.91",549.51,"0.3","22",79.2,"0.62","0.36","Korekore-piri-ki-nga-Tangaroa",NA,"light wave action, clear.",NA
2025-02-19,"11:45","Ohau Channel","2","A",0.1,0.9,0.11,"126.36",1273.4,"0.09","22",79.2,"0.62","0.36","Korekore-piri-ki-nga-Tangaroa",NA,"light wave action, clear.",NA
2025-02-19,"11:45","Ohau Channel","3","A",16.26,4.04,4.02,"74.2",1227.2,"0.06","22",79.2,"0.62","0.36","Korekore-piri-ki-nga-Tangaroa",NA,"light wave action, clear.",NA
2025-02-19,"12:12","Hamurana (East)","1","A",17.04,2.18,7.81,"317.31",914.11,"0.34","22.2",74.2,"1.38","0.4","Korekore-piri-ki-nga-Tangaroa",NA,"light wave action, clear",NA
2025-02-19,"12:12","Hamurana (East)","2","A",5.5,1.54,3.57,"250.71",1959.9,"0.12","22.2",74.2,"1.38","0.4","Korekore-piri-ki-nga-Tangaroa",NA,"light wave action, clear",NA
2025-02-19,"12:12","Hamurana (East)","3","A",0.1,2.42,0.04,"102.31",509.35,"0.37","22.2",74.2,"1.38","0.4","Korekore-piri-ki-nga-Tangaroa",NA,"light wave action, clear",NA
2025-02-19,"12:30","Hamurana (bridge)","1","A",27.21,1.63,16.69,"146.32",785.88,"0.18","17.2",114,"0.67","0.19","Korekore-piri-ki-nga-Tangaroa",NA,"Clear, ripples",NA
2025-02-19,"12:30","Hamurana (bridge)","2","A",38.17,1.63,23.41,"149.71",785.04,"0.19","17.2",114,"0.67","0.19","Korekore-piri-ki-nga-Tangaroa",NA,"Clear, ripples",NA
2025-02-19,"12:30","Hamurana (bridge)","3","A",47.56,1.73,27.49,"102.31",513.74,"0.19","17.2",114,"0.67","0.19","Korekore-piri-ki-nga-Tangaroa",NA,"Clear, ripples",NA
2025-02-19,"12:53","Hamurana (West)","1","A",1,1.29,0.77,"89.26",477.13,"0.18","23.1",108.8,"0.41","0.12","Korekore-piri-ki-nga-Tangaroa",NA,"clear, ripples",NA
2025-02-19,"12:53","Hamurana (West)","2","A",0.1,1.19,0.08,"0",0,"0","23.1",108.8,"0.41","0.12","Korekore-piri-ki-nga-Tangaroa",NA,"clear, ripples",NA
2025-02-19,"12:53","Hamurana (West)","3","A",0.1,1.49,0.06,"39.17",622.82,"0.06","23.1",108.8,"0.41","0.12","Korekore-piri-ki-nga-Tangaroa",NA,"clear, ripples",NA
2025-02-19,"13:16","Awahou (Tarimano)","1","A",40.52,1.59,25.48,"37.79",143.07,"0.26","13.7",94.3,"0.18","0.01","Korekore-piri-ki-nga-Tangaroa",NA,"light wave actions, clear",NA
2025-02-19,"13:16","Awahou (Tarimano)","2","A",23.3,1.83,12.73,"36.41",293.99,"0.12","13.7",94.3,"0.18","0.01","Korekore-piri-ki-nga-Tangaroa",NA,"light wave actions, clear",NA
2025-02-19,"13:16","Awahou (Tarimano)","3","A",24.97,1.34,24.97,"10.98",118.61,"0.09","13.7",94.3,"0.18","0.01","Korekore-piri-ki-nga-Tangaroa",NA,"light wave actions, clear",NA
2025-02-19,"13:47","Ngongotaha","1","A",28.78,1.93,14.91,"168.98",641.97,"0.26","19.3",108,"0.71","0.16","Korekore-piri-ki-nga-Tangaroa",NA,"high wave action, clear",NA
2025-02-19,"13:47","Ngongotaha","2","A",3.25,1.24,2.62,"119.52",531.21,"0.22","19.3",108,"0.71","0.16","Korekore-piri-ki-nga-Tangaroa",NA,"high wave action, clear",NA
2025-02-19,"13:47","Ngongotaha","3","A",21.73,1.34,16.21,"201.24",614.04,"0.32","19.3",108,"0.71","0.16","Korekore-piri-ki-nga-Tangaroa",NA,"high wave action, clear",NA
2025-02-19,"14:10","Te Koutu","1","A",0.1,12.9,0,"188.88",1021.4,"0.18","23.7",127,"0.98","0.52","Korekore-piri-ki-nga-Tangaroa",NA,"high wave action, hazy",NA
2025-02-19,"14:10","Te Koutu","2","A",0.1,13.1,0,"618.1",10359,"0.05","23.7",127,"0.98","0.52","Korekore-piri-ki-nga-Tangaroa",NA,"high wave action, hazy",NA
2025-02-19,"14:10","Te Koutu","3","A",1,2.47,0.4,"340.66",2285.2,"0.14","23.7",127,"0.98","0.52","Korekore-piri-ki-nga-Tangaroa",NA,"high wave action, hazy",NA
2025-02-19,"14:29","Lake Front","1","A",0.1,3.21,0.03,"1624.3",4110,"0.39","25.7",123.6,"4.02","1.55","Korekore-piri-ki-nga-Tangaroa",NA,"High wave action, murky",NA
2025-02-19,"14:29","Lake Front","2","A",0.1,4.63,0.02,"644.91",4383.9,"0.14","25.7",123.6,"4.02","1.55","Korekore-piri-ki-nga-Tangaroa",NA,"High wave action, murky",NA
2025-02-19,"14:29","Lake Front","3","A",0.1,4,0.02,"397.65",2588.5,"0.15","25.7",123.6,"4.02","1.55","Korekore-piri-ki-nga-Tangaroa",NA,"High wave action, murky",NA
2025-02-24,"10:40","Hannah's Bay","1","A",0.1,3.4,0.02,"730.78",3217.6,"0.22","21.2",101,"1.98","0.8","Ōrongonui","Partly cloudy, light winds","Moderate eave action, clear.","Probe malfunction in field"
2025-02-24,"10:40","Hannah's Bay","2","A",0.1,4.39,0.02,"632.54",2804.2,"0.22","21.2",101,"1.98","0.8","Ōrongonui","Partly cloudy, light winds","Moderate eave action, clear.",NA
2025-02-24,"10:40","Hannah's Bay","3","A",0.1,5.42,0.01,"496.58",2314,"0.21","21.2",101,"1.98","0.8","Ōrongonui","Partly cloudy, light winds","Moderate eave action, clear.",NA
2025-02-24,"11:15","Te Pōhue","1","A",0.1,1.04,0.09,"206.08",853.97,"0.24","21.9",98.7,"0.99","0.67","Ōrongonui",NA,"Clear, ripples",NA
2025-02-24,"11:15","Te Pōhue","2","A",0.1,2.27,0.04,"162.07",992.65,"0.16","21.9",98.7,"0.99","0.67","Ōrongonui",NA,"Clear, ripples",NA
2025-02-24,"11:15","Te Pōhue","3","A",0.1,1.73,0.05,"334.51",1420,"0.23","21.9",98.7,"0.99","0.67","Ōrongonui",NA,"Clear, ripples",NA
2025-02-24,"11:35","Ohau Channel","1","A",0.1,1.88,0.05,"448.5",1131.3,"0.39",NA,NA,NA,NA,"Ōrongonui",NA,"flat, clear",NA
2025-02-24,"11:35","Ohau Channel","2","A",0.1,1.63,0.06,"199.17",816.42,"0.24",NA,NA,NA,NA,"Ōrongonui",NA,"flat, clear",NA
2025-02-24,"11:35","Ohau Channel","3","A",0.1,1.73,0.05,"113.3",857.42,"0.13",NA,NA,NA,NA,"Ōrongonui",NA,"flat, clear",NA
2025-02-24,"11:59","Hamurana (East)","1","A",0.1,2.18,0.04,"334.51",2086.4,"0.27",NA,NA,NA,NA,"Ōrongonui",NA,"Clear, ripples",NA
2025-02-24,"11:59","Hamurana (East)","2","A",0.1,1.63,0.06,"316.61",3042.3,"0.17",NA,NA,NA,NA,"Ōrongonui",NA,"Clear, ripples",NA
2025-02-24,"11:59","Hamurana (East)","3","A",0.1,1.49,0.06,"420.31",2764.1,"0.19",NA,NA,NA,NA,"Ōrongonui",NA,"Clear, ripples",NA
2025-02-24,"12:19","Hamurana (bridge)","1","A",0.1,5.27,0.01,"599.69",2086.4,"0.27",NA,NA,NA,NA,"Ōrongonui",NA,"Murky, light wave action. Smelly mud/sediment wash up, oil?",NA
2025-02-24,"12:19","Hamurana (bridge)","2","A",0.1,3.7,0.02,"546.04",3042.3,"0.17",NA,NA,NA,NA,"Ōrongonui",NA,"Murky, light wave action. Smelly mud/sediment wash up, oil?",NA
2025-02-24,"12:19","Hamurana (bridge)","3","A",0.1,4.09,0.02,"548.05",2764.1,"0.19",NA,NA,NA,NA,"Ōrongonui",NA,"Murky, light wave action. Smelly mud/sediment wash up, oil?",NA
2025-02-24,"12:30","Hamurana (West)","1","A",23.3,3.31,7.03,"3252.7",1486.3,"2.18",NA,NA,NA,NA,"Ōrongonui",NA,"Murky, light wave action",NA
2025-02-24,"12:30","Hamurana (West)","2","A",79.65,5.77,13.8,"2741",1717.4,"1.59",NA,NA,NA,NA,"Ōrongonui",NA,"Murky, light wave action",NA
2025-02-24,"12:30","Hamurana (West)","3","A",42.86,2.81,15.25,"2848.2",1717.4,"1.65",NA,NA,NA,NA,"Ōrongonui",NA,"Murky, light wave action",NA
2025-02-24,"12:50","Awahou (Tarimano)","1","A",40.52,1.59,25.48,"144.94",416.06,"0.34",NA,NA,NA,NA,"Ōrongonui",NA,"Clear, flat.",NA
2025-02-24,"12:50","Awahou (Tarimano)","2","A",31.13,1.54,20.21,"117.44",294.83,"0.39",NA,NA,NA,NA,"Ōrongonui",NA,"Clear, flat.",NA
2025-02-24,"12:50","Awahou (Tarimano)","3","A",76.26,1.09,14.91,"234.89",284.38,"0.82",NA,NA,NA,NA,"Ōrongonui",NA,"Clear, flat.",NA
2025-02-24,"13:11","Ngongotaha","1","A",36.6,2.27,16.12,"611.26",1788.9,"0.34",NA,NA,NA,NA,"Ōrongonui",NA,"Murky, ripples",NA
2025-02-24,"13:11","Ngongotaha","2","A",0.1,2.52,0.03,"937.48",1889.3,"0.49",NA,NA,NA,NA,"Ōrongonui",NA,"Murky, ripples",NA
2025-02-24,"13:11","Ngongotaha","3","A",0.1,1.98,0.05,"1355.1",3377.3,"0.4",NA,NA,NA,NA,"Ōrongonui",NA,"Murky, ripples",NA
2025-02-24,"13:35","Te Koutu","1","A",0.1,1.34,0.07,"72.12",920.27,"0.07",NA,NA,NA,NA,"Ōrongonui",NA,"light wave action, clear.",NA
2025-02-24,"13:35","Te Koutu","2","A",14.69,0.5,29.38,"113.99",542.51,"0.21",NA,NA,NA,NA,"Ōrongonui",NA,"light wave action, clear.",NA
2025-02-24,"13:35","Te Koutu","3","A",5.5,0.85,6.47,"113.99",403.82,"0.28",NA,NA,NA,NA,"Ōrongonui",NA,"light wave action, clear.",NA
2025-02-24,"14:00","Lake Front","1","A",0.1,2.18,0.04,"609.19",2275.7,"0.26",NA,NA,NA,NA,"Ōrongonui",NA,"light wave action, clear-ish",NA
2025-02-24,"14:00","Lake Front","2","A",0.1,2.81,0.05,"526.77",2225.9,"0.23",NA,NA,NA,NA,"Ōrongonui",NA,"light wave action, clear-ish",NA
2025-02-24,"14:00","Lake Front","3","A",0.1,2.47,0.04,"522.69",2113.4,"0.24",NA,NA,NA,NA,"Ōrongonui",NA,"light wave action, clear-ish",NA
2025-02-26,"11:00","Hannah's Bay","1","A",0.1,2.91,0.03,"514.4",3134.8,"0.16",NA,NA,NA,NA,"Ōmutu","Partly cloudy, moderate winds (westerlies)","Murky, high wave action, moderate winds",NA
2025-02-26,"11:00","Hannah's Bay","2","A",0.1,4.93,0.02,"513.71",2956.9,"0.17",NA,NA,NA,NA,"Ōmutu","Partly cloudy, moderate winds (westerlies)","Murky, high wave action, moderate winds",NA
2025-02-26,"11:00","Hannah's Bay","3","A",0.1,3.4,0.02,"570.09",2681.3,"0.21",NA,NA,NA,NA,"Ōmutu","Partly cloudy, moderate winds (westerlies)","Murky, high wave action, moderate winds",NA
2025-02-26,"11:30","Te Pōhue","1","A",0.1,1.88,0.05,"378.45",1461.9,"0.25",NA,NA,NA,NA,"Ōmutu",NA,"Clear, high wave action, moderate winds",NA
2025-02-26,"11:30","Te Pōhue","2","A",0.1,1.83,0.05,"367.46",1229,"0.29",NA,NA,NA,NA,"Ōmutu",NA,"Clear, high wave action, moderate winds",NA
2025-02-26,"11:30","Te Pōhue","3","A",0.1,1.93,0.05,"483.52",1485.4,"0.32",NA,NA,NA,NA,"Ōmutu",NA,"Clear, high wave action, moderate winds",NA
2025-02-26,"11:45","Ohau Channel","1","A",0.1,14.82,0,"633.23",2177.9,"0.29",NA,NA,NA,NA,"Ōmutu",NA,"High wave action, murky, light winds",NA
2025-02-26,"11:45","Ohau Channel","2","A",0.1,3.11,0.03,"765.57",1889.3,"0.4",NA,NA,NA,NA,"Ōmutu",NA,"High wave action, murky, light winds",NA
2025-02-26,"11:45","Ohau Channel","3","A",0.1,2.91,0.03,"844.77",4572.3,"0.18",NA,NA,NA,NA,"Ōmutu",NA,"High wave action, murky, light winds",NA
2025-02-26,"12:06","Hamurana (East)","1","A",0.1,3.01,0.03,"599.59",1863.1,"0.32",NA,NA,NA,NA,"Ōmutu",NA,"High wave action, murky, light winds",NA
2025-02-26,"12:06","Hamurana (East)","2","A",0.1,2.52,0.03,"610.57",1780.3,"0.34",NA,NA,NA,NA,"Ōmutu",NA,"High wave action, murky, light winds",NA
2025-02-26,"12:06","Hamurana (East)","3","A",0.1,3.01,0.03,"639.45",2075.9,"0.3",NA,NA,NA,NA,"Ōmutu",NA,"High wave action, murky, light winds",NA
2025-02-26,"12:19","Hamurana (bridge)","1","A",2.5,19.55,0.12,"2798.7",13310,"0.21",NA,NA,NA,NA,"Ōmutu",NA,"Moderate wind action, light winds, murky, smelly/oil coating top of water near shores",NA
2025-02-26,"12:19","Hamurana (bridge)","2","A",0.1,21.65,0,"2937.4",13109,"0.22",NA,NA,NA,NA,"Ōmutu",NA,"Moderate wind action, light winds, murky, smelly/oil coating top of water near shores",NA
2025-02-26,"12:19","Hamurana (bridge)","3","A",10.78,16.79,0.64,"2747.9",12610,"0.21",NA,NA,NA,NA,"Ōmutu",NA,"Moderate wind action, light winds, murky, smelly/oil coating top of water near shores",NA
2025-02-26,"12:29","Hamurana (West)","1","A",2.5,5.27,0.47,"1197.7",4283.6,"0.27",NA,NA,NA,NA,"Ōmutu",NA,"Light wave action, murky-ish (can still see lake bottom).",NA
2025-02-26,"12:29","Hamurana (West)","2","A",0.1,6.06,0.01,"1147.6",3953.8,"0.29",NA,NA,NA,NA,"Ōmutu",NA,"Light wave action, murky-ish (can still see lake bottom).",NA
2025-02-26,"12:29","Hamurana (West)","3","A",0.1,5.67,0.01,"1150.4",4195.4,"0.27",NA,NA,NA,NA,"Ōmutu",NA,"Light wave action, murky-ish (can still see lake bottom).",NA
2025-02-26,"12:49","Awahou (Tarimano)","1","A",0.1,5.08,0.01,"661.42",2294,"0.28",NA,NA,NA,NA,"Ōmutu",NA,"light wave action, clear.",NA
2025-02-26,"12:49","Awahou (Tarimano)","2","A",1,3.01,0.33,"530.45",2544.3,"0.21",NA,NA,NA,NA,"Ōmutu",NA,"light wave action, clear.",NA
2025-02-26,"12:49","Awahou (Tarimano)","3","A",4.75,2.81,1.69,"835.16",3255.2,"0.25",NA,NA,NA,NA,"Ōmutu",NA,"light wave action, clear.",NA
2025-02-26,"13:15","Ngongotaha","1","A",0.1,1.34,0.07,"478.6",1486.3,"0.32",NA,NA,NA,NA,"Ōmutu",NA,"flat, clear.",NA
2025-02-26,"13:15","Ngongotaha","2","A",0.1,1.93,0.05,"419.62",1612.7,"0.62",NA,NA,NA,NA,"Ōmutu",NA,"flat, clear.",NA
2025-02-26,"13:15","Ngongotaha","3","A",0.1,2.27,0.04,"346.87",1539.5,"0.22",NA,NA,NA,NA,"Ōmutu",NA,"flat, clear.",NA
2025-02-26,"13:30","Te Koutu","1","A",3.25,0.55,5.9,"63.21",318.37,"0.19",NA,NA,NA,NA,"Ōmutu",NA,"flat, clear.",NA
2025-02-26,"13:30","Te Koutu","2","A",0.1,0.95,0.1,"89.26",425.68,"0.2",NA,NA,NA,NA,"Ōmutu",NA,"flat, clear.",NA
2025-02-26,"13:30","Te Koutu","3","A",0.1,0.75,0.13,"96.86",450.98,"0.21",NA,NA,NA,NA,"Ōmutu",NA,"flat, clear.",NA
2025-02-26,"13:42","Lake Front","1","A",8.5,2.18,3.89,"390.81",990.04,"0.39",NA,NA,NA,NA,"Ōmutu",NA,"flat, clear.",NA
2025-02-26,"13:42","Lake Front","2","A",0.1,1.68,0.05,"146.32",861.81,"0.16",NA,NA,NA,NA,"Ōmutu",NA,"flat, clear.",NA
2025-02-26,"13:42","Lake Front","3","A",0.1,1.88,0.05,"188.19",790.27,"0.23",NA,NA,NA,NA,"Ōmutu",NA,"flat, clear.",NA
2025-03-02,"12:28","Hannah's Bay","1","A",22.52,2.91,7.73,"440.97",3128.7,"0.14","22.7",109.3,"1.38","1.16","Hoata",NA,"Moderate wind and wace action, clear",NA
2025-03-02,"12:28","Hannah's Bay","2","A",13.91,2.67,5.2,"443.66",1829.1,"0.24","22.7",109.3,"1.38","1.16","Hoata",NA,"Moderate wind and wace action, clear",NA
2025-03-02,"12:28","Hannah's Bay","3","A",0.1,5.27,0.01,"415.54",1904.1,"0.21","22.7",109.3,"1.38","1.16","Hoata",NA,"Moderate wind and wace action, clear",NA
2025-03-02,"12:25","Te Pōhue","1","A",17.04,2.27,7.5,"364.01",921.11,"0.39","22.9",103.8,"1.07","0.36","Hoata",NA,"Moderate wave action, murky",NA
2025-03-02,"12:25","Te Pōhue","2","A",0.1,2.08,0.04,"320.76",808.88,"0.39","22.9",103.8,"1.07","0.36","Hoata",NA,"Moderate wave action, murky",NA
2025-03-02,"12:25","Te Pōhue","3","A",0.1,2.03,0.04,"351.64",832.11,"0.42","22.9",103.8,"1.07","0.36","Hoata",NA,"Moderate wave action, murky",NA
2025-03-02,"12:03","Ohau Channel","1","A",1,3.16,0.31,"360.55",1287.4,"0.28","21.2",109.8,"2.46","0.56","Hoata",NA,"High winds and wave action, murky",NA
2025-03-02,"12:03","Ohau Channel","2","A",22.5,3.31,0.8,"367.46",1187,"0.3","21.2",109.8,"2.46","0.56","Hoata",NA,"High winds and wave action, murky",NA
2025-03-02,"12:03","Ohau Channel","3","A",18.6,3.16,0.36,"445.04",1388.6,"0.32","21.2",109.8,"2.46","0.56","Hoata",NA,"High winds and wave action, murky",NA
2025-03-02,"11:47","Hamurana (East)","1","A",31.91,4.78,6.67,"767.18",1931.1,"0.39","20.8",106.3,"5.87","1.28","Hoata",NA,"High winds and wave action, murky",NA
2025-03-02,"11:47","Hamurana (East)","2","A",18.6,5.57,3.33,"710.19",2236.4,"0.31","20.8",106.3,"5.87","1.28","Hoata",NA,"High winds and wave action, murky",NA
2025-03-02,"11:47","Hamurana (East)","3","A",2.5,4.29,0.58,"736.23",2442.2,"0.3","20.8",106.3,"5.87","1.28","Hoata",NA,"High winds and wave action, murky",NA
2025-03-02,"11:23","Hamurana (bridge)","1","A",13.13,11.37,1.15,"2301.4",7950.5,"0.28","21.2",112.1,"6.25","2.39","Hoata",NA,"High winds and wave action, murky",NA
2025-03-02,"11:23","Hamurana (bridge)","2","A",1.75,18.51,0.07,"3774",12187,"0.3","21.2",112.1,"6.25","2.39","Hoata",NA,"High winds and wave action, murky",NA
2025-03-02,"11:23","Hamurana (bridge)","3","A",4,12.65,0.31,"2899",13077,"0.22","21.2",112.1,"6.25","2.39","Hoata",NA,"High winds and wave action, murky",NA
2025-03-02,"11:00","Hamurana (West)","1","A",4.75,5.81,0.81,"1276.7",4412.7,"0.28","21.2",103,"4.68","1.26","Hoata",NA,"High winds and wave action, murky",NA
2025-03-02,"11:00","Hamurana (West)","2","A",0.1,5.91,0.01,"1265.7",5385.2,"0.23","21.2",103,"4.68","1.26","Hoata",NA,"High winds and wave action, murky",NA
2025-03-02,"11:00","Hamurana (West)","3","A",0.1,7.09,0.01,"1300.7",4335.1,"0.3","21.2",103,"4.68","1.26","Hoata",NA,"High winds and wave action, murky",NA
2025-03-02,NA,"Awahou (Tarimano)","1","A",8.99,1.5,5.1,"250.05",865.55,"0.3","20.1",111.1,"1.4","0.41","Hoata",NA,"Hazy, moderate wave action",NA
2025-03-02,NA,"Awahou (Tarimano)","2","A",12,2.9,31,"274.6",890.44,"0.29","20.1",111.1,"1.4","0.41","Hoata",NA,"Hazy, moderate wave action",NA
2025-03-02,NA,"Awahou (Tarimano)","3","A",38.17,1.93,21.75,"391",773.4,"0.67","20.1",111.1,"1.4","0.41","Hoata",NA,"Hazy, moderate wave action",NA
2025-03-02,"10:29","Ngongotaha","1","A",0.1,1.59,0.06,"323.52",1488.9,"0.21","20.4",101.9,"0.84","0.93","Hoata",NA,"flat, clear",NA
2025-03-02,"10:29","Ngongotaha","2","A",0.1,2.62,0.03,"224.59",1591.8,"0.14","20.4",101.9,"0.84","0.93","Hoata",NA,"flat, clear",NA
2025-03-02,"10:29","Ngongotaha","3","A",0.1,2.22,0.04,"331.74",1360.7,"0.24","20.4",101.9,"0.84","0.93","Hoata",NA,"flat, clear",NA
2025-03-02,"10:05","Te Koutu","1","A",0.1,1.93,0.02,"379.14",1374.7,"0.29","21.6",109.5,"1.43","0.87","Hoata",NA,"Flat, clear",NA
2025-03-02,"10:05","Te Koutu","2","A",0.1,2.13,0.02,"298.79",1215.9,"0.24","21.6",109.5,"1.43","0.87","Hoata",NA,"Flat, clear",NA
2025-03-02,"10:05","Te Koutu","3","A",0.1,1.73,0.02,"387.36",1283.1,"0.28","21.6",109.5,"1.43","0.87","Hoata",NA,"Flat, clear",NA
2025-03-02,"9:48","Lake Front","1","A",0.1,3.36,0.05,"660.03",1741.4,"0.24","21",80.8,"1.22","0.45","Hoata",NA,"Flat, clear",NA
2025-03-02,"9:48","Lake Front","2","A",0.1,3.95,0.04,"572.09",2233.8,"0.25","21",80.8,"1.22","0.45","Hoata",NA,"Flat, clear",NA
2025-03-02,"9:48","Lake Front","3","A",0.1,4,0.05,"574.85",2122.2,"0.27","21",80.8,"1.22","0.45","Hoata",NA,"Flat, clear",NA
2025-03-03,"13:35","Hannah's Bay","1","A",17.04,3.95,4.31,"669.64",3031,"0.22","23.8",116.3,"1.83","1.47","Ōuenuku",NA,"ripples, clear",NA
2025-03-03,"13:35","Hannah's Bay","2","A",25.65,3.85,6.66,"598.2",2592.3,"0.23","23.8",116.3,"1.83","1.47","Ōuenuku",NA,"ripples, clear",NA
2025-03-03,"13:35","Hannah's Bay","3","A",28.78,3.31,8.69,"576.93",3071.1,"0.18","23.8",116.3,"1.83","1.47","Ōuenuku",NA,"ripples, clear",NA
2025-03-03,"13:16","Te Pōhue","1","A",31.13,1.24,25.1,"357.17",1047.5,"0.34","23.8",115,"1.84","1.29","Ōuenuku",NA,"light wave action, clear",NA
2025-03-03,"13:16","Te Pōhue","2","A",31.91,1.49,21.41,"383.21",1317,"0.29","23.8",115,"1.84","1.29","Ōuenuku",NA,"light wave action, clear",NA
2025-03-03,"13:16","Te Pōhue","3","A",34.26,1.54,22.24,"419.62",1210.7,"0.34","23.8",115,"1.84","1.29","Ōuenuku",NA,"light wave action, clear",NA
2025-03-03,"12:52","Ohau Channel","1","A",10,1,10,"379.14",984.81,"0.38","21.7",103.9,"3.67","0.78","Ōuenuku",NA,"Moderate wind and wave action, murky",NA
2025-03-03,"12:52","Ohau Channel","2","A",0.1,1.54,0.06,"211.54",730.04,"0.28","21.7",103.9,"3.67","0.78","Ōuenuku",NA,"Moderate wind and wave action, murky",NA
2025-03-03,"12:52","Ohau Channel","3","A",0.1,1.73,0.05,"358.55",1040.5,"0.34","21.7",103.9,"3.67","0.78","Ōuenuku",NA,"Moderate wind and wave action, murky",NA
2025-03-03,"12:39","Hamurana (East)","1","A",2.5,3.36,0.74,"374.99",1547.3,"0.24","22.4",112.5,"1.52","0.46","Ōuenuku",NA,"moderate wave action, clear",NA
2025-03-03,"12:39","Hamurana (East)","2","A",15.47,2.08,7.43,"346.18",1242.9,"0.27","22.4",112.5,"1.52","0.46","Ōuenuku",NA,"moderate wave action, clear",NA
2025-03-03,"12:39","Hamurana (East)","3","A",21.73,2.08,10.7,"285.04",1157.4,"0.24","22.4",112.5,"1.52","0.46","Ōuenuku",NA,"moderate wave action, clear",NA
2025-03-03,"12:18","Hamurana (bridge)","1","A",28.78,3.85,7.47,"1296.7",5143.6,"0.25","21.9",105.6,"2.74","0.98","Ōuenuku",NA,"Moderate wind and wave action, murky",NA
2025-03-03,"12:18","Hamurana (bridge)","2","A",23.3,5.62,4.14,"1269.9",4829.6,"0.26","21.9",105.6,"2.74","0.98","Ōuenuku",NA,"Moderate wind and wave action, murky",NA
2025-03-03,"12:18","Hamurana (bridge)","3","A",38.17,5.08,7.51,"1177.8",5188.9,"0.22","21.9",105.6,"2.74","0.98","Ōuenuku",NA,"Moderate wind and wave action, murky",NA
2025-03-03,"12:00","Hamurana (West)","1","A",18.6,1.63,11.41,"353.71",1375.5,"0.25","21.9",102.3,"0.83","0.46","Ōuenuku",NA,"Moderate wind and wave action, hazy",NA
2025-03-03,"12:00","Hamurana (West)","2","A",0.1,1.39,0.07,"307.7",1157.4,"0.26","21.9",102.3,"0.83","0.46","Ōuenuku",NA,"Moderate wind and wave action, hazy",NA
2025-03-03,"12:00","Hamurana (West)","3","A",13.91,1.44,9.65,"395.17",2008.8,"0.17","21.9",102.3,"0.83","0.46","Ōuenuku",NA,"Moderate wind and wave action, hazy",NA
2025-03-03,"11:52","Awahou (Tarimano)","1","A",21.73,1.68,12.93,"390.12",1958.2,"0.19","19",104.3,"1.21","0.35","Ōuenuku",NA,"Hazy, light wave action",NA
2025-03-03,"11:52","Awahou (Tarimano)","2","A",55.56,2.13,30.77,"539.14",2083.5,"0.25","19",104.3,"1.21","0.35","Ōuenuku",NA,"Hazy, light wave action",NA
2025-03-03,"11:52","Awahou (Tarimano)","3","A",0.1,1.98,0.05,"342.04",1891.9,"0.18","19",104.3,"1.21","0.35","Ōuenuku",NA,"Hazy, light wave action",NA
2025-03-03,"11:30","Ngongotaha","1","A",9.25,1.78,5.19,"274.06",844.35,"0.32","20.6",96.5,"0.99","0.75","Ōuenuku",NA,"flat, clear",NA
2025-03-03,"11:30","Ngongotaha","2","A",11.56,2.67,4.32,"247.94",830.43,"0.29","20.6",96.5,"0.99","0.75","Ōuenuku",NA,"flat, clear",NA
2025-03-03,"11:30","Ngongotaha","3","A",36.17,1.83,20.85,"427.22",743.2,"0.57","20.6",96.5,"0.99","0.75","Ōuenuku",NA,"flat, clear",NA
2025-03-03,"10:20","Te Koutu","1","A",0.1,1.04,0.09,"499.34",1347.6,"0.37","21.4",97.3,"0.79","0.8","Ōuenuku",NA,"flat, clear",NA
2025-03-03,"10:20","Te Koutu","2","A",0.1,1.39,0.07,"293.26",1507.2,"0.19","21.4",97.3,"0.79","0.8","Ōuenuku",NA,"flat, clear",NA
2025-03-03,"10:20","Te Koutu","3","A",0.1,0.25,0.4,"205.39",1249.9,"0.16","21.4",97.3,"0.79","0.8","Ōuenuku",NA,"flat, clear",NA
2025-03-03,"9:50","Lake Front","1","A",0.1,3.11,0.03,"451.95",2483.2,"0.18","21.3",79.8,"1.28","0.83","Ōuenuku",NA,"flat, clear",NA
2025-03-03,"9:50","Lake Front","2","A",0.1,5.08,0.01,"552.19",2070.7,"0.26","21.3",79.8,"1.28","0.83","Ōuenuku",NA,"flat, clear",NA
2025-03-03,"9:50","Lake Front","3","A",0.1,3.11,0.03,"435.44",2186.7,"0.19","21.3",79.8,"1.28","0.83","Ōuenuku",NA,"flat, clear",NA
2025-03-05,"10:15","Hannah's Bay","1","A",0.1,0.85,0.11,"149.71",903.65,"0.16","19.5",84.1,"0.85","0.47","Tamateatutahi","Clear skies, moderate winds","ripples. clear",NA
2025-03-05,"10:15","Hannah's Bay","2","A",0.1,1.04,0.09,"26.8",571.3,"0.04","19.5",84.1,"0.85","0.47","Tamateatutahi","Clear skies, moderate winds","ripples. clear",NA
2025-03-05,"10:15","Hannah's Bay","3","A",0.1,0.9,0.11,"199.02",888.8,"0.16","19.5",84.1,"0.85","0.47","Tamateatutahi","Clear skies, moderate winds","ripples. clear",NA
2025-03-05,"10:36","Te Pōhue","1","A",0.1,1.63,0.06,"258.93",712.67,"0.36","18",96.2,"2.05","0.5","Tamateatutahi",NA,"Light wave action, clear",NA
2025-03-05,"10:36","Te Pōhue","2","A",0.1,1.68,0.05,"228.74",688.2,"0.33","18",96.2,"2.05","0.5","Tamateatutahi",NA,"Light wave action, clear",NA
2025-03-05,"10:36","Te Pōhue","3","A",0.1,1.83,0.05,"407.94",1238.6,"0.32","18",96.2,"2.05","0.5","Tamateatutahi",NA,"Light wave action, clear",NA
2025-03-05,"10:54","Ohau Channel","1","A",60.86,2.52,25.15,"947.77",1376.7,"0.69","17",102.4,"4.15","0.73","Tamateatutahi",NA,"murky, high wave action",NA
2025-03-05,"10:54","Ohau Channel","2","A",33.47,2.13,15.71,"367.46",1108.6,"0.33","17",102.4,"4.15","0.73","Tamateatutahi",NA,"murky, high wave action",NA
2025-03-05,"10:54","Ohau Channel","3","A",40.52,2.52,16.07,"732.85",2229.5,"0.32","17",102.4,"4.15","0.73","Tamateatutahi",NA,"murky, high wave action",NA
2025-03-05,"11:08","Hamurana (East)","1","A",46,4,11.5,"1106.4",2514.7,"0.44","16.6",100.2,"7.79","1.54","Tamateatutahi",NA,"high wind and wave action, murky",NA
2025-03-05,"11:08","Hamurana (East)","2","A",10,3.75,2.66,"824.87",2251.5,"0.37","16.6",100.2,"7.79","1.54","Tamateatutahi",NA,"high wind and wave action, murky",NA
2025-03-05,"11:08","Hamurana (East)","3","A",18.6,3.06,6.07,"813.89",2557.4,"0.31","16.6",100.2,"7.79","1.54","Tamateatutahi",NA,"high wind and wave action, murky",NA
2025-03-05,"11:24","Hamurana (bridge)","1","A",26.65,15.35,1.66,"2629.7",10693,"0.24","18.4",110.7,"11.01","6.21","Tamateatutahi",NA,"high wind and wave action, murky",NA
2025-03-05,"11:24","Hamurana (bridge)","2","A",8.5,12.16,0.69,"2973.2",12409,"0.23","18.4",110.7,"11.01","6.21","Tamateatutahi",NA,"high wind and wave action, murky",NA
2025-03-05,"11:24","Hamurana (bridge)","3","A",24.08,16.05,1.5,"3247.2",16203,"0.2","18.4",110.7,"11.01","6.21","Tamateatutahi",NA,"high wind and wave action, murky",NA
2025-03-05,"11:38","Hamurana (West)","1","A",91.39,4,22.84,"2868.1",4244.3,"0.67","18.6",94.7,"38.3","6.51","Tamateatutahi",NA,"High wind and wave action, murky",NA
2025-03-05,"11:38","Hamurana (West)","2","A",53.82,4.49,11.98,"2679.2",3348.5,"0.8","18.6",94.7,"38.3","6.51","Tamateatutahi",NA,"High wind and wave action, murky",NA
2025-03-05,"11:38","Hamurana (West)","3","A",82,4.04,20.29,"2529.5",3664.2,"0.69","18.6",94.7,"38.3","6.51","Tamateatutahi",NA,"High wind and wave action, murky",NA
2025-03-05,"12:06","Awahou (Tarimano)","1","A",3.25,2.96,1.09,"1006.1",2394.3,"0.42","19.9",101.3,"9.88","1.46","Tamateatutahi",NA,"High wind and wave action, murky",NA
2025-03-05,"12:06","Awahou (Tarimano)","2","A",3.25,3.11,1.04,"1105.7",2230.3,"0.49","19.9",101.3,"9.88","1.46","Tamateatutahi",NA,"High wind and wave action, murky",NA
2025-03-05,"12:06","Awahou (Tarimano)","3","A",20.95,2.22,9.43,"156.06",2288.8,"0.41","19.9",101.3,"9.88","1.46","Tamateatutahi",NA,"High wind and wave action, murky",NA
2025-03-05,"12:24","Ngongotaha","1","A",0.1,2.77,0.03,"1705.3",979.58,"1.7","16.8",110.1,"3.5","0.15","Tamateatutahi",NA,"clear, flat",NA
2025-03-05,"12:24","Ngongotaha","2","A",7,4.14,1.69,"840.69",839.96,"1","16.8",110.1,"3.5","0.15","Tamateatutahi",NA,"clear, flat",NA
2025-03-05,"12:24","Ngongotaha","3","A",26.43,5.37,4.92,"654.51",887.12,"0.73","16.8",110.1,"3.5","0.15","Tamateatutahi",NA,"clear, flat",NA
2025-03-05,"12:45","Te Koutu","1","A",0.1,4.04,0.02,"807.67",2644.6,"0.3","20.5",110.4,"1.39","0.82","Tamateatutahi",NA,"clear, flat",NA
2025-03-05,"12:45","Te Koutu","2","A",8.5,1.59,5.34,"576.93",1691.3,"0.34","20.5",110.4,"1.39","0.82","Tamateatutahi",NA,"clear, flat",NA
2025-03-05,"12:45","Te Koutu","3","A",19.39,1.24,15.63,"346.18",1335.4,"0.25","20.5",110.4,"1.39","0.82","Tamateatutahi",NA,"clear, flat",NA
2025-03-05,"13:02","Lake Front","1","A",46,0.8,57.5,"182.66",361.98,"0.5","20.3",97.8,"1.4","0.07","Tamateatutahi",NA,"clear, flat",NA
2025-03-05,"13:02","Lake Front","2","A",22.52,0.8,28.15,"78.96",286.45,"0.2","20.3",97.8,"1.4","0.07","Tamateatutahi",NA,"clear, flat",NA
2025-03-05,"13:02","Lake Front","3","A",21.73,0.65,33.43,"91.33",331.44,"0.27","20.3",97.8,"1.4","0.07","Tamateatutahi",NA,"clear, flat",NA
2025-03-07,"10:46","Hannah's Bay","1","A",0.1,1.09,0.09,"343.42",880.96,"0.38","18.4",95.5,"0.96","0.52","Tamateaangana",NA,"ripples, clear",NA
2025-03-07,"10:46","Hannah's Bay","2","A",0.1,1.19,0.08,"191.64",1232.4,"0.15","18.4",95.5,"0.96","0.52","Tamateaangana",NA,"ripples, clear",NA
2025-03-07,"10:46","Hannah's Bay","3","A",0.1,0.6,0.16,"349.57",1290.1,"0.27","18.4",95.5,"0.96","0.52","Tamateaangana",NA,"ripples, clear",NA
2025-03-07,"11:09","Te Pōhue","1","A",13.91,1.19,11.68,"140.1",290.45,"0.48","16.4",97,"1.17","0.1","Tamateaangana",NA,"Light wave action, clear",NA
2025-03-07,"11:09","Te Pōhue","2","A",10.78,1.04,10.36,"56.3",327.05,"0.17","16.4",97,"1.17","0.1","Tamateaangana",NA,"Light wave action, clear",NA
2025-03-07,"11:09","Te Pōhue","3","A",0.1,1,0.1,"94.78",587.9,"0.16","16.4",97,"1.17","0.1","Tamateaangana",NA,"Light wave action, clear",NA
2025-03-07,"11:27","Ohau Channel","1","A",35.04,2.08,16.84,"251.4",633.28,"0.39","17.7",92.9,"0.81","0.22","Tamateaangana",NA,"Light wave action, clear",NA
2025-03-07,"11:27","Ohau Channel","2","A",21.73,2.42,8.97,"581.07",633.28,"0.91","17.7",92.9,"0.81","0.22","Tamateaangana",NA,"Light wave action, clear",NA
2025-03-07,"11:27","Ohau Channel","3","A",10,1.78,5.61,"390.12",1253.4,"0.31","17.7",92.9,"0.81","0.22","Tamateaangana",NA,"Light wave action, clear",NA
2025-03-07,"11:46","Hamurana (East)","1","A",5.6,3.55,1.54,"1129.8",1304.8,"0.86","19.8",102.4,"2.05","0.49","Tamateaangana",NA,"Light wave action, clear",NA
2025-03-07,"11:46","Hamurana (East)","2","A",31.91,2.77,11.51,"401.8",1179.2,"0.34","19.8",102.4,"2.05","0.49","Tamateaangana",NA,"Light wave action, clear",NA
2025-03-07,"11:46","Hamurana (East)","3","A",10.78,2.47,4.36,"713.58",741.43,"0.96","19.8",102.4,"2.05","0.49","Tamateaangana",NA,"Light wave action, clear",NA
2025-03-07,"12:01","Hamurana (bridge)","1","A",40.52,3.75,10.8,"427.22",1098.1,"0.38","16.7",92.4,"6.67","0.55","Tamateaangana",NA,"flat, murky",NA
2025-03-07,"12:01","Hamurana (bridge)","2","A",7,3.21,2.18,"513.71",1502,"0.34","16.7",92.4,"6.67","0.55","Tamateaangana",NA,"flat, murky",NA
2025-03-07,"12:01","Hamurana (bridge)","3","A",24.08,3.06,7.86,"440.97",1002.1,"0.44","16.7",92.4,"6.67","0.55","Tamateaangana",NA,"flat, murky",NA
2025-03-07,"12:14","Hamurana (West)","1","A",30.34,2.27,13.36,"186.11",897.58,"0.2","17",100.2,"8.86","0.25","Tamateaangana",NA,"flat, murky",NA
2025-03-07,"12:14","Hamurana (West)","2","A",4.75,3.25,1.45,"231.43",651.59,"0.35","17",100.2,"8.86","0.25","Tamateaangana",NA,"flat, murky",NA
2025-03-07,"12:14","Hamurana (West)","3","A",0.1,1.68,0.05,"267.15",566.98,"0.47","17",100.2,"8.86","0.25","Tamateaangana",NA,"flat, murky",NA
2025-03-07,"12:29","Awahou (Tarimano)","1","A",72.6,1.39,52.23,"152.47",235.53,"0.64","13.9",94,"0.32","0.02","Tamateaangana",NA,"flat, clear",NA
2025-03-07,"12:29","Awahou (Tarimano)","2","A",82,1.04,78.84,"40.55",221.52,"0.18","13.9",94,"0.32","0.02","Tamateaangana",NA,"flat, clear",NA
2025-03-07,"12:29","Awahou (Tarimano)","3","A",9.47,1.68,41.35,"92.71",210.22,"0.44","13.9",94,"0.32","0.02","Tamateaangana",NA,"flat, clear",NA
2025-03-07,"12:48","Ngongotaha","1","A",14.69,1.29,11.38,"355.09",587.05,"0.6","18.5",103,"1.02","0.38","Tamateaangana",NA,"Light wave action, clear",NA
2025-03-07,"12:48","Ngongotaha","2","A",19.39,1.34,14.47,"250.02",789.43,"0.31","18.5",103,"1.02","0.38","Tamateaangana",NA,"Light wave action, clear",NA
2025-03-07,"12:48","Ngongotaha","3","A",1,1.93,0.51,"338.58",1152.6,"0.29","18.5",103,"1.02","0.38","Tamateaangana",NA,"Light wave action, clear",NA
2025-03-07,"13:11","Te Koutu","1","A",20.95,0.85,24.64,"144.25",689.97,"0.2","19.6",115.2,"0.53","0.18","Tamateaangana",NA,"flat, clear",NA
2025-03-07,"13:11","Te Koutu","2","A",22.52,1,22.52,"815.27",6022,"0.13","19.6",115.2,"0.53","0.18","Tamateaangana",NA,"flat, clear",NA
2025-03-07,"13:11","Te Koutu","3","A",11.55,1.29,8.96,"902.45",5181.1,"0.17","19.6",115.2,"0.53","0.18","Tamateaangana",NA,"flat, clear",NA
2025-03-07,"13:26","Lake Front","1","A",0.1,1.63,0.66,"359.17",1117.3,"0.32","23.7",133.6,"1.45","0.17","Tamateaangana",NA,"Flat, clear",NA
2025-03-07,"13:26","Lake Front","2","A",0.1,3.16,0.03,"271.99",1775,"0.15","23.7",133.6,"1.45","0.17","Tamateaangana",NA,"Flat, clear",NA
2025-03-07,"13:26","Lake Front","3","A",4.75,2.86,1.65,"290.5",1246.4,"0.23","23.7",133.6,"1.45","0.17","Tamateaangana",NA,"Flat, clear",NA
2025-03-10,"10:43","Hannah's Bay","1","A",0.1,3.22,0.02,"249.33",1166.1,"0.21","18.4",96.8,"1.3","0.67","Arimatanui","Partly cloudy, light winds","Clear, ripples",NA
2025-03-10,"10:43","Hannah's Bay","2","A",0.1,1.49,0.06,"535.71",1797.6,"0.19","18.4",96.8,"1.3","0.67","Arimatanui","Partly cloudy, light winds","Clear, ripples",NA
2025-03-10,"10:43","Hannah's Bay","3","A",0.1,0.35,0.28,"302.18",1331.9,"0.22","18.4",96.8,"1.3","0.67","Arimatanui","Partly cloudy, light winds","Clear, ripples",NA
2025-03-10,"11:09","Te Pōhue","1","A",0.1,1.83,0.05,"254.09",881.89,"0.28","18.4",102.6,"1.2","0.53","Arimatanui",NA,"clear, flat",NA
2025-03-10,"11:09","Te Pōhue","2","A",0.1,1.09,0.09,"393.58",898.42,"0.43","18.4",102.6,"1.2","0.53","Arimatanui",NA,"clear, flat",NA
2025-03-10,"11:09","Te Pōhue","3","A",2.5,1.39,1.79,"254.09",756.28,"0.33","18.4",102.6,"1.2","0.53","Arimatanui",NA,"clear, flat",NA
2025-03-10,"11:32","Ohau Channel","1","A",4.75,6.6,0.71,"353.02",1105.1,"0.31","17.6",94.6,"0.76","0.33","Arimatanui",NA,"light wave action, clear",NA
2025-03-10,"11:32","Ohau Channel","2","A",4.75,1.59,2.98,"196.41",673.35,"0.29","17.6",94.6,"0.76","0.33","Arimatanui",NA,"light wave action, clear",NA
2025-03-10,"11:32","Ohau Channel","3","A",33.47,0.9,37.18,"344.11",705.66,"0.48","17.6",94.6,"0.76","0.33","Arimatanui",NA,"light wave action, clear",NA
2025-03-10,"11:48","Hamurana (East)","1","A",13.13,2.67,4.91,"464.32",1732.3,"0.26","19.1",106,"1.61","0.72","Arimatanui",NA,NA,NA
2025-03-10,"11:48","Hamurana (East)","2","A",3.25,3.21,1.01,"876.41",1634.6,"0.53","19.1",106,"1.61","0.72","Arimatanui",NA,NA,NA
2025-03-10,"11:48","Hamurana (East)","3","A",0.1,1.63,0.06,"715.65",1619.7,"0.44","19.1",106,"1.61","0.72","Arimatanui",NA,NA,NA
2025-03-10,"12:13","Hamurana (bridge)","1","A",48.34,5.67,8.52,"1462.9",7503.1,"0.19","16.8",108,"10.53","5.01","Arimatanui",NA,NA,NA
2025-03-10,"12:13","Hamurana (bridge)","2","A",43.65,6.8,6.41,"1637.3",8318.1,"0.19","16.8",108,"10.53","5.01","Arimatanui",NA,NA,NA
2025-03-10,"12:13","Hamurana (bridge)","3","A",28.78,9.36,3.07,"1573.4",8821.9,"0.17","16.8",108,"10.53","5.01","Arimatanui",NA,NA,NA
2025-03-10,"12:30","Hamurana (West)","1","A",42.08,3.01,13.98,"814.58",2626.3,"0.31","17.8",105,"14.74","1.84","Arimatanui",NA,NA,NA
2025-03-10,"12:30","Hamurana (West)","2","A",42.86,2.47,17.35,"712.19",2525.1,"0.28","17.8",105,"14.74","1.84","Arimatanui",NA,NA,NA
2025-03-10,"12:30","Hamurana (West)","3","A",19.39,2.77,7,"801.52",2656,"0.3","17.8",105,"14.74","1.84","Arimatanui",NA,NA,NA
2025-03-10,"12:47","Awahou (Tarimano)","1","A",0.1,1.19,0.08,"449.88",1203.7,"0.37","16.3",99.5,"2.22","0.18","Arimatanui",NA,NA,NA
2025-03-10,"12:47","Awahou (Tarimano)","2","A",0.1,1.68,0.05,"333.13",1153.1,"0.28","16.3",99.5,"2.22","0.18","Arimatanui",NA,NA,NA
2025-03-10,"12:47","Awahou (Tarimano)","3","A",7,1.83,3.82,"509.64",1260.4,"0.4","16.3",99.5,"2.22","0.18","Arimatanui",NA,NA,NA
2025-03-10,"13:06","Ngongotaha","1","A",14.69,3.5,4.19,"657.27",1263.8,"0.52","17.3",114.8,"7.66","0.32","Arimatanui",NA,NA,NA
2025-03-10,"13:06","Ngongotaha","2","A",13.13,2.22,5.19,"565.25",1471.4,"0.38","17.3",114.8,"7.66","0.32","Arimatanui",NA,NA,NA
2025-03-10,"13:06","Ngongotaha","3","A",0.1,1.39,0.07,"610.57",1354.6,"0.45","17.3",114.8,"7.66","0.32","Arimatanui",NA,NA,NA
2025-03-10,"13:32","Te Koutu","1","A",34.26,2.08,16.47,"511.71",1293.5,"0.39","19.9",120.1,"1.73","0.35","Arimatanui",NA,NA,NA
2025-03-10,"13:32","Te Koutu","2","A",0.1,1.88,0.05,"1261",5792.6,"0.2","19.9",120.1,"1.73","0.35","Arimatanui",NA,NA,NA
2025-03-10,"13:32","Te Koutu","3","A",0.1,1.59,0.06,"1936.7",1693,"1.14","19.9",120.1,"1.73","0.35","Arimatanui",NA,NA,NA
2025-03-10,"13:49","Lake Front","1","A",0.1,0.7,0.14,"330.36",963.89,"0.34","22",107.2,"1.28","0.16","Arimatanui",NA,NA,NA
2025-03-10,"13:49","Lake Front","2","A",0.1,0.75,0.13,"217.75",737.04,"0.29","22",107.2,"1.28","0.16","Arimatanui",NA,NA,NA
2025-03-10,"13:49","Lake Front","3","A",0.1,1,0.1,"350.95",1315.3,"0.26","22",107.2,"1.28","0.16","Arimatanui",NA,NA,NA
2025-03-12,"11:06","Hannah's Bay","1","A",1,5.08,0.19,"655.91",2752.7,"0.23","19.9",99.8,"2.44","0.96","Ōhoturoa",NA,NA,NA
2025-03-12,"11:06","Hannah's Bay","2","A",0.1,5.81,0.01,"838.62",3221.2,"0.26","19.9",99.8,"2.44","0.96","Ōhoturoa",NA,NA,NA
2025-03-12,"11:06","Hannah's Bay","3","A",0.1,3.75,0.02,"623.63",2827.8,"0.22","19.9",99.8,"2.44","0.96","Ōhoturoa",NA,NA,NA
2025-03-12,"11:29","Te Pōhue","1","A",23.3,3.8,6.13,"557.72",2034,"0.27","19.2",101.1,"8.39","1.12","Ōhoturoa",NA,NA,NA
2025-03-12,"11:29","Te Pōhue","2","A",20.95,6.55,3.19,"821.42",2086.4,"0.39","19.2",101.1,"8.39","1.12","Ōhoturoa",NA,NA,NA
2025-03-12,"11:29","Te Pōhue","3","A",11.56,3.01,3.84,"738.31",2099.6,"0.35","19.2",101.1,"8.39","1.12","Ōhoturoa",NA,NA,NA
2025-03-12,"11:42","Ohau Channel","1","A",22.52,5.96,3.77,"775.41",1919.8,"0.4","19.1",106.3,"11.36","2.62","Ōhoturoa",NA,NA,NA
2025-03-12,"11:42","Ohau Channel","2","A",29.56,6.45,4.58,"2187.5",6289.7,"0.34","19.1",106.3,"11.36","2.62","Ōhoturoa",NA,NA,NA
2025-03-12,"11:42","Ohau Channel","3","A",25.66,5.77,4.44,"958.83",2686.5,"0.35","19.1",106.3,"11.36","2.62","Ōhoturoa",NA,NA,NA
2025-03-12,"11:54","Hamurana (East)","1","A",78.86,2.77,28.46,"516.48",13763,"0.38","18.4",111.7,"3.43","0.45","Ōhoturoa",NA,NA,NA
2025-03-12,"11:54","Hamurana (East)","2","A",30.34,2.32,13.07,"508.95",1271.7,"0.4","18.4",111.7,"3.43","0.45","Ōhoturoa",NA,NA,NA
2025-03-12,"11:54","Hamurana (East)","3","A",18.6,2.32,8.01,"754.82",1368.5,"0.55","18.4",111.7,"3.43","0.45","Ōhoturoa",NA,NA,NA
2025-03-12,"12:10","Hamurana (bridge)","1","A",89.04,3.99,1.66,"21126",104196,"0.2","20.1",114,"5.84","1.61","Ōhoturoa",NA,NA,NA
2025-03-12,"12:10","Hamurana (bridge)","2","A",114.79,83.32,1.39,"21326",107091,"0.19","20.1",114,"5.84","1.61","Ōhoturoa",NA,NA,NA
2025-03-12,"12:10","Hamurana (bridge)","3","A",60.86,94.73,0.64,"22328",111938,"0.19","20.1",114,"5.84","1.61","Ōhoturoa",NA,NA,NA
2025-03-12,"12:23","Hamurana (West)","1","A",4,3.9,1.02,"883.25",2270.4,"0.35","20",105,"3.67","0.63","Ōhoturoa",NA,NA,NA
2025-03-12,"12:23","Hamurana (West)","2","A",19.39,4.04,4.79,"548.05",1637.2,"0.33","20",105,"3.67","0.63","Ōhoturoa",NA,NA,NA
2025-03-12,"12:23","Hamurana (West)","3","A",27.21,2.67,10.19,"618.79",1475.8,"0.41","20",105,"3.67","0.63","Ōhoturoa",NA,NA,NA
2025-03-12,"12:39","Awahou (Tarimano)","1","A",10,3.65,2.73,"335.82",846.96,"0.39","17.1",98.7,"0.42","0.14","Ōhoturoa",NA,NA,NA
2025-03-12,"12:39","Awahou (Tarimano)","2","A",35.04,2.32,15.1,"177.89",904.49,"0.19","17.1",98.7,"0.42","0.14","Ōhoturoa",NA,NA,NA
2025-03-12,"12:39","Awahou (Tarimano)","3","A",7,3.45,2.02,"124.28",805.96,"0.15","17.1",98.7,"0.42","0.14","Ōhoturoa",NA,NA,NA
2025-03-12,"12:55","Ngongotaha","1","A",71.82,1.54,46.63,"326.91",1060.6,"0.3","20.6",107.7,"0.89","0.77","Ōhoturoa",NA,NA,NA
2025-03-12,"12:55","Ngongotaha","2","A",35.82,1.98,18.09,"464.32",1454,"0.31","20.6",107.7,"0.89","0.77","Ōhoturoa",NA,NA,NA
2025-03-12,"12:55","Ngongotaha","3","A",25.65,2.03,12.63,"422.38",1618.9,"0.26","20.6",107.7,"0.89","0.77","Ōhoturoa",NA,NA,NA
2025-03-12,"13:17","Te Koutu","1","A",50.69,1.98,25.6,"76.27",272.14,"0.28","21.9",117.9,"0.87","0.45","Ōhoturoa",NA,NA,NA
2025-03-12,"13:17","Te Koutu","2","A",50.69,1.93,26.26,"113.3",261.68,"0.43","21.9",117.9,"0.87","0.45","Ōhoturoa",NA,NA,NA
2025-03-12,"13:17","Te Koutu","3","A",52.26,1.92,26.39,"78.27",266.07,"0.29","21.9",117.9,"0.87","0.45","Ōhoturoa",NA,NA,NA
2025-03-12,"13:39","Lake Front","1","A",28.17,2.57,14.85,"221.14",747.5,"0.29","23.5",110,"0.91","0.27","Ōhoturoa",NA,NA,NA
2025-03-12,"13:39","Lake Front","2","A",0.1,5.21,0.01,"184.73",807.74,"0.22","23.5",110,"0.91","0.27","Ōhoturoa",NA,NA,NA
2025-03-12,"13:39","Lake Front","3","A",22.52,4.44,5.07,"158.69",640.19,"0.24","23.5",110,"0.91","0.27","Ōhoturoa",NA,NA,NA
2025-03-14,"11:34","Hannah's Bay","1","A",0.1,3.5,0.02,"585.84",3562.3,"0.16","20.6",96,"0.96","0.41","Rākaunui",NA,NA,NA
2025-03-14,"11:34","Hannah's Bay","2","A",0.1,3.75,0.02,"831.02",4807.8,"0.17","20.6",96,"0.96","0.41","Rākaunui",NA,NA,NA
2025-03-14,"11:34","Hannah's Bay","3","A",0.1,5.77,0.01,"745.91",3151.4,"0.23","20.6",96,"0.96","0.41","Rākaunui",NA,NA,NA
2025-03-14,"12:23","Te Pōhue","1","A",25.65,2.27,11.29,"585.15",938.58,"0.62","21.2",98.7,"1.88","0.39","Rākaunui",NA,NA,NA
2025-03-14,"12:23","Te Pōhue","2","A",0.1,1.73,0.05,"767.18",1003.9,"0.72","21.2",98.7,"1.88","0.39","Rākaunui",NA,NA,NA
2025-03-14,"12:23","Te Pōhue","3","A",5.5,1.49,3.69,"347.5",561.75,"0.61","21.2",98.7,"1.88","0.39","Rākaunui",NA,NA,NA
2025-03-14,"12:36","Ohau Channel","1","A",0.1,2.18,0.04,"320.7",892.35,"0.35","21.3",95.1,"0.85","0.69","Rākaunui",NA,NA,NA
2025-03-14,"12:36","Ohau Channel","2","A",0.1,1.73,0.05,"430",844.35,"0.51","21.3",95.1,"0.85","0.69","Rākaunui",NA,NA,NA
2025-03-14,"12:36","Ohau Channel","3","A",0.1,1.78,0.05,"1017.2",1090.3,"0.93","21.3",95.1,"0.85","0.69","Rākaunui",NA,NA,NA
2025-03-14,"13:30","Hamurana (East)","1","A",0.1,1.78,0.05,"438.89",1460.1,"0.3","22.3",115.1,"2.02","0.43","Rākaunui",NA,NA,NA
2025-03-14,"13:30","Hamurana (East)","2","A",0.1,2.18,0.04,"364.01",733.58,"0.49","22.3",115.1,"2.02","0.43","Rākaunui",NA,NA,NA
2025-03-14,"13:30","Hamurana (East)","3","A",0.1,2.62,0.03,"789.84",990.88,"0.79","22.3",115.1,"2.02","0.43","Rākaunui",NA,NA,NA
2025-03-14,"13:46","Hamurana (bridge)","1","A",0.1,13.54,0,"2776.7",11738,"0.23","20",119.9,"2.52","1.22","Rākaunui",NA,NA,NA
2025-03-14,"13:46","Hamurana (bridge)","2","A",3.25,12.21,0.26,"2809.7",12004,"0.23","20",119.9,"2.52","1.22","Rākaunui",NA,NA,NA
2025-03-14,"13:46","Hamurana (bridge)","3","A",4.75,16.69,0.28,"2733.5",11251,"0.24","20",119.9,"2.52","1.22","Rākaunui",NA,NA,NA
2025-03-14,"13:57","Hamurana (West)","1","A",0.1,1.49,0.06,"170.98",700.57,"0.22","21.5",112.6,"0.56","0.24","Rākaunui",NA,NA,NA
2025-03-14,"13:57","Hamurana (West)","2","A",11.56,1.54,7.5,"267.15",927.18,"0.28","21.5",112.6,"0.56","0.24","Rākaunui",NA,NA,NA
2025-03-14,"13:57","Hamurana (West)","3","A",11.56,1.44,8.02,"258.93",981.26,"0.26","21.5",112.6,"0.56","0.24","Rākaunui",NA,NA,NA
2025-03-14,"14:38","Ngongotaha","1","A",35.82,1.68,21.32,"242.42",990.04,"0.24","20.1",100.1,"0.76","0.5","Rākaunui",NA,NA,NA
2025-03-14,"14:38","Ngongotaha","2","A",33.47,1.98,16.9,"494.51",1024.8,"0.48","20.1",100.1,"0.76","0.5","Rākaunui",NA,NA,NA
2025-03-14,"14:38","Ngongotaha","3","A",33.47,2.03,16.48,"352.33",782.43,"0.45","20.1",100.1,"0.76","0.5","Rākaunui",NA,NA,NA
2025-03-14,"15:08","Te Koutu","1","A",0.1,2.18,0.04,"287.81",914.95,"0.31","21",110.9,"0.88","0.65","Rākaunui",NA,NA,NA
2025-03-14,"15:08","Te Koutu","2","A",12.34,2.52,4.89,"294.42",853.03,"0.28","21",110.9,"0.88","0.65","Rākaunui",NA,NA,NA
2025-03-14,"15:08","Te Koutu","3","A",14.69,2.67,5.5,"288.5",881.89,"0.32","21",110.9,"0.88","0.65","Rākaunui",NA,NA,NA
2025-03-14,"15:25","Lake Front","1","A",0.1,5.21,0.01,"760.28",3387.8,"0.22","23",109.8,"1.1","0.3","Rākaunui",NA,NA,NA
2025-03-14,"15:25","Lake Front","2","A",0.1,6.6,0.01,"894.23",4192,"0.21","23",109.8,"1.1","0.3","Rākaunui",NA,NA,NA
2025-03-14,"15:25","Lake Front","3","A",0.1,6.65,0.01,"758.96",3886.7,"0.19","23",109.8,"1.1","0.3","Rākaunui",NA,NA,NA
2025-03-17,"9:14","Hannah's Bay","1","A",122.57,8.37,14.64,"346.18",1955.6,"0.17","21.4",42.5,"4.33","0.82","Oike","Cloudy","moderate wave action, hazy",NA
2025-03-17,"9:14","Hannah's Bay","2","A",24.08,8.18,2.94,"298.1",1036.2,"0.28","21.4",42.5,"4.33","0.82","Oike","Cloudy","moderate wave action, hazy",NA
2025-03-17,"9:14","Hannah's Bay","3","A",24.86,8.42,2.95,"442.28",807.74,"0.54","21.4",42.5,"4.33","0.82","Oike","Cloudy","moderate wave action, hazy",NA
2025-03-17,"9:39","Te Pōhue","1","A",20.95,6.6,3.17,"75.58",758.89,"0.09","20.2",96.1,"1.56","0.51","Oike",NA,"ripples, clear",NA
2025-03-17,"9:39","Te Pōhue","2","A",24.86,8.62,2.88,"241.11",1215,"0.19","20.2",96.1,"1.56","0.51","Oike",NA,"ripples, clear",NA
2025-03-17,"9:39","Te Pōhue","3","A",0.1,3.5,0.02,"150.4",611.43,"0.24","20.2",96.1,"1.56","0.51","Oike",NA,"ripples, clear",NA
2025-03-17,"10:02","Ohau Channel","1","A",30.34,7.63,3.97,"359.86",141.73,"0.25","19.5",95.8,"1.31","0.54","Oike",NA,"moderate wave action, hazy",NA
2025-03-17,"10:02","Ohau Channel","2","A",0.1,3.16,0.03,"280.21",1552.6,"0.18","19.5",95.8,"1.31","0.54","Oike",NA,"moderate wave action, hazy",NA
2025-03-17,"10:02","Ohau Channel","3","A",6.25,7,0.69,"228.74",1508.1,"0.15","19.5",95.8,"1.31","0.54","Oike",NA,"moderate wave action, hazy",NA
2025-03-17,"10:21","Hamurana (East)","1","A",0.1,4.09,0.02,"470.47",1892.7,"0.24","13.5",91.5,"0.74","0.6","Oike",NA,"light wave action, clear",NA
2025-03-17,"10:21","Hamurana (East)","2","A",32.69,6.01,5.43,"423.07",1427,"0.29","13.5",91.5,"0.74","0.6","Oike",NA,"light wave action, clear",NA
2025-03-17,"10:21","Hamurana (East)","3","A",0.1,4.78,0.02,"357.86",2146.5,"0.16","13.5",91.5,"0.74","0.6","Oike",NA,"light wave action, clear",NA
2025-03-17,"10:38","Hamurana (bridge)","1","A",0.1,4.34,0.02,"271.3",1292.7,"0.2","20.7",88.9,"0.18","0.05","Oike",NA,"light wave action, clear",NA
2025-03-17,"10:38","Hamurana (bridge)","2","A",0.1,2.67,0.03,"372.92",2307.9,"0.16","20.7",88.9,"0.18","0.05","Oike",NA,"light wave action, clear",NA
2025-03-17,"10:38","Hamurana (bridge)","3","A",24.86,5.18,4.79,"578.31",2798.1,"0.2","20.7",88.9,"0.18","0.05","Oike",NA,"light wave action, clear",NA
2025-03-17,"10:50","Hamurana (West)","1","A",77.3,3.75,20.61,"179.97",853.97,"0.21","18.1",90.9,"0.42","0.49","Oike",NA,"light wave action, clear",NA
2025-03-17,"10:50","Hamurana (West)","2","A",8.5,5.86,1.45,"179.27",980.42,"0.18","18.1",90.9,"0.42","0.49","Oike",NA,"light wave action, clear",NA
2025-03-17,"10:50","Hamurana (West)","3","A",0.01,2.42,0.05,"152.47",859.2,"0.17","18.1",90.9,"0.42","0.49","Oike",NA,"light wave action, clear",NA
2025-03-17,"11:06","Awahou (Tarimano)","1","A",76.52,2.37,32.28,"208.08",225.07,"0.92","20.3",84.1,"1.16","1.22","Oike",NA,"light wave action, hazy",NA
2025-03-17,"11:06","Awahou (Tarimano)","2","A",7.75,3.11,2.49,"88.57",246.83,"0.35","20.3",84.1,"1.16","1.22","Oike",NA,"light wave action, hazy",NA
2025-03-17,"11:06","Awahou (Tarimano)","3","A",43.34,2.18,22.17,"52.92",259.07,"0.2","20.3",84.1,"1.16","1.22","Oike",NA,"light wave action, hazy",NA
2025-03-17,"11:18","Ngongotaha","1","A",0.1,3.45,0.02,"358.55",1086.7,"0.32","20.3",98.8,"0.97","0.94","Oike",NA,"moderate wave action, clear-hazy",NA
2025-03-17,"11:18","Ngongotaha","2","A",0.1,2.32,0.04,"158.69",848.74,"0.18","20.3",98.8,"0.97","0.94","Oike",NA,"moderate wave action, clear-hazy",NA
2025-03-17,"11:18","Ngongotaha","3","A",10.78,1.24,8.69,"158",636.74,"0.24","20.3",98.8,"0.97","0.94","Oike",NA,"moderate wave action, clear-hazy",NA
2025-03-17,"11:31","Te Koutu","1","A",0.1,2.47,0.04,"236.27",911.49,"0.25","21.8",93.4,"0.88","0.68","Oike",NA,"moderate wave action, clear",NA
2025-03-17,"11:31","Te Koutu","2","A",0.1,2.37,0.04,"188.88",793.73,"0.23","21.8",93.4,"0.88","0.68","Oike",NA,"moderate wave action, clear",NA
2025-03-17,"11:31","Te Koutu","3","A",0.1,2.22,0.04,"207.39",862.65,"0.24","21.8",93.4,"0.88","0.68","Oike",NA,"moderate wave action, clear",NA
2025-03-17,"11:48","Lake Front","1","A",0.1,7,0.01,"760.28",3387.8,"0.22","21.9",86.1,"2.82","0.72","Oike",NA,"moderate wave action, hazy but can still see lake bottom",NA
2025-03-17,"11:48","Lake Front","2","A",0.1,7.19,0.01,"894.23",4192,"0.21","21.9",86.1,"2.82","0.72","Oike",NA,"moderate wave action, hazy but can still see lake bottom",NA
2025-03-17,"11:48","Lake Front","3","A",0.1,6.69,0.01,"758.96",3886.7,"0.19","21.9",86.1,"2.82","0.72","Oike",NA,"moderate wave action, hazy but can still see lake bottom",NA
2025-03-19,"13:39","Hannah's Bay","1","A",0.1,3.75,0.02,"956.75",5187.3,"0.18",NA,NA,NA,NA,"Korekore-te-ngangana","Overcast, drizzles","clear, flat","Probe algae sensor malfunction in the field. Advised to not use probe until sensor is inspected."
2025-03-19,"13:39","Hannah's Bay","2","A",0.1,3.7,0.02,"1287.1",6148.4,"0.2",NA,NA,NA,NA,"Korekore-te-ngangana","Overcast, drizzles","clear, flat",NA
2025-03-19,"13:39","Hannah's Bay","3","A",0.1,4.09,0.02,"1247.2",7619.9,"0.16",NA,NA,NA,NA,"Korekore-te-ngangana","Overcast, drizzles","clear, flat",NA
2025-03-19,"14:02","Te Pōhue","1","A",0.1,0.95,0.1,"114.68",649.81,"0.17",NA,NA,NA,NA,"Korekore-te-ngangana",NA,"clear flat",NA
2025-03-19,"14:02","Te Pōhue","2","A",52.26,3.06,17.07,"235.38",658.59,"0.35",NA,NA,NA,NA,"Korekore-te-ngangana",NA,"clear flat",NA
2025-03-19,"14:02","Te Pōhue","3","A",18.6,2.52,7.38,"119.52",518.13,"0.23",NA,NA,NA,NA,"Korekore-te-ngangana",NA,"clear flat",NA
2025-03-19,"14:24","Ohau Channel","1","A",0.1,2.18,0.04,"175.82",1024.8,"0.17",NA,NA,NA,NA,"Korekore-te-ngangana",NA,"clear, flat",NA
2025-03-19,"14:24","Ohau Channel","2","A",0.1,4.59,0.02,"249.33",1492.3,"0.16",NA,NA,NA,NA,"Korekore-te-ngangana",NA,"clear, flat",NA
2025-03-19,"14:24","Ohau Channel","3","A",20.17,0.95,21.23,"196.41",777.2,"0.25",NA,NA,NA,NA,"Korekore-te-ngangana",NA,"clear, flat",NA
2025-03-19,"14:41","Hamurana (East)","1","A",13.91,1.63,8.53,"174.44",733.58,"0.23",NA,NA,NA,NA,"Korekore-te-ngangana",NA,"clear, flat",NA
2025-03-19,"14:41","Hamurana (East)","2","A",9.25,1.98,4.67,"221.14",761.51,"0.29",NA,NA,NA,NA,"Korekore-te-ngangana",NA,"clear, flat",NA
2025-03-19,"14:41","Hamurana (East)","3","A",73.39,1.39,52.79,"158.69",587.9,"0.26",NA,NA,NA,NA,"Korekore-te-ngangana",NA,"clear, flat",NA
2025-03-19,"14:59","Hamurana (bridge)","1","A",4,7.98,0.5,"422.38",2248.6,"0.18",NA,NA,NA,NA,"Korekore-te-ngangana",NA,"clear, flat",NA
2025-03-19,"14:59","Hamurana (bridge)","2","A",0.1,3.3,0.02,"519.95",3316.3,"0.23",NA,NA,NA,NA,"Korekore-te-ngangana",NA,"clear, flat",NA
2025-03-19,"14:59","Hamurana (bridge)","3","A",0.1,7.93,0.01,"491.74",2861.8,"0.17",NA,NA,NA,NA,"Korekore-te-ngangana",NA,"clear, flat",NA
2025-03-19,"15:11","Hamurana (West)","1","A",29.56,1.88,15.72,"89.95",733.58,"0.12",NA,NA,NA,NA,"Korekore-te-ngangana",NA,"clear, flat",NA
2025-03-19,"15:11","Hamurana (West)","2","A",49.13,3.75,13.1,"142.18",1031.8,"0.13",NA,NA,NA,NA,"Korekore-te-ngangana",NA,"clear, flat",NA
2025-03-19,"15:11","Hamurana (West)","3","A",0.1,4.49,0.02,"201.93",719.58,"0.28",NA,NA,NA,NA,"Korekore-te-ngangana",NA,"clear, flat",NA
2025-03-19,"11:52","Awahou (Tarimano)","1","A",32.69,9.65,3.38,"17.89",72.38,"0.24","13",91,"0.27","0.03","Korekore-te-ngangana",NA,"clear, flat",NA
2025-03-19,"11:52","Awahou (Tarimano)","2","A",38.17,0.75,50.89,"31.57",52.3,"0.6","13",91,"0.27","0.03","Korekore-te-ngangana",NA,"clear, flat",NA
2025-03-19,"11:52","Awahou (Tarimano)","3","A",0.1,4.04,0.02,"0.69",103.76,"0.006","13",91,"0.27","0.03","Korekore-te-ngangana",NA,"clear, flat",NA
2025-03-19,"12:16","Ngongotaha","1","A",4.75,5.08,0.93,"364.01",1321.4,"0.27","18.6",102.1,"0.62","0.66","Korekore-te-ngangana",NA,"clear, flat",NA
2025-03-19,"12:16","Ngongotaha","2","A",0.1,2.13,0.04,"501.35",1605.8,"0.31","18.6",102.1,"0.62","0.66","Korekore-te-ngangana",NA,"clear, flat",NA
2025-03-19,"12:16","Ngongotaha","3","A",0.1,6.4,0.01,"313.05",1128.7,"0.27","18.6",102.1,"0.62","0.66","Korekore-te-ngangana",NA,"clear, flat",NA
2025-03-19,"12:44","Te Koutu","1","A",0.1,5.22,0.01,"129.12",591.35,"0.21","19.8",105.8,"0.7","0.4","Korekore-te-ngangana",NA,"clear, flat",NA
2025-03-19,"12:44","Te Koutu","2","A",0.1,6.19,0.01,"272.68",633.28,"0.43","19.8",105.8,"0.7","0.4","Korekore-te-ngangana",NA,"clear, flat",NA
2025-03-19,"12:44","Te Koutu","3","A",0.1,6.06,0.01,"276.75",710.05,"0.38","19.8",105.8,"0.7","0.4","Korekore-te-ngangana",NA,"clear, flat",NA
2025-03-19,"13:16","Lake Front","1","A",0.1,1.09,0.09,"222.52",1226.4,"0.18","21.4",147.4,"3.62","0.48","Korekore-te-ngangana",NA,"clear, flat",NA
2025-03-19,"13:16","Lake Front","2","A",0.1,1.14,0.08,"253.4",1384.2,"0.18","21.4",147.4,"3.62","0.48","Korekore-te-ngangana",NA,"clear, flat",NA
2025-03-19,"13:16","Lake Front","3","A",0.1,1.04,0.09,"188.19",1126.1,"0.16","21.4",147.4,"3.62","0.48","Korekore-te-ngangana",NA,"clear, flat",NA
2025-03-21,"10:17","Hannah's Bay","1","A",0.1,1.24,0.08,"0",481.52,"0","17.1",93.3,"1","0.47","Tangaroa-ā-mua","Partial cloudy","light wave action and clear",NA
2025-03-21,"10:17","Hannah's Bay","2","A",0.1,1.29,0.07,"162.07",909.72,"0.17","17.1",93.3,"1","0.47","Tangaroa-ā-mua","Partial cloudy","light wave action and clear",NA
2025-03-21,"10:17","Hannah's Bay","3","A",0.1,1.44,0.05,"280.21",1454.9,"0.19","17.1",93.3,"1","0.47","Tangaroa-ā-mua","Partial cloudy","light wave action and clear",NA
2025-03-21,"10:46","Te Pōhue","1","A",0.1,2.27,0.04,"188.88",1925,"0.09","15.7",96.3,"1.8","0.42","Tangaroa-ā-mua",NA,"light wave action, hazy",NA
2025-03-21,"10:46","Te Pōhue","2","A",0.1,1.24,0.08,"192.33",912.23,"0.21","15.7",96.3,"1.8","0.42","Tangaroa-ā-mua",NA,"light wave action, hazy",NA
2025-03-21,"10:46","Te Pōhue","3","A",10,1.98,5.05,"337.2",1099.9,"0.3","15.7",96.3,"1.8","0.42","Tangaroa-ā-mua",NA,"light wave action, hazy",NA
2025-03-21,"11:02","Ohau Channel","1","A",0.1,0.6,0.16,"358.55",3284.9,"0.1","15.4",100.6,"2.21","0.6","Tangaroa-ā-mua",NA,"moderate wave action, hazy",NA
2025-03-21,"11:02","Ohau Channel","2","A",24.08,0,0,"348.83",1295.3,"0.26","15.4",100.6,"2.21","0.6","Tangaroa-ā-mua",NA,"moderate wave action, hazy",NA
2025-03-21,"11:02","Ohau Channel","3","A",1.75,2.47,0.7,"293.26",1322.3,"0.22","15.4",100.6,"2.21","0.6","Tangaroa-ā-mua",NA,"moderate wave action, hazy",NA
2025-03-21,"11:21","Hamurana (East)","1","A",0.1,0.75,0.1,"410.02",1238.6,"0.33","16.3",106.5,"2.74","0.85","Tangaroa-ā-mua",NA,"moderate wave action, hazy",NA
2025-03-21,"11:21","Hamurana (East)","2","A",0.1,0.95,0.1,"620.17",1575.3,"0.39","16.3",106.5,"2.74","0.85","Tangaroa-ā-mua",NA,"moderate wave action, hazy",NA
2025-03-21,"11:21","Hamurana (East)","3","A",6978.97,486.57,14.34,"769.95",1546.4,"0.49","16.3",106.5,"2.74","0.85","Tangaroa-ā-mua",NA,"moderate wave action, hazy",NA
2025-03-21,"11:42","Hamurana (bridge)","1","A",0.1,23.93,0,"5050.1",15026,"0.33","17.1",114.8,"19.88","10.71","Tangaroa-ā-mua",NA,"moderate wave action, murky",NA
2025-03-21,"11:42","Hamurana (bridge)","2","A",0.1,33.23,0,"7046.7",27419,"0.25","17.1",114.8,"19.88","10.71","Tangaroa-ā-mua",NA,"moderate wave action, murky",NA
2025-03-21,"11:42","Hamurana (bridge)","3","A",0.1,43.47,0,"6894.9",30137,"0.22","17.1",114.8,"19.88","10.71","Tangaroa-ā-mua",NA,"moderate wave action, murky",NA
2025-03-21,"11:58","Hamurana (West)","1","A",0.1,0.75,0.13,"393.58",860.99,"0.45","16.6",100.7,"11.56","0.78","Tangaroa-ā-mua",NA,"moderate wave action, hazy",NA
2025-03-21,"11:58","Hamurana (West)","2","A",0.1,0,0,"342.04",754.5,"0.45","16.6",100.7,"11.56","0.78","Tangaroa-ā-mua",NA,"moderate wave action, hazy",NA
2025-03-21,"11:58","Hamurana (West)","3","A",0.1,0,0,"292.57",726.23,"0.4","16.6",100.7,"11.56","0.78","Tangaroa-ā-mua",NA,"moderate wave action, hazy",NA
2025-03-21,"12:14","Awahou (Tarimano)","1","A",0.1,0,0,"190.95",517.29,"0.36","17.3",103.3,"1.7","0.2","Tangaroa-ā-mua",NA,"light wave action, clear",NA
2025-03-21,"12:14","Awahou (Tarimano)","2","A",0.1,0,0,"262.38",584.44,"0.44","17.3",103.3,"1.7","0.2","Tangaroa-ā-mua",NA,"light wave action, clear",NA
2025-03-21,"12:14","Awahou (Tarimano)","3","A",0.1,1.39,0.07,"208.77",762.35,"0.27","17.3",103.3,"1.7","0.2","Tangaroa-ā-mua",NA,"light wave action, clear",NA
2025-03-21,"12:30","Ngongotaha","1","A",0.1,0,0,"162.07",400.37,"0.4","16.3",108.7,"1.44","0.14","Tangaroa-ā-mua",NA,"moderate wave action, clear",NA
2025-03-21,"12:30","Ngongotaha","2","A",0.1,0,0,"98.93",497.21,"0.19","16.3",108.7,"1.44","0.14","Tangaroa-ā-mua",NA,"moderate wave action, clear",NA
2025-03-21,"12:30","Ngongotaha","3","A",0.1,0,0,"139.41",308.75,"0.45","16.3",108.7,"1.44","0.14","Tangaroa-ā-mua",NA,"moderate wave action, clear",NA
2025-03-21,"12:53","Te Koutu","1","A",0.1,11.18,0,"489.67",1878,"0.26","18.5",120.3,"0.76","0.15","Tangaroa-ā-mua",NA,"moderate wave action, clear",NA
2025-03-21,"12:53","Te Koutu","2","A",0.1,2.32,0.04,"699.9",642.81,"1.08","18.5",120.3,"0.76","0.15","Tangaroa-ā-mua",NA,"moderate wave action, clear",NA
2025-03-21,"12:53","Te Koutu","3","A",0.4,0,0,"138.72",760.57,"0.18","18.5",120.3,"0.76","0.15","Tangaroa-ā-mua",NA,"moderate wave action, clear",NA
2025-03-21,"13:09","Lake Front","1","A",0.1,0,0,"1366.7",3075.5,"0.44","20.5",102.4,"0.92","0.19","Tangaroa-ā-mua",NA,"moderate wave action, clear",NA
2025-03-21,"13:09","Lake Front","2","A",0.1,0,0,"144.25",495.44,"0.29","20.5",102.4,"0.92","0.19","Tangaroa-ā-mua",NA,"moderate wave action, clear",NA
2025-03-21,"13:09","Lake Front","3","A",0.1,0,0,"153.85",382.9,"0.4","20.5",102.4,"0.92","0.19","Tangaroa-ā-mua",NA,"moderate wave action, clear",NA
2025-03-24,"14:18","Hannah's Bay","1","A",0.1,0,0,"245.18",1229,"0.19","21.5",106.5,"1.19","0.61","Ōtane","Overcast","clear, light wave action",NA
2025-03-24,"14:18","Hannah's Bay","2","A",0.1,1.09,0.09,"245.87",1388.6,"0.17","21.5",106.5,"1.19","0.61","Ōtane","Overcast","clear, light wave action",NA
2025-03-24,"14:18","Hannah's Bay","3","A",0.1,1.93,0.05,"173.06",1051,"0.16","21.5",106.5,"1.19","0.61","Ōtane","Overcast","clear, light wave action",NA
2025-03-24,"14:04","Te Pōhue","1","A",0.1,0,0,"974.58",1484.5,"0.65","22",109.3,"2.29","0.56","Ōtane",NA,"clear, light wave action",NA
2025-03-24,"14:04","Te Pōhue","2","A",0.1,0,0,"1255.3",1263.8,"1.2","22",109.3,"2.29","0.56","Ōtane",NA,"clear, light wave action",NA
2025-03-24,"14:04","Te Pōhue","3","A",0.1,0,0,"308.39",1053.7,"0.29","22",109.3,"2.29","0.56","Ōtane",NA,"clear, light wave action",NA
2025-03-24,"13:49","Ohau Channel","1","A",0.1,0,0,"1111.3",1372.1,"0.8","22",125.1,"4.19","0.86","Ōtane",NA,"light wave action, murky",NA
2025-03-24,"13:49","Ohau Channel","2","A",0.1,1.59,0.05,"612.64",1519.4,"0.4","22",125.1,"4.19","0.86","Ōtane",NA,"light wave action, murky",NA
2025-03-24,"13:49","Ohau Channel","3","A",0.1,4.44,0.02,"426.53",1232.4,"0.34","22",125.1,"4.19","0.86","Ōtane",NA,"light wave action, murky",NA
2025-03-24,"13:35","Hamurana (East)","1","A",0.1,0,0,"229.43",893.19,"0.25","19.4",135.6,"2.05","0.41","Ōtane",NA,"murky, light wave action.",NA
2025-03-24,"13:35","Hamurana (East)","2","A",0.1,0,0,"258.93",760.57,"0.34","19.4",135.6,"2.05","0.41","Ōtane",NA,"murky, light wave action.",NA
2025-03-24,"13:35","Hamurana (East)","3","A",0.1,0.5,2,"317.31",785.85,"0.4","19.4",135.6,"2.05","0.41","Ōtane",NA,"murky, light wave action.",NA
2025-03-24,"13:19","Hamurana (bridge)","1","A",0.1,8.62,0.01,"3487.6",15512,"0.22","20.6",114.1,"3.33","1.34","Ōtane",NA,"murky, moderate wave action",NA
2025-03-24,"13:19","Hamurana (bridge)","2","A",0.1,10.19,0,"4445",21302,"0.2","20.6",114.1,"3.33","1.34","Ōtane",NA,"murky, moderate wave action",NA
2025-03-24,"13:19","Hamurana (bridge)","3","A",0.1,7.73,0.1,"4421",20956,"0.21","20.6",114.1,"3.33","1.34","Ōtane",NA,"murky, moderate wave action",NA
2025-03-24,"12:52","Hamurana (West)","1","A",0.1,0,0,"472.54",1961.6,"0.24","20",107.1,"1.89","1.06","Ōtane",NA,"clear, moderate wave action",NA
2025-03-24,"12:52","Hamurana (West)","2","A",0.1,12.85,0,"349.89",2150.1,"0.18","20",107.1,"1.89","1.06","Ōtane",NA,"clear, moderate wave action",NA
2025-03-24,"12:52","Hamurana (West)","3","A",0.1,0,0,"524.7",1827.3,"0.28","20",107.1,"1.89","1.06","Ōtane",NA,"clear, moderate wave action",NA
2025-03-24,"12:35","Awahou (Tarimano)","1","A",0.1,3.01,0.03,"537.06",1883.2,"0.28","17.8",105,"0.9","0.49","Ōtane",NA,"clear, moderate wave action",NA
2025-03-24,"12:35","Awahou (Tarimano)","2","A",0.1,4.54,0.02,"431.99",1180.1,"0.36","17.8",105,"0.9","0.49","Ōtane",NA,"clear, moderate wave action",NA
2025-03-24,"12:35","Awahou (Tarimano)","3","A",0.1,0,0,"477.31",2143.1,"0.22","17.8",105,"0.9","0.49","Ōtane",NA,"clear, moderate wave action",NA
2025-03-24,"12:17","Ngongotaha","1","A",0.1,0,0,"565.94",1555.2,"0.36","19.8",104.4,"0.64","1.05","Ōtane",NA,"flat, clear",NA
2025-03-24,"12:17","Ngongotaha","2","A",0.1,0,0,"258.93",966.5,"0.26","19.8",104.4,"0.64","1.05","Ōtane",NA,"flat, clear",NA
2025-03-24,"12:17","Ngongotaha","3","A",0.1,0,0,"402.49",1440,"0.27","19.8",104.4,"0.64","1.05","Ōtane",NA,"flat, clear",NA
2025-03-24,"11:23","Te Koutu","1","A",0.1,0,0,"401.45",1092.9,"0.41","19.6",108.5,"0.4","0.37","Ōtane",NA,"flat, clear",NA
2025-03-24,"11:23","Te Koutu","2","A",0.1,0,0,"353.02",1283.9,"0.27","19.6",108.5,"0.4","0.37","Ōtane",NA,"flat, clear",NA
2025-03-24,"11:23","Te Koutu","3","A",0.1,0,0,"353.02",990.88,"0.35","19.6",108.5,"0.4","0.37","Ōtane",NA,"flat, clear",NA
2025-03-24,"11:14","Lake Front","1","A",0.1,0,0,"395.58",1350.2,"0.29","20.3",95.5,"1.11","0.33","Ōtane",NA,"clear, flat",NA
2025-03-24,"11:14","Lake Front","2","A",0.1,0,0,"463.63",1742.7,"0.26","20.3",95.5,"1.11","0.33","Ōtane",NA,"clear, flat",NA
2025-03-24,"11:14","Lake Front","3","A",0.1,0,0,"434.75",1297,"0.33","20.3",95.5,"1.11","0.33","Ōtane",NA,"clear, flat",NA
2025-03-26,"14:23","Hannah's Bay","1","A",0.1,0,0,"385.21",3927.7,"0.09","22.6",117.3,"1.34","1.21","Ōrongomauri","Sunny, partly cloudy","light wave action, murky",NA
2025-03-26,"14:23","Hannah's Bay","2","A",0.1,2.96,0.03,"421",2652.4,"0.15","22.6",117.3,"1.34","1.21","Ōrongomauri","Sunny, partly cloudy","light wave action, murky",NA
2025-03-26,"14:23","Hannah's Bay","3","A",0.1,6.45,0.01,"659.34",4363.8,"0.15","22.6",117.3,"1.34","1.21","Ōrongomauri","Sunny, partly cloudy","light wave action, murky",NA
2025-03-26,"14:04","Te Pōhue","1","A",0.1,3.21,0.03,"124.28",547.74,"0.22","23.7",114.6,"0.67","0.28","Ōrongomauri",NA,"flat, clear",NA
2025-03-26,"14:04","Te Pōhue","2","A",0.1,0,0,"65.22",856.58,"0.07","23.7",114.6,"0.67","0.28","Ōrongomauri",NA,"flat, clear",NA
2025-03-26,"14:04","Te Pōhue","3","A",0.1,0,0,"131.19",26.82,"0.24","23.7",114.6,"0.67","0.28","Ōrongomauri",NA,"flat, clear",NA
2025-03-26,"13:49","Ohau Channel","1","A",0.1,0,0,"162.76",1361.5,"0.11","21.8",106.5,"0.62","0.51","Ōrongomauri",NA,"clear, light wave action",NA
2025-03-26,"13:49","Ohau Channel","2","A",0.1,1.69,0.06,"221.14",1295.3,"0.17","21.8",106.5,"0.62","0.51","Ōrongomauri",NA,"clear, light wave action",NA
2025-03-26,"13:49","Ohau Channel","3","A",0.1,0.5,0.2,"293.26",1721.8,"0.17","21.8",106.5,"0.62","0.51","Ōrongomauri",NA,"clear, light wave action",NA
2025-03-26,"13:35","Hamurana (East)","1","A",0.1,0,0,"254.78",771.97,"0.33","21.3",127.4,"1.31","0.61","Ōrongomauri",NA,"Light wave action, hazy",NA
2025-03-26,"13:35","Hamurana (East)","2","A",0.1,0,0,"182.04",823.43,"0.22","21.3",127.4,"1.31","0.61","Ōrongomauri",NA,"Light wave action, hazy",NA
2025-03-26,"13:35","Hamurana (East)","3","A",0.1,0,0,"321.45",1071.1,"0.3","21.3",127.4,"1.31","0.61","Ōrongomauri",NA,"Light wave action, hazy",NA
2025-03-26,"13:19","Hamurana (bridge)","1","A",0.1,0.7,0.14,"883.94",5971.4,"0.14","20.5",105.4,"0.69","0.68","Ōrongomauri",NA,"hazy, light wave action",NA
2025-03-26,"13:19","Hamurana (bridge)","2","A",0.1,1.24,0.08,"554.96",4410.1,"0.12","20.5",105.4,"0.69","0.68","Ōrongomauri",NA,"hazy, light wave action",NA
2025-03-26,"13:19","Hamurana (bridge)","3","A",0.1,0.8,0.12,"925.8",2907.2,"0.31","20.5",105.4,"0.69","0.68","Ōrongomauri",NA,"hazy, light wave action",NA
2025-03-26,"13:06","Hamurana (West)","1","A",0.1,0,0,"164.84",471.9,"0.34","21.6",107.1,"0.47","0.38","Ōrongomauri",NA,"light wave action, clear",NA
2025-03-26,"13:06","Hamurana (West)","2","A",0.1,0,0,"147.01",407.37,"0.36","21.6",107.1,"0.47","0.38","Ōrongomauri",NA,"light wave action, clear",NA
2025-03-26,"13:06","Hamurana (West)","3","A",0.1,0,0,"73.51",418.67,"0.17","21.6",107.1,"0.47","0.38","Ōrongomauri",NA,"light wave action, clear",NA
2025-03-26,"12:46","Awahou (Tarimano)","1","A",0.1,0,0,"224.59",510.29,"0.44","15.9",99.8,"1.11","0.19","Ōrongomauri",NA,"moderate wave action, clear",NA
2025-03-26,"12:46","Awahou (Tarimano)","2","A",0.1,0,0,"234.28",510.29,"0.45","15.9",99.8,"1.11","0.19","Ōrongomauri",NA,"moderate wave action, clear",NA
2025-03-26,"12:46","Awahou (Tarimano)","3","A",0.1,0,0,"162.76",422.21,"0.36","15.9",99.8,"1.11","0.19","Ōrongomauri",NA,"moderate wave action, clear",NA
2025-03-26,"12:20","Ngongotaha","1","A",0.1,0,0,"160",587.05,"0.27","20.4",111.2,"0.71","0.41","Ōrongomauri",NA,"moderate wave action, clear",NA
2025-03-26,"12:20","Ngongotaha","2","A",0.1,0,0,"179.97",900.19,"0.19","20.4",111.2,"0.71","0.41","Ōrongomauri",NA,"moderate wave action, clear",NA
2025-03-26,"12:20","Ngongotaha","3","A",0.1,0,0,"262.38",147.1,"0.17","20.4",111.2,"0.71","0.41","Ōrongomauri",NA,"moderate wave action, clear",NA
2025-03-26,"11:53","Te Koutu","1","A",0.1,0,0,"92.71",724.81,"0.12","20.7",107.7,"0.76","0.29","Ōrongomauri",NA,"flat, clear",NA
2025-03-26,"11:53","Te Koutu","2","A",0.1,0,0,"153.16",785.04,"0.19","20.7",107.7,"0.76","0.29","Ōrongomauri",NA,"flat, clear",NA
2025-03-26,"11:53","Te Koutu","3","A",0.1,0,0,"187.5",709.12,"0.26","20.7",107.7,"0.76","0.29","Ōrongomauri",NA,"flat, clear",NA
2025-03-26,"11:22","Lake Front","1","A",0.1,0,0,"329.67",1158.3,"0.28","21.1",85.6,"1.21","0.52","Ōrongomauri",NA,"flat, ripples",NA
2025-03-26,"11:22","Lake Front","2","A",0.1,0,0,"437.51",1340.6,"0.32","21.1",85.6,"1.21","0.52","Ōrongomauri",NA,"flat, ripples",NA
2025-03-26,"11:22","Lake Front","3","A",0.1,0,0,"423.07",1436.6,"0.29","21.1",85.6,"1.21","0.52","Ōrongomauri",NA,"flat, ripples",NA
2025-03-28,"14:29","Hannah's Bay","1","A",0.1,0,0,"4778.69",2544.3,"0.18","22.4",107.4,"2.48","1.55","Mutuwhenua","Overcast, partial skies","Hazy, light wave action",NA
2025-03-28,"14:29","Hannah's Bay","2","A",0.1,0,0,"510.33",1781.1,"0.28","22.4",107.4,"2.48","1.55","Mutuwhenua","Overcast, partial skies","Hazy, light wave action",NA
2025-03-28,"14:29","Hannah's Bay","3","A",44.43,1.39,31.96,"478",2613.2,"0.18","22.4",107.4,"2.48","1.55","Mutuwhenua","Overcast, partial skies","Hazy, light wave action",NA
2025-03-28,"14:05","Te Pōhue","1","A",0.1,0,0,"274.06",1231.6,"0.22","22.9",109.6,"1.04","0.52","Mutuwhenua",NA,"clear, light wave action.",NA
2025-03-28,"14:05","Te Pōhue","2","A",0.1,2.08,0.04,"258.93",973.41,"0.26","22.9",109.6,"1.04","0.52","Mutuwhenua",NA,"clear, light wave action.",NA
2025-03-28,"14:05","Te Pōhue","3","A",0.1,0,0,"312.47",1109.4,"0.28","22.9",109.6,"1.04","0.52","Mutuwhenua",NA,"clear, light wave action.",NA
2025-03-28,"13:47","Ohau Channel","1","A",17.82,0,0,"172.37",800.73,"0.21","21.8",118,"0.95","0.29","Mutuwhenua",NA,"clear, moderate wave action",NA
2025-03-28,"13:47","Ohau Channel","2","A",0.1,0,0,"155.23",603.58,"0.25","21.8",118,"0.95","0.29","Mutuwhenua",NA,"clear, moderate wave action",NA
2025-03-28,"13:47","Ohau Channel","3","A",0.1,0,0,"125.66",632.35,"0.19","21.8",118,"0.95","0.29","Mutuwhenua",NA,"clear, moderate wave action",NA
2025-03-28,"13:16","Hamurana (bridge)","1","A",0.1,1.32,0.04,"1689.5",7654.8,"0.22","21.4",115.1,"2.07","1.21","Mutuwhenua",NA,"murky, light wave action",NA
2025-03-28,"13:16","Hamurana (bridge)","2","A",0.1,1.59,0.06,"2034.3",7365.2,"0.27","21.4",115.1,"2.07","1.21","Mutuwhenua",NA,"murky, light wave action",NA
2025-03-28,"13:16","Hamurana (bridge)","3","A",0.1,2.27,0.04,"2438.2",7023.3,"0.34","21.4",115.1,"2.07","1.21","Mutuwhenua",NA,"murky, light wave action",NA
2025-03-28,"13:03","Hamurana (West)","1","A",13.91,0,0,"317.31",935.03,"0.33","20.9",102.3,"3.34","1.13","Mutuwhenua",NA,"Hazy, light wave action",NA
2025-03-28,"13:03","Hamurana (West)","2","A",15.47,2.42,6.39,"337.2",1084.1,"0.31","20.9",102.3,"3.34","1.13","Mutuwhenua",NA,"Hazy, light wave action",NA
2025-03-28,"13:03","Hamurana (West)","3","A",0.1,3.6,0.02,"465.01",1019.6,"0.45","20.9",102.3,"3.34","1.13","Mutuwhenua",NA,"Hazy, light wave action",NA
2025-03-28,"12:43","Awahou (Tarimano)","1","A",0.1,0,0,"723.47",2091.6,"0.34","20.6",112.5,"2.81","1.33","Mutuwhenua",NA,"hazy, moderate wave action",NA
2025-03-28,"12:43","Awahou (Tarimano)","2","A",0.1,6.5,0.01,"723.87",2341.1,"0.3","20.6",112.5,"2.81","1.33","Mutuwhenua",NA,"hazy, moderate wave action",NA
2025-03-28,"12:43","Awahou (Tarimano)","3","A",13.91,4.68,2.97,"635.3",3188,"0.19","20.6",112.5,"2.81","1.33","Mutuwhenua",NA,"hazy, moderate wave action",NA
2025-03-28,"12:24","Ngongotaha","1","A",0.1,0,0,"558.41",1239.4,"0.45","20",108.2,"0.88","0.93","Mutuwhenua",NA,"flat, clear",NA
2025-03-28,"12:24","Ngongotaha","2","A",0.1,0,0,"307.22",1235,"0.29","20",108.2,"0.88","0.93","Mutuwhenua",NA,"flat, clear",NA
2025-03-28,"12:24","Ngongotaha","3","A",0.1,0,0,"508.95",1791.6,"0.28","20",108.2,"0.88","0.93","Mutuwhenua",NA,"flat, clear",NA
2025-03-28,"11:47","Te Koutu","1","A",0.1,0,0,"225.28",668.12,"0.3","21",108.7,"0.56","0.4","Mutuwhenua",NA,"clear, ripples",NA
2025-03-28,"11:47","Te Koutu","2","A",0.1,0,0,"182.04",664.66,"0.27","21",108.7,"0.56","0.4","Mutuwhenua",NA,"clear, ripples",NA
2025-03-28,"11:47","Te Koutu","3","A",0.1,0,0,"194.4",771.97,"0.25","21",108.7,"0.56","0.4","Mutuwhenua",NA,"clear, ripples",NA
2025-03-28,"11:28","Lake Front","1","A",0.1,0,0,"121.59",605.36,"0.2","21",97.8,"1.24","0.37","Mutuwhenua",NA,"clear, ripples",NA
2025-03-28,"11:28","Lake Front","2","A",0.1,0,0,"207.39",837.34,"0.24","21",97.8,"1.24","0.37","Mutuwhenua",NA,"clear, ripples",NA
2025-03-28,"11:28","Lake Front","3","A",0.1,0,0,"134.63",644.58,"0.2","21",97.8,"1.24","0.37","Mutuwhenua",NA,"clear, ripples",NA
2025-03-31,"11:18","Hannah's Bay","1","A",0.1,0,0,"420.31",1615.3,"0.26","20.9",107.1,"1.07","1.49","Ōtirea","Overcast, partial skies.","clear, flat",NA
2025-03-31,"11:18","Hannah's Bay","2","A",0.1,0,0,"353.71",2703.1,"0.13","20.9",107.1,"1.07","1.49","Ōtirea","Overcast, partial skies.","clear, flat",NA
2025-03-31,"11:18","Hannah's Bay","3","A",0.1,0,0,"286.42",1658.9,"0.17","20.9",107.1,"1.07","1.49","Ōtirea","Overcast, partial skies.","clear, flat",NA
2025-03-31,"11:43","Te Pōhue","1","A",0.1,0,0,"447.12",985.65,"0.45","20.2",101.2,"1.21","0.53","Ōtirea",NA,"clear, flat",NA
2025-03-31,"11:43","Te Pōhue","2","A",0.1,0,0,"399.72",1019.6,"0.39","20.2",101.2,"1.21","0.53","Ōtirea",NA,"clear, flat",NA
2025-03-31,"11:43","Te Pōhue","3","A",0.1,0,0,"332.44",914.95,"0.36","20.2",101.2,"1.21","0.53","Ōtirea",NA,"clear, flat",NA
2025-03-31,"11:59","Ohau Channel","1","A",0.1,0.5,0.2,"19986",628.05,"0.31","19.9",81.8,"0.55","0.42","Ōtirea",NA,"clear, flat",NA
2025-03-31,"11:59","Ohau Channel","2","A",0.1,0,0,"242.42",1093.7,"0.22","19.9",81.8,"0.55","0.42","Ōtirea",NA,"clear, flat",NA
2025-03-31,"11:59","Ohau Channel","3","A",0.1,0,0,"320.07",712.51,"0.44","19.9",81.8,"0.55","0.42","Ōtirea",NA,"clear, flat",NA
2025-03-31,"12:15","Hamurana (East)","1","A",0.1,1.63,0.06,"517.86",1132.1,"0.45","20.1",125.3,"1.16","0.69","Ōtirea",NA,"clear, flat",NA
2025-03-31,"12:15","Hamurana (East)","2","A",0.1,1.76,0.05,"585.84",912.33,"0.64","20.1",125.3,"1.16","0.69","Ōtirea",NA,"clear, flat",NA
2025-03-31,"12:15","Hamurana (East)","3","A",0.1,0,0,"481.95",1338,"0.35","20.1",125.3,"1.16","0.69","Ōtirea",NA,"clear, flat",NA
2025-03-31,"12:31","Hamurana (bridge)","1","A",32.69,0,0,"515.09",2334.1,"0.22","18.3",105.9,"0.59","0.39","Ōtirea",NA,"clear, flat",NA
2025-03-31,"12:31","Hamurana (bridge)","2","A",0.1,0,0,"35648",1272.6,"0.28","18.3",105.9,"0.59","0.39","Ōtirea",NA,"clear, flat",NA
2025-03-31,"12:31","Hamurana (bridge)","3","A",0.1,2.81,0,"349.57",1153.1,"0.3","18.3",105.9,"0.59","0.39","Ōtirea",NA,"clear, flat",NA
2025-03-31,"12:43","Hamurana (West)","1","A",0.1,0,0,"262.38",607.13,"0.43","19.9",97,"0.59","0.39","Ōtirea",NA,"clear, flat",NA
2025-03-31,"12:43","Hamurana (West)","2","A",0.1,0,0,"157.31",539.89,"0.29","19.9",97,"0.59","0.39","Ōtirea",NA,"clear, flat",NA
2025-03-31,"12:43","Hamurana (West)","3","A",84.34,0.75,112.45,"141.49",545.12,"0.25","19.9",97,"0.59","0.39","Ōtirea",NA,"clear, flat",NA
2025-03-31,"13:12","Awahou (Tarimano)","1","A",0.1,4.98,0.02,"175.02",209.38,"0.83","13.9",95.6,"2.27","0.13","Ōtirea",NA,"clear flat",NA
2025-03-31,"13:12","Awahou (Tarimano)","2","A",0.1,0,0,"78.27",184.91,"0.43","13.9",95.6,"2.27","0.13","Ōtirea",NA,"clear flat",NA
2025-03-31,"13:12","Awahou (Tarimano)","3","A",2.5,2.18,1.14,"82.42",218.91,"0.37","13.9",95.6,"2.27","0.13","Ōtirea",NA,"clear flat",NA
2025-03-31,"13:28","Ngongotaha","1","A",13.91,2.62,5.3,"410.71",1723.5,"0.23","20.6",110.1,"0.67","1.04","Ōtirea",NA,"clear, light wave action",NA
2025-03-31,"13:28","Ngongotaha","2","A",0.1,5.91,0.01,"470.47",2341.9,"0.2","20.6",110.1,"0.67","1.04","Ōtirea",NA,"clear, light wave action",NA
2025-03-31,"13:28","Ngongotaha","3","A",0.1,1.73,0.05,"546.04",1732.3,"0.31","20.6",110.1,"0.67","1.04","Ōtirea",NA,"clear, light wave action",NA
2025-03-31,"13:49","Te Koutu","1","A",0.1,1.54,0.06,"265",839.96,"0.31","22.2",127.1,"0.71","0.3","Ōtirea",NA,"clear, light wave action",NA
2025-03-31,"13:49","Te Koutu","2","A",0.1,0,0,"228.74",730.97,"0.31","22.2",127.1,"0.71","0.3","Ōtirea",NA,"clear, light wave action",NA
2025-03-31,"13:49","Te Koutu","3","A",0.1,0,0,"252.78",892.35,"0.28","22.2",127.1,"0.71","0.3","Ōtirea",NA,"clear, light wave action",NA
2025-03-31,"14:06","Lake Front","1","A",0.1,3.16,0.03,"1232.1",5041.6,"0.24","25.3",154.4,"0.87","0.55","Ōtirea",NA,"clear, light wave action",NA
2025-03-31,"14:06","Lake Front","2","A",0.1,6.26,0.01,"967.05",4473.7,"0.21","25.3",154.4,"0.87","0.55","Ōtirea",NA,"clear, light wave action",NA
2025-03-31,"14:06","Lake Front","3","A",0.1,6.06,0.01,"934.78",4351.6,"0.21","25.3",154.4,"0.87","0.55","Ōtirea",NA,"clear, light wave action",NA
2025-04-02,"11:14","Hannah's Bay","1","A",17.04,0.05,340.8,"313.16",1802,"0.17","20.4",94.7,"1.93","1.03","Ōuenuku","Overcast, drizzles","flat, murky",NA
2025-04-02,"11:14","Hannah's Bay","2","A",28,7.63,3.66,"410.71",2365.5,"0.17","20.4",94.7,"1.93","1.03","Ōuenuku","Overcast, drizzles","flat, murky",NA
2025-04-02,"11:14","Hannah's Bay","3","A",5.56,0.15,437.06,"431.3",2405.6,"0.17","20.4",94.7,"1.93","1.03","Ōuenuku","Overcast, drizzles","flat, murky",NA
2025-04-02,"11:31","Te Pōhue","1","A",0.1,0,0,"274.75",609.75,"0.45","19.2",95.5,"5.74","1.43","Ōuenuku",NA,"flat, clear",NA
2025-04-02,"11:31","Te Pōhue","2","A",17.04,0,0,"230.74",787.66,"0.29","19.2",95.5,"5.74","1.43","Ōuenuku",NA,"flat, clear",NA
2025-04-02,"11:31","Te Pōhue","3","A",0.1,0,0,"309.78",784.2,"0.39","19.2",95.5,"5.74","1.43","Ōuenuku",NA,"flat, clear",NA
2025-04-02,"12:12","Ohau Channel","1","A",0.1,0,0,"395.58",1289.1,"0.3","15.2",105.3,"2.54","0.74","Ōuenuku",NA,"flat, clear",NA
2025-04-02,"12:12","Ohau Channel","2","A",0.1,2.95,0.03,"471.16",1502,"0.31","15.2",105.3,"2.54","0.74","Ōuenuku",NA,"flat, clear",NA
2025-04-02,"12:12","Ohau Channel","3","A",0.1,0.55,0.18,"295.34",1455.7,"0.2","15.2",105.3,"2.54","0.74","Ōuenuku",NA,"flat, clear",NA
2025-04-02,"12:39","Hamurana (East)","1","A",0.1,0,0,"442.97",1280.4,"0.34","13.1",90.5,"0.28","0.04","Ōuenuku",NA,"ripples, clear",NA
2025-04-02,"12:39","Hamurana (East)","2","A",55.39,2.52,21.98,"383.21",1533.3,"0.24","13.1",90.5,"0.28","0.04","Ōuenuku",NA,"ripples, clear",NA
2025-04-02,"12:39","Hamurana (East)","3","A",15.47,0,0,"320.76",816.42,"0.39","13.1",90.5,"0.28","0.04","Ōuenuku",NA,"ripples, clear",NA
2025-04-02,"12:57","Hamurana (bridge)","1","A",3.25,0.7,4.64,"412.09",1887.5,"0.21","19",107.4,"0.35","0.39","Ōuenuku",NA,"flat, clear",NA
2025-04-02,"12:57","Hamurana (bridge)","2","A",6.25,1.54,4.05,"519.93",1628.4,"0.31","19",107.4,"0.35","0.39","Ōuenuku",NA,"flat, clear",NA
2025-04-02,"12:57","Hamurana (bridge)","3","A",13.91,2.86,4.86,"571.4",2131.7,"0.26","19",107.4,"0.35","0.39","Ōuenuku",NA,"flat, clear",NA
2025-04-02,"13:13","Hamurana (West)","1","A",13.13,1.09,12.04,"344.8",837.34,"0.41","15.7",125.6,"0.72","0.6","Ōuenuku",NA,"clear, moderate wave action",NA
2025-04-02,"13:13","Hamurana (West)","2","A",0.1,4.49,0.02,"286.42",848.74,"0.33","15.7",125.6,"0.72","0.6","Ōuenuku",NA,"clear, moderate wave action",NA
2025-04-02,"13:13","Hamurana (West)","3","A",61.65,0,0,"226.67",723.97,"0.31","15.7",125.6,"0.72","0.6","Ōuenuku",NA,"clear, moderate wave action",NA
2025-04-02,"13:30","Awahou (Tarimano)","1","A",0.1,0,0,"184.04",302.68,"0.6","19.1",97.7,"0.49","0.44","Ōuenuku",NA,"clear, moderate wave action",NA
2025-04-02,"13:30","Awahou (Tarimano)","2","A",0.1,0,0,"179.97",344.52,"0.53","19.1",97.7,"0.49","0.44","Ōuenuku",NA,"clear, moderate wave action",NA
2025-04-02,"13:30","Awahou (Tarimano)","3","A",0.1,0,0,"202.63",310.52,"0.65","19.1",97.7,"0.49","0.44","Ōuenuku",NA,"clear, moderate wave action",NA
2025-04-02,"13:44","Ngongotaha","1","A",4,0.7,5.71,"744.53",1983.5,"0.37","19.1",90.4,"0.74","0.64","Ōuenuku",NA,"clear, moderate wave action",NA
2025-04-02,"13:44","Ngongotaha","2","A",0.1,2.86,0.03,"826.94",2197.2,"0.37","19.1",90.4,"0.74","0.64","Ōuenuku",NA,"clear, moderate wave action",NA
2025-04-02,"13:44","Ngongotaha","3","A",0.1,2.67,0.03,"798.76",1965.2,"0.37","19.1",90.4,"0.74","0.64","Ōuenuku",NA,"clear, moderate wave action",NA
2025-04-02,"14:03","Te Koutu","1","A",0.1,2.72,0.03,"1707.4",2409.2,"0.7","19.8",106.5,"0.62","0.35","Ōuenuku",NA,"murky, moderate wave action",NA
2025-04-02,"14:03","Te Koutu","2","A",48.34,3.26,14.82,"2212.2",7080,"0.31","19.8",106.5,"0.62","0.35","Ōuenuku",NA,"murky, moderate wave action",NA
2025-04-02,"14:03","Te Koutu","3","A",0.1,3.21,0.03,"520.62",1727.9,"0.3","19.8",106.5,"0.62","0.35","Ōuenuku",NA,"murky, moderate wave action",NA
2025-04-02,"14:29","Lake Front","1","A",0.1,6.11,0.01,"1322.8",9064.4,"0.14","19.6",100.3,"2.1","0.73","Ōuenuku",NA,"clear, moderate wave action",NA
2025-04-02,"14:29","Lake Front","2","A",6.25,45.35,0.13,"1531.6",7950.5,"0.19","19.6",100.3,"2.1","0.73","Ōuenuku",NA,"clear, moderate wave action",NA
2025-04-02,"14:29","Lake Front","3","A",0.1,7.34,0.01,"1390.8",7728,"0.18","19.6",100.3,"2.1","0.73","Ōuenuku",NA,"clear, moderate wave action",NA
2025-04-04,NA,"Hannah's Bay","1","A",0.1,27.37,0,"7727.3",44902,"0.17","17.9",89.7,"42.21","23.31","Tamateatuatahi",NA,"High wave action, murky",NA
2025-04-04,NA,"Hannah's Bay","2","A",41.3,11.82,3.49,"5923.1",36282,"0.16","17.9",89.7,"42.21","23.31","Tamateatuatahi",NA,"High wave action, murky",NA
2025-04-04,NA,"Hannah's Bay","3","A",94.52,11.37,8.31,"5536.6",37300,"0.14","17.9",89.7,"42.21","23.31","Tamateatuatahi",NA,"High wave action, murky",NA
2025-04-04,NA,"Te Pōhue","1","A",0.1,3.31,0.03,"3410.7",9103.6,"0.37","17.9",97.1,"5.19","0.31","Tamateatuatahi",NA,"Moderate wave action, hazy",NA
2025-04-04,NA,"Te Pōhue","2","A",9.25,0,0,"817.34",3889.3,"0.21","17.9",97.1,"5.19","0.31","Tamateatuatahi",NA,"Moderate wave action, hazy",NA
2025-04-04,NA,"Te Pōhue","3","A",0.1,1.04,9.61,"733.54",3490.7,"0.21","17.9",97.1,"5.19","0.31","Tamateatuatahi",NA,"Moderate wave action, hazy",NA
2025-04-04,NA,"Ohau Channel","1","A",0.1,0,0,"318.69",1167.1,"0.27","19.3",95.4,"0.69","0.57","Tamateatuatahi",NA,"Clear, ripples",NA
2025-04-04,NA,"Ohau Channel","2","A",0.1,0,0,"342.73",1176.6,"0.29","19.3",95.4,"0.69","0.57","Tamateatuatahi",NA,"Clear, ripples",NA
2025-04-04,NA,"Ohau Channel","3","A",0.1,0,0,"316.61",819.04,"0.38","19.3",95.4,"0.69","0.57","Tamateatuatahi",NA,"Clear, ripples",NA
2025-04-04,NA,"Hamurana (East)","1","A",0.1,0,0,"197.1",1169.7,"0.16","19",94.6,"1.7","0.69","Tamateatuatahi",NA,"clear, ripples",NA
2025-04-04,NA,"Hamurana (East)","2","A",0.1,0,0,"309.08",1145.2,"0.26","19",94.6,"1.7","0.69","Tamateatuatahi",NA,"clear, ripples",NA
2025-04-04,NA,"Hamurana (East)","3","A",0.1,2.77,0.03,"318",1257.7,"0.25","19",94.6,"1.7","0.69","Tamateatuatahi",NA,"clear, ripples",NA
2025-04-04,NA,"Hamurana (bridge)","1","A",0.1,1.83,0.05,"456.03",2056.7,"0.22","14.9",103.1,"0.51","0.3","Tamateatuatahi",NA,"ripples, murky",NA
2025-04-04,NA,"Hamurana (bridge)","2","A",0.1,2.08,0.04,"361.24",1334.5,"0.27","14.9",103.1,"0.51","0.3","Tamateatuatahi",NA,"ripples, murky",NA
2025-04-04,NA,"Hamurana (bridge)","3","A",0.1,2.85,0.03,"416.23",1865.7,"0.22","14.9",103.1,"0.51","0.3","Tamateatuatahi",NA,"ripples, murky",NA
2025-04-04,NA,"Hamurana (West)","1","A",3.25,0,0,"364.01",737.91,"0.49","17.1",103.4,"2.01","0.26","Tamateatuatahi",NA,"murky, light wave action",NA
2025-04-04,NA,"Hamurana (West)","2","A",20.95,0,0,"401.8",770.19,"0.52","17.1",103.4,"2.01","0.26","Tamateatuatahi",NA,"murky, light wave action",NA
2025-04-04,NA,"Hamurana (West)","3","A",0.1,0,0,"431.99",760.57,"0.56","17.1",103.4,"2.01","0.26","Tamateatuatahi",NA,"murky, light wave action",NA
2025-04-04,NA,"Awahou (Tarimano)","1","A",0.1,0,0,"323.52",575.66,"0.56","13.5",91.2,"2.18","0.13","Tamateatuatahi",NA,"Moderate wave action, clear",NA
2025-04-04,NA,"Awahou (Tarimano)","2","A",0.1,0,0,"361.24",539.05,"0.67","13.5",91.2,"2.18","0.13","Tamateatuatahi",NA,"Moderate wave action, clear",NA
2025-04-04,NA,"Awahou (Tarimano)","3","A",0.1,0,0,"326.22",593.12,"0.55","13.5",91.2,"2.18","0.13","Tamateatuatahi",NA,"Moderate wave action, clear",NA
2025-04-04,NA,"Ngongotaha","1","A",10,0.9,11.11,"657.27",3919,"0.16","15",100.9,"5.56","0.94","Tamateatuatahi",NA,"moderate wave action, clear",NA
2025-04-04,NA,"Ngongotaha","2","A",0.1,1.7,0.05,"765.11",2715.3,"0.28","15",100.9,"5.56","0.94","Tamateatuatahi",NA,"moderate wave action, clear",NA
2025-04-04,NA,"Ngongotaha","3","A",13.13,2.37,5.54,"721.87",2320.2,"0.31","15",100.9,"5.56","0.94","Tamateatuatahi",NA,"moderate wave action, clear",NA
2025-04-04,NA,"Te Koutu","1","A",0.1,13.79,0,"1996.5",9133.6,"0.21","18.1",97.7,"12.3","4.76","Tamateatuatahi",NA,"moderate wave action, hazy",NA
2025-04-04,NA,"Te Koutu","2","A",13.13,15.07,0.87,"1400.4",9198.7,"0.15","18.1",97.7,"12.3","4.76","Tamateatuatahi",NA,"moderate wave action, hazy",NA
2025-04-04,NA,"Te Koutu","3","A",15.97,15.8,0.97,"1491",12160,"0.12","18.1",97.7,"12.3","4.76","Tamateatuatahi",NA,"moderate wave action, hazy",NA
2025-04-04,NA,"Lake Front","1","A",0.1,2.32,0.04,"2837.9",14027,"0.2","18.7",88.6,"26.97","5.56","Tamateatuatahi",NA,"moderate wave action, murky",NA
2025-04-04,NA,"Lake Front","2","A",0.1,2.41,0,"2302.8",11687,"0.19","18.7",88.6,"26.97","5.56","Tamateatuatahi",NA,"moderate wave action, murky",NA
2025-04-04,NA,"Lake Front","3","A",0.1,3.01,0.03,"2502.7",11767,"0.21","18.7",88.6,"26.97","5.56","Tamateatuatahi",NA,"moderate wave action, murky",NA
2025-04-07,"11:46","Hannah's Bay","1","A",0.1,0,0,"695.06",2338.5,"0.29","17.6",98.2,"5.91","1.41","Tamateawhakapau","Cloudy, partial shoers and blue skies","high wave action, murky",NA
2025-04-07,"11:46","Hannah's Bay","2","A",0.1,0,0,"714.96",2328,"0.3","17.6",98.2,"5.91","1.41","Tamateawhakapau","Cloudy, partial shoers and blue skies","high wave action, murky",NA
2025-04-07,"11:46","Hannah's Bay","3","A",0.1,0,0,"718.41",2321,"0.3","17.6",98.2,"5.91","1.41","Tamateawhakapau","Cloudy, partial shoers and blue skies","high wave action, murky",NA
2025-04-07,"12:03","Te Pōhue","1","A",0.1,0,0,"453.26",1740.9,"0.26","18.5",99.8,"3.01","0.33","Tamateawhakapau",NA,"moderate wave action, clear",NA
2025-04-07,"12:03","Te Pōhue","2","A",0.1,0,0,"429.91",1457.5,"0.29","18.5",99.8,"3.01","0.33","Tamateawhakapau",NA,"moderate wave action, clear",NA
2025-04-07,"12:03","Te Pōhue","3","A",0.1,0,0,"396.96",1330.1,"0.29","18.5",99.8,"3.01","0.33","Tamateawhakapau",NA,"moderate wave action, clear",NA
2025-04-07,"12:26","Ohau Channel","1","A",0.1,0,0,"918.96",1532.5,"0.59","18.7",98.3,"5.5","0.81","Tamateawhakapau",NA,"moderate wave action, clear",NA
2025-04-07,"12:26","Ohau Channel","2","A",0.1,0,0,"392.88",810.35,"0.48","18.7",98.3,"5.5","0.81","Tamateawhakapau",NA,"moderate wave action, clear",NA
2025-04-07,"12:26","Ohau Channel","3","A",0.1,0,0,"812.5",913.22,"0.88","18.7",98.3,"5.5","0.81","Tamateawhakapau",NA,"moderate wave action, clear",NA
2025-04-07,"12:47","Hamurana (East)","1","A",0.1,0,0,"241.11",1003.1,"0.24","19",104.2,"2.08","0.89","Tamateawhakapau",NA,"light wave action, hazy",NA
2025-04-07,"12:47","Hamurana (East)","2","A",0.1,0,0,"198.48",1159.2,"0.17","19",104.2,"2.08","0.89","Tamateawhakapau",NA,"light wave action, hazy",NA
2025-04-07,"12:47","Hamurana (East)","3","A",0.1,0,0,"300.17",973.41,"0.3","19",104.2,"2.08","0.89","Tamateawhakapau",NA,"light wave action, hazy",NA
2025-04-07,"13:01","Hamurana (bridge)","1","A",0.1,3.7,0.02,"1965.4",6943.1,"0.24","17.6",109.2,"0.72","0.3","Tamateawhakapau",NA,"light wave action, hazy",NA
2025-04-07,"13:01","Hamurana (bridge)","2","A",5.5,0,0,"2137.3",7118.4,"0.3","17.6",109.2,"0.72","0.3","Tamateawhakapau",NA,"light wave action, hazy",NA
2025-04-07,"13:01","Hamurana (bridge)","3","A",0.1,1.83,0.05,"2040.5",6964,"0.29","17.6",109.2,"0.72","0.3","Tamateawhakapau",NA,"light wave action, hazy",NA
2025-04-07,"13:17","Hamurana (West)","1","A",0.1,4.31,0.03,"871.57",2353.3,"0.37","17.9",104.4,"0.65","0.78","Tamateawhakapau",NA,"light wave action, hazy",NA
2025-04-07,"13:17","Hamurana (West)","2","A",52.89,0,0,"1120.9",1942.5,"0.57","17.9",104.4,"0.65","0.78","Tamateawhakapau",NA,"light wave action, hazy",NA
2025-04-07,"13:17","Hamurana (West)","3","A",0.1,5.5,0.03,"913.44",2208.5,"0.41","17.9",104.4,"0.65","0.78","Tamateawhakapau",NA,"light wave action, hazy",NA
2025-04-07,"13:38","Awahou (Tarimano)","1","A",0.1,0,0,"184.04",768.42,"0.23","16.9",99.8,"0.9","0.51","Tamateawhakapau",NA,"flat, clear",NA
2025-04-07,"13:38","Awahou (Tarimano)","2","A",0.1,0,0,"135.03",559.97,"0.24","16.9",99.8,"0.9","0.51","Tamateawhakapau",NA,"flat, clear",NA
2025-04-07,"13:38","Awahou (Tarimano)","3","A",41.3,0,0,"157.31",663.82,"0.23","16.9",99.8,"0.9","0.51","Tamateawhakapau",NA,"flat, clear",NA
2025-04-07,"14:02","Ngongotaha","1","A",0.1,2.11,0.08,"200.55",473.68,"0.42","16.3",100.6,"2.11","0.2","Tamateawhakapau",NA,"ripples, clear",NA
2025-04-07,"14:02","Ngongotaha","2","A",0.1,1.8,0.02,"140.79",578.28,"0.24","16.3",100.6,"2.11","0.2","Tamateawhakapau",NA,"ripples, clear",NA
2025-04-07,"14:02","Ngongotaha","3","A",0.1,0,0,"217.75",624.05,"0.34","16.3",100.6,"2.11","0.2","Tamateawhakapau",NA,"ripples, clear",NA
2025-04-07,"14:39","Te Koutu","1","A",0.1,0,0,"251.4",657.96,"0.37","18",105.5,"3.34","0.5","Tamateawhakapau",NA,"light wave action, clear",NA
2025-04-07,"14:39","Te Koutu","2","A",0.1,0,0,"136.65",551.29,"0.24","18",105.5,"3.34","0.5","Tamateawhakapau",NA,"light wave action, clear",NA
2025-04-07,"14:39","Te Koutu","3","A",0.1,0,0,"254.78",606.2,"0.42","18",105.5,"3.34","0.5","Tamateawhakapau",NA,"light wave action, clear",NA
2025-04-07,"14:55","Lake Front","1","A",0.1,0,0,"168.98",786.82,"0.21","18.6",94.4,"2.23","0.76","Tamateawhakapau",NA,"light wave action, clear",NA
2025-04-07,"14:55","Lake Front","2","A",0.1,0,0,"229.43",711.73,"0.32","18.6",94.4,"2.23","0.76","Tamateawhakapau",NA,"light wave action, clear",NA
2025-04-07,"14:55","Lake Front","3","A",0.1,0,0,"185.42",708.28,"0.26","18.6",94.4,"2.23","0.76","Tamateawhakapau",NA,"light wave action, clear",NA
2025-04-16,"11:28","Hannah's Bay","1","B",0.1,4.31,0.02,"560.41",1379,"0.4","17.1",95.1,"0.91","0.75","Oike","overcast","moderate wave action, hazy",NA
2025-04-16,"11:28","Hannah's Bay","2","B",0.1,3.61,0.02,"333.82",1249.1,"0.26","17.1",95.1,"0.91","0.75","Oike","overcast","moderate wave action, hazy",NA
2025-04-16,"11:28","Hannah's Bay","3","B",0.1,3.41,0.02,"362.63",1554.4,"0.23","17.1",95.1,"0.91","0.75","Oike","overcast","moderate wave action, hazy",NA
2025-04-16,"11:48","Te Pōhue","1","B",0.1,3.22,0.03,"156.61",504.12,"0.31","17.9",107,"0.99","0.16","Oike",NA,"moderate wave action, hazy",NA
2025-04-16,"11:48","Te Pōhue","2","B",0.1,2.94,0.03,"201.93",679.51,"0.29","17.9",107,"0.99","0.16","Oike",NA,"moderate wave action, hazy",NA
2025-04-16,"11:48","Te Pōhue","3","B",0.1,2.9,0.03,"116.06",343.68,"0.33","17.9",107,"0.99","0.16","Oike",NA,"moderate wave action, hazy",NA
2025-04-16,"12:01","Ohau Channel","1","B",0.1,2.59,0.03,"1152.4",1722.6,"0.66","18.1",103.6,"1.19","0.9","Oike",NA,"High wave action, murky",NA
2025-04-16,"12:01","Ohau Channel","2","B",0.1,2.75,0.03,"1225.2",1801.2,"0.68","18.1",103.6,"1.19","0.9","Oike",NA,"High wave action, murky",NA
2025-04-16,"12:01","Ohau Channel","3","B",0.1,2.05,0.04,"1320.7",2396.9,"0.55","18.1",103.6,"1.19","0.9","Oike",NA,"High wave action, murky",NA
2025-04-16,"12:26","Hamurana (East)","1","B",0.1,2.63,0.03,"299.48",1023.1,"0.29","17.6",108,"0.53","0.45","Oike",NA,"flat, clear",NA
2025-04-16,"12:26","Hamurana (East)","2","B",0.1,2.87,0.03,"230.05",984.81,"0.23","17.6",108,"0.53","0.45","Oike",NA,"flat, clear",NA
2025-04-16,"12:26","Hamurana (East)","3","B",0.1,3.1,0.03,"331.74",1566.5,"0.21","17.6",108,"0.53","0.45","Oike",NA,"flat, clear",NA
2025-04-16,"12:40","Hamurana (bridge)","1","B",0.1,3.72,0.02,"608.5",2169.2,"0.28","13.6",104.3,"1.25","0.3","Oike",NA,"moderate wave action, hazy",NA
2025-04-16,"12:40","Hamurana (bridge)","2","B",0.1,4.35,0.02,"759.59",2697,"0.28","13.6",104.3,"1.25","0.3","Oike",NA,"moderate wave action, hazy",NA
2025-04-16,"12:40","Hamurana (bridge)","3","B",1.75,4.27,0.4,"635.3",2888,"0.22","13.6",104.3,"1.25","0.3","Oike",NA,"moderate wave action, hazy",NA
2025-04-16,"14:00","Hamurana (West)","1","B",0.1,4.38,0.02,"794.61",2364.6,"0.33","15.1",94.5,"13.7","1.11","Oike",NA,"moderate wave action, murky",NA
2025-04-16,"14:00","Hamurana (West)","2","B",0.1,5.05,0.01,"663.49",2376,"0.27","15.1",94.5,"13.7","1.11","Oike",NA,"moderate wave action, murky",NA
2025-04-16,"14:00","Hamurana (West)","3","B",0.1,4.5,0.02,"702.59",2311.4,"0.3","15.1",94.5,"13.7","1.11","Oike",NA,"moderate wave action, murky",NA
2025-04-16,"14:22","Awahou (Tarimano)","1","B",0.1,2.01,0.04,"98.24",313.14,"0.31","13.2",102.9,"7.55","0.33","Oike",NA,"moderate wave action, murky",NA
2025-04-16,"14:22","Awahou (Tarimano)","2","B",0.1,2.09,0.04,"151.09",302.68,"0.49","13.2",102.9,"7.55","0.33","Oike",NA,"moderate wave action, murky",NA
2025-04-16,"14:22","Awahou (Tarimano)","3","B",0.1,2.67,0.03,"79.65",332.38,"0.23","13.2",102.9,"7.55","0.33","Oike",NA,"moderate wave action, murky",NA
2025-04-16,"14:49","Ngongotaha","1","B",1.75,3.18,0.55,"1400",2261.7,"0.61","17.1",100.8,"18.89","4.43","Oike",NA,"moderate wave action, murky",NA
2025-04-16,"14:49","Ngongotaha","2","B",0.1,4.07,0.02,"1472.5",2779.8,"0.52","17.1",100.8,"18.89","4.43","Oike",NA,"moderate wave action, murky",NA
2025-04-16,"14:49","Ngongotaha","3","B",0.1,4.03,0.02,"1607.8",3060.7,"0.52","17.1",100.8,"18.89","4.43","Oike",NA,"moderate wave action, murky",NA
2025-04-16,"13:11","Te Koutu","1","B",0.1,4.38,0.02,"1630.4",8230.5,"0.19","16.7",88.4,"15.6","5.46","Oike",NA,"High wave action, murky",NA
2025-04-16,"13:11","Te Koutu","2","B",0.1,5.83,0.01,"3186.1",5594.5,"0.56","16.7",88.4,"15.6","5.46","Oike",NA,"High wave action, murky",NA
2025-04-16,"13:11","Te Koutu","3","B",0.1,5.94,0.01,"1395.8",3584,"0.38","16.7",88.4,"15.6","5.46","Oike",NA,"High wave action, murky",NA
2025-04-16,"10:57","Lake Front","1","B",52.26,5.48,9.53,"383.21",2078.6,"0.18","17.6",93.4,"1.12","0.37","Oike",NA,"hazy, moderate wave action",NA
2025-04-16,"10:57","Lake Front","2","B",73.39,10,7.33,"219.76",1437.4,"0.15","17.6",93.4,"1.12","0.37","Oike",NA,"hazy, moderate wave action",NA
2025-04-16,"10:57","Lake Front","3","B",82,6.84,11.98,"381.21",1835.2,"0.2","17.6",93.4,"1.12","0.37","Oike",NA,"hazy, moderate wave action",NA
2025-04-17,"12:14","Hannah's Bay","1","B",0.1,2.63,0.03,"932.02",1568.3,"0.59","17.1",104.4,"2.53","0.98","korekore-te-whiwhia","Cloudy, heavy wind and rain","High wave action, murky","Start of easter storm- unable to do 2 sites due to weather"
2025-04-17,"12:14","Hannah's Bay","2","B",0.1,1.62,0.06,"964.97",1689.5,"0.57","17.1",104.4,"2.53","0.98","korekore-te-whiwhia","Cloudy, heavy wind and rain","High wave action, murky",NA
2025-04-17,"12:14","Hannah's Bay","3","B",0.1,1.74,0.05,"1140.7",2027.9,"0.56","17.1",104.4,"2.53","0.98","korekore-te-whiwhia","Cloudy, heavy wind and rain","High wave action, murky",NA
2025-04-17,"11:47","Ohau Channel","1","B",0.1,3.53,0.02,"671.02",1076.3,"0.62","18.2",99,"0.73","0.87","korekore-te-whiwhia",NA,"moderate wave action, clear",NA
2025-04-17,"11:47","Ohau Channel","2","B",0.1,3.41,0.02,"850.98",1321.4,"0.64","18.2",99,"0.73","0.87","korekore-te-whiwhia",NA,"moderate wave action, clear",NA
2025-04-17,"11:47","Ohau Channel","3","B",0.1,1.85,0.05,"857.82",1372.9,"0.62","18.2",99,"0.73","0.87","korekore-te-whiwhia",NA,"moderate wave action, clear",NA
2025-04-17,"11:34","Hamurana (East)","1","B",0.1,1.74,0.05,"600.28",1279.6,"0.46","17.2",99.8,"0.69","0.8","korekore-te-whiwhia",NA,"moderate wave action, clear",NA
2025-04-17,"11:34","Hamurana (East)","2","B",0.1,1.89,0.05,"734.23",993.49,"0.73","17.2",99.8,"0.69","0.8","korekore-te-whiwhia",NA,"moderate wave action, clear",NA
2025-04-17,"11:34","Hamurana (East)","3","B",0.1,1.85,0.05,"703.28",1167.1,"0.6","17.2",99.8,"0.69","0.8","korekore-te-whiwhia",NA,"moderate wave action, clear",NA
2025-04-17,"11:14","Hamurana (bridge)","1","B",42.85,2.98,14.38,"1323.5",3314.5,"0.39","14.4",100.9,"2.15","3.31","korekore-te-whiwhia",NA,"moderate wave action, murky",NA
2025-04-17,"11:14","Hamurana (bridge)","2","B",45.21,2.79,16.2,"1217.7",2750.1,"0.44","14.4",100.9,"2.15","3.31","korekore-te-whiwhia",NA,"moderate wave action, murky",NA
2025-04-17,"11:14","Hamurana (bridge)","3","B",49.13,2.75,17.86,"1160",2591.5,"0.44","14.4",100.9,"2.15","3.31","korekore-te-whiwhia",NA,"moderate wave action, murky",NA
2025-04-17,"10:55","Awahou (Tarimano)","1","B",79.65,1.93,41.26,"984.87",846.12,"1.16","13.5",95.7,"3.64","0.52","korekore-te-whiwhia",NA,"high wave action, murky",NA
2025-04-17,"10:55","Awahou (Tarimano)","2","B",72.6,1.7,42.7,"1054.2",883.57,"1.19","13.5",95.7,"3.64","0.52","korekore-te-whiwhia",NA,"high wave action, murky",NA
2025-04-17,"10:55","Awahou (Tarimano)","3","B",25.65,2.24,11.45,"1136.6",918.5,"1.23","13.5",95.7,"3.64","0.52","korekore-te-whiwhia",NA,"high wave action, murky",NA
2025-04-17,"10:30","Ngongotaha","1","B",0.1,2.83,0.03,"1497.2",2769.4,"0.54","14.2",100.7,"18.4","4.24","korekore-te-whiwhia",NA,"high wave action, murky",NA
2025-04-17,"10:30","Ngongotaha","2","B",17.04,2.59,6.57,"1540.5",2401.2,"0.64","14.2",100.7,"18.4","4.24","korekore-te-whiwhia",NA,"high wave action, murky",NA
2025-04-17,"10:30","Ngongotaha","3","B",32.69,2.44,13.39,"1497.2",2441.4,"0.61","14.2",100.7,"18.4","4.24","korekore-te-whiwhia",NA,"high wave action, murky",NA
2025-04-17,"10:03","Te Koutu","1","B",37.39,8.44,4.43,"993.85",3536.1,"0.28","15.8",98,"14.2","2.55","korekore-te-whiwhia",NA,"high wave action, murky",NA
2025-04-17,"10:03","Te Koutu","2","B",0.1,6.45,0.01,"1468.3",11616,"0.12","15.8",98,"14.2","2.55","korekore-te-whiwhia",NA,"high wave action, murky",NA
2025-04-17,"10:03","Te Koutu","3","B",0.1,5.79,0.01,"993.16",3769.9,"0.26","15.8",98,"14.2","2.55","korekore-te-whiwhia",NA,"high wave action, murky",NA
2025-04-17,"9:37","Lake Front","1","B",0.1,10.62,0,"2539.8",12119,"0.2","16.9",88.4,"17.05","3.39","korekore-te-whiwhia",NA,"high wave action, murky",NA
2025-04-17,"9:37","Lake Front","2","B",0.1,11.01,0,"2424.4",11403,"0.21","16.9",88.4,"17.05","3.39","korekore-te-whiwhia",NA,"high wave action, murky",NA
2025-04-17,"9:37","Lake Front","3","B",0.1,10.03,0,"1601.6",8260.2,"0.19","16.9",88.4,"17.05","3.39","korekore-te-whiwhia",NA,"high wave action, murky",NA
2025-04-22,"10:45","Hannah's Bay","1","B",0.1,4.07,0.02,"863.35",2446.6,"0.35","19.1",96.3,"0.63","0.57","Tangaroa-a-kiokio","broken clouds, partial blue skies","ripples. clear","sampling after storm end"
2025-04-22,"10:45","Hannah's Bay","2","B",0.1,4.35,0.02,"824.87",1708.7,"0.48","19.1",96.3,"0.63","0.57","Tangaroa-a-kiokio","broken clouds, partial blue skies","ripples. clear",NA
2025-04-22,"10:45","Hannah's Bay","3","B",0.1,4,0.02,"957.44",2214.6,"0.43","19.1",96.3,"0.63","0.57","Tangaroa-a-kiokio","broken clouds, partial blue skies","ripples. clear",NA
2025-04-22,"11:02","Te Pōhue","1","B",0.1,2.87,0.03,"700.52",979.58,"0.71","20.1",98.4,"1.2","0.27","Tangaroa-a-kiokio",NA,"flat, clear",NA
2025-04-22,"11:02","Te Pōhue","2","B",0.1,2.87,0.03,"616.1",1759.3,"0.35","20.1",98.4,"1.2","0.27","Tangaroa-a-kiokio",NA,"flat, clear",NA
2025-04-22,"11:02","Te Pōhue","3","B",0.1,2.24,0.04,"559.72",908.88,"0.61","20.1",98.4,"1.2","0.27","Tangaroa-a-kiokio",NA,"flat, clear",NA
2025-04-22,"11:16","Ohau Channel","1","B",0.1,2.63,0.03,"706.74",1128.7,"0.62","19",90.9,"1.54","0.36","Tangaroa-a-kiokio",NA,"light wave action, clear",NA
2025-04-22,"11:16","Ohau Channel","2","B",0.1,2.75,0.03,"1087.9",1792.4,"0.6","19",90.9,"1.54","0.36","Tangaroa-a-kiokio",NA,"light wave action, clear",NA
2025-04-22,"11:16","Ohau Channel","3","B",0.1,2.55,0.03,"845.46",1844.8,"0.45","19",90.9,"1.54","0.36","Tangaroa-a-kiokio",NA,"light wave action, clear",NA
2025-04-22,"11:40","Hamurana (East)","1","B",0.1,3.96,0.02,"967.05",1419.1,"0.68","19",97.2,"3.28","0.88","Tangaroa-a-kiokio",NA,"light wave action, hazy",NA
2025-04-22,"11:40","Hamurana (East)","2","B",1,3.57,0.28,"1003.4",1757.6,"0.57","19",97.2,"3.28","0.88","Tangaroa-a-kiokio",NA,"light wave action, hazy",NA
2025-04-22,"11:40","Hamurana (East)","3","B",44.43,3.49,12.73,"997.24",2021.9,"0.49","19",97.2,"3.28","0.88","Tangaroa-a-kiokio",NA,"light wave action, hazy",NA
2025-04-22,"12:00","Hamurana (bridge)","1","B",1.75,3.29,0.53,"1155.9",2066.3,"0.55","18.3",101.5,"1.05","0.34","Tangaroa-a-kiokio",NA,"light wave action, hazy",NA
2025-04-22,"12:00","Hamurana (bridge)","2","B",0.1,3.06,0.03,"1270.6",1727.9,"0.73","18.3",101.5,"1.05","0.34","Tangaroa-a-kiokio",NA,"light wave action, hazy",NA
2025-04-22,"12:00","Hamurana (bridge)","3","B",0.1,4.27,0.02,"1292.5",1877,"0.68","18.3",101.5,"1.05","0.34","Tangaroa-a-kiokio",NA,"light wave action, hazy",NA
2025-04-22,"12:10","Hamurana (West)","1","B",9.25,2.67,3.46,"1049.4",1037.9,"1.01","18.2",100.9,"0.41","0.2","Tangaroa-a-kiokio",NA,"light wave action, clear",NA
2025-04-22,"12:10","Hamurana (West)","2","B",74.17,2.05,36.18,"1195.7",1053.7,"1.13","18.2",100.9,"0.41","0.2","Tangaroa-a-kiokio",NA,"light wave action, clear",NA
2025-04-22,"12:10","Hamurana (West)","3","B",0.1,2.79,0.03,"996.55",923.73,"1.07","18.2",100.9,"0.41","0.2","Tangaroa-a-kiokio",NA,"light wave action, clear",NA
2025-04-22,"12:22","Awahou (Tarimano)","1","B",12.34,2.05,6.01,"891.47",894.96,"0.99","18.7",97.1,"0.41","0.22","Tangaroa-a-kiokio",NA,"ripples, clear",NA
2025-04-22,"12:22","Awahou (Tarimano)","2","B",0.1,2.48,0.04,"1014.5",1000.5,"1.01","18.7",97.1,"0.41","0.22","Tangaroa-a-kiokio",NA,"ripples, clear",NA
2025-04-22,"12:22","Awahou (Tarimano)","3","B",0.1,2.44,0.04,"1015.1",977.8,"1.03","18.7",97.1,"0.41","0.22","Tangaroa-a-kiokio",NA,"ripples, clear",NA
2025-04-22,"13:01","Ngongotaha","1","B",0.1,2.16,0.04,"1097.5",1017.9,"1.07","18.8",99.9,"0.52","0.17","Tangaroa-a-kiokio",NA,"light wave action, clear",NA
2025-04-22,"13:01","Ngongotaha","2","B",8.5,2.36,3.6,"962.9",905.42,"1.06","18.8",99.9,"0.52","0.17","Tangaroa-a-kiokio",NA,"light wave action, clear",NA
2025-04-22,"13:01","Ngongotaha","3","B",68.69,2.01,34.17,"1054.2",947.26,"1.11","18.8",99.9,"0.52","0.17","Tangaroa-a-kiokio",NA,"light wave action, clear",NA
2025-04-22,"13:30","Te Koutu","1","B",0.1,2.16,0.04,"1089.2",1289.1,"0.84","19.4",98.4,"0.83","0.37","Tangaroa-a-kiokio",NA,"light wave action, clear",NA
2025-04-22,"13:30","Te Koutu","2","B",3.25,2.36,1.37,"861.28",1200.2,"0.71","19.4",98.4,"0.83","0.37","Tangaroa-a-kiokio",NA,"light wave action, clear",NA
2025-04-22,"13:30","Te Koutu","3","B",1.75,2.79,0.62,"964.97",987.42,"0.97","19.4",98.4,"0.83","0.37","Tangaroa-a-kiokio",NA,"light wave action, clear",NA
2025-04-22,"13:47","Lake Front","1","B",17.04,1.77,9.62,"729.4",893.19,"0.81","21.8",97.6,"1.52","0.25","Tangaroa-a-kiokio",NA,"flat, hazy",NA
2025-04-22,"13:47","Lake Front","2","B",3.25,1.54,2.11,"771.95",804.19,"0.95","21.8",97.6,"1.52","0.25","Tangaroa-a-kiokio",NA,"flat, hazy",NA
2025-04-22,"13:47","Lake Front","3","B",26.43,1.38,19.15,"767.88",836.5,"0.91","21.8",97.6,"1.52","0.25","Tangaroa-a-kiokio",NA,"flat, hazy",NA
2025-04-23,"12:10","Hannah's Bay","1","B",4.75,2.36,2.01,"1122.9",2159.6,"0.52","19.3",106.8,"0.85","0.78","Ōtane","Mostly sunny, partial cloud, light winds","light wave action, hazy",NA
2025-04-23,"12:10","Hannah's Bay","2","B",15.47,3.92,3.94,"1443.6",2432.7,"0.59","19.3",106.8,"0.85","0.78","Ōtane","Mostly sunny, partial cloud, light winds","light wave action, hazy",NA
2025-04-23,"12:10","Hannah's Bay","3","B",11.56,3.68,3.14,"1124.2",1658.1,"0.67","19.3",106.8,"0.85","0.78","Ōtane","Mostly sunny, partial cloud, light winds","light wave action, hazy",NA
2025-04-23,"12:46","Te Pōhue","1","B",51.47,1.58,32.57,"840.69",873.11,"0.96","19.8",100.4,"0.69","0.2","Ōtane",NA,"light wave action, clear",NA
2025-04-23,"12:46","Te Pōhue","2","B",60.86,1.81,33.62,"822.8",968.18,"0.84","19.8",100.4,"0.69","0.2","Ōtane",NA,"light wave action, clear",NA
2025-04-23,"12:46","Te Pōhue","3","B",20.17,1.85,10.9,"861.97",919.34,"0.93","19.8",100.4,"0.69","0.2","Ōtane",NA,"light wave action, clear",NA
2025-04-23,"13:12","Ohau Channel","1","B",4,3.37,1.18,"977.34",1144.4,"0.85","19.2",103.7,"1.73","0.33","Ōtane",NA,"high wave action, hazy",NA
2025-04-23,"13:12","Ohau Channel","2","B",0.1,2.51,0.03,"1124.9",1387.7,"0.81","19.2",103.7,"1.73","0.33","Ōtane",NA,"high wave action, hazy",NA
2025-04-23,"13:12","Ohau Channel","3","B",0.1,2.2,0.04,"1123.6",4745.9,"0.23","19.2",103.7,"1.73","0.33","Ōtane",NA,"high wave action, hazy",NA
2025-04-23,"13:33","Hamurana (East)","1","B",0.1,2.75,0.03,"5807.6",12942,"0.44","17.3",102,"4.14","0.95","Ōtane",NA,"high wave action, murky",NA
2025-04-23,"13:33","Hamurana (East)","2","B",0.1,4.66,0.02,"1341.3",1945.1,"0.68","17.3",102,"4.14","0.95","Ōtane",NA,"high wave action, murky",NA
2025-04-23,"13:33","Hamurana (East)","3","B",0.1,3.45,0.02,"1333.8",1979.1,"0.67","17.3",102,"4.14","0.95","Ōtane",NA,"high wave action, murky",NA
2025-04-23,"13:46","Hamurana (bridge)","1","B",0.1,3.45,0.02,"1348.1",2279.2,"0.59","14.3",103.1,"2.83","0.39","Ōtane",NA,"high wave action, murky",NA
2025-04-23,"13:46","Hamurana (bridge)","2","B",7.75,2.67,2.9,"1418.2",2096,"0.67","14.3",103.1,"2.83","0.39","Ōtane",NA,"high wave action, murky",NA
2025-04-23,"13:46","Hamurana (bridge)","3","B",3.25,3.14,1.03,"1322.8",2105.5,"0.62","14.3",103.1,"2.83","0.39","Ōtane",NA,"high wave action, murky",NA
2025-04-23,"14:02","Hamurana (West)","1","B",0.1,11.51,0,"1692.9",3331.1,"0.5","18.3",99.3,"15.13","2.43","Ōtane",NA,"high wave action, murky",NA
2025-04-23,"14:02","Hamurana (West)","2","B",0.1,3.84,0.02,"1625.7",2729.2,"0.59","18.3",99.3,"15.13","2.43","Ōtane",NA,"high wave action, murky",NA
2025-04-23,"14:02","Hamurana (West)","3","B",0.1,4.15,0.02,"1557.7",2929.8,"0.53","18.3",99.3,"15.13","2.43","Ōtane",NA,"high wave action, murky",NA
2025-04-23,"14:25","Awahou (Tarimano)","1","B",17.82,3.37,5.28,"1261.6",1507.2,"0.83","19.2",101.6,"6.81","0.93","Ōtane",NA,"high wave action, murky",NA
2025-04-23,"14:25","Awahou (Tarimano)","2","B",0.1,3.06,0.03,"1355.1",1712.2,"0.79","19.2",101.6,"6.81","0.93","Ōtane",NA,"high wave action, murky",NA
2025-04-23,"14:25","Awahou (Tarimano)","3","B",0.1,3.61,0.02,"1407.2",1802.9,"0.78","19.2",101.6,"6.81","0.93","Ōtane",NA,"high wave action, murky",NA
2025-04-23,"14:42","Ngongotaha","1","B",71.04,3.1,22.91,"1883.9",1913.7,"0.98","16.6",103.1,"4.73","0.35","Ōtane",NA,"high wave action, murky",NA
2025-04-23,"14:42","Ngongotaha","2","B",49.13,4.23,11.61,"1794.6",1800.2,"0.99","16.6",103.1,"4.73","0.35","Ōtane",NA,"high wave action, murky",NA
2025-04-23,"14:42","Ngongotaha","3","B",0.1,4.5,0.02,"1991.7",2242.5,"0.88","16.6",103.1,"4.73","0.35","Ōtane",NA,"high wave action, murky",NA
2025-04-23,"11:15","Te Koutu","1","B",0.1,3.14,0.03,"847.53",1282.2,"0.66","18.8",97,"3.03","0.73","Ōtane",NA,"moderate wave action, murky",NA
2025-04-23,"11:15","Te Koutu","2","B",0.1,2.83,0.03,"1006.8",1214.1,"0.82","18.8",97,"3.03","0.73","Ōtane",NA,"moderate wave action, murky",NA
2025-04-23,"11:15","Te Koutu","3","B",0.1,3.14,0.03,"1118.8",1229.8,"0.9","18.8",97,"3.03","0.73","Ōtane",NA,"moderate wave action, murky",NA
2025-04-23,"11:36","Lake Front","1","B",0.1,3.64,0.02,"824.87",1273.4,"0.64","20.2",84.1,"0.95","0.2","Ōtane",NA,"moderate wave action, hazy",NA
2025-04-23,"11:36","Lake Front","2","B",0.1,1.66,0.06,"768.57",956.88,"0.8","20.2",84.1,"0.95","0.2","Ōtane",NA,"moderate wave action, hazy",NA
2025-04-23,"11:36","Lake Front","3","B",0.1,1.93,0.05,"922.42",900.19,"1.02","20.2",84.1,"0.95","0.2","Ōtane",NA,"moderate wave action, hazy",NA
2025-04-28,"11:50","Hannah's Bay","1","B",56.6,5.16,10.58,"1360.5",3093,"0.43","18",96.8,"2.42","0.69","Whirowhiti","overcast, periods of rain","moderate wave action, hazy",NA
2025-04-28,"11:50","Hannah's Bay","2","B",39.73,5.48,7.25,"1077.5",1502.8,"0.71","18",96.8,"2.42","0.69","Whirowhiti","overcast, periods of rain","moderate wave action, hazy",NA
2025-04-28,"11:50","Hannah's Bay","3","B",38.95,7.15,5.44,"1086.5",1536.9,"0.7","18",96.8,"2.42","0.69","Whirowhiti","overcast, periods of rain","moderate wave action, hazy",NA
2025-04-28,"12:22","Te Pōhue","1","B",44.43,3.48,11.57,"978.03",1841.2,"0.53","17.8",97.7,"0.69","0.46","Whirowhiti",NA,"flat, clear",NA
2025-04-28,"12:22","Te Pōhue","2","B",46,4.23,10.87,"943.7",1550,"0.6","17.8",97.7,"0.69","0.46","Whirowhiti",NA,"flat, clear",NA
2025-04-28,"12:22","Te Pōhue","3","B",54.6,5.51,9.9,"1006.8",1709.6,"0.58","17.8",97.7,"0.69","0.46","Whirowhiti",NA,"flat, clear",NA
2025-04-28,"12:42","Ohau Channel","1","B",80.43,5.44,14.78,"1083.8",2310.5,"0.46","17.9",93.8,"0.62","0.6","Whirowhiti",NA,"light wave action, clear",NA
2025-04-28,"12:42","Ohau Channel","2","B",82.78,5.32,15.56,"1010.2",2107.3,"0.47","17.9",93.8,"0.62","0.6","Whirowhiti",NA,"light wave action, clear",NA
2025-04-28,"12:42","Ohau Channel","3","B",86.69,5.28,16.41,"1024.7",2184.1,"0.46","17.9",93.8,"0.62","0.6","Whirowhiti",NA,"light wave action, clear",NA
2025-04-28,"12:59","Hamurana (East)","1","B",71.04,4.77,14.89,"1012.3",1270.8,"0.79","18.1",97.2,"0.92","0.68","Whirowhiti",NA,"light wave action, clear",NA
2025-04-28,"12:59","Hamurana (East)","2","B",70.26,4.31,16.3,"957.44",1210.8,"0.79","18.1",97.2,"0.92","0.68","Whirowhiti",NA,"light wave action, clear",NA
2025-04-28,"12:59","Hamurana (East)","3","B",73.39,4.07,18.03,"1199.1",2020.1,"0.59","18.1",97.2,"0.92","0.68","Whirowhiti",NA,"light wave action, clear",NA
2025-04-28,"13:22","Hamurana (bridge)","1","B",133.5,4.75,28.16,"1108.5",1305.7,"0.84","15",106.3,"0.63","0.72","Whirowhiti",NA,"light wave action, clear",NA
2025-04-28,"13:22","Hamurana (bridge)","2","B",116.36,5.09,22.86,"1213.6",1516.8,"0.8","15",106.3,"0.63","0.72","Whirowhiti",NA,"light wave action, clear",NA
2025-04-28,"13:22","Hamurana (bridge)","3","B",116.36,4.93,23.6,"1289.1",1440,"0.89","15",106.3,"0.63","0.72","Whirowhiti",NA,"light wave action, clear",NA
2025-04-28,"13:32","Hamurana (West)","1","B",94.52,4.81,19.65,"1161.3",1186.2,"0.97","16.1",100.2,"0.44","0.49","Whirowhiti",NA,"light wave action, clear",NA
2025-04-28,"13:32","Hamurana (West)","2","B",104.67,4,26.16,"1074.2",1290.1,"0.83","16.1",100.2,"0.44","0.49","Whirowhiti",NA,"light wave action, clear",NA
2025-04-28,"13:32","Hamurana (West)","3","B",93.73,4.07,23.02,"1552.8",1276.9,"1.21","16.1",100.2,"0.44","0.49","Whirowhiti",NA,"light wave action, clear",NA
2025-04-28,"13:59","Awahou (Tarimano)","1","B",130.38,4,32.59,"1014.4",984.81,"1.03","15.3",98.1,"0.35","0.12","Whirowhiti",NA,"clear, moderate wave action",NA
2025-04-28,"13:59","Awahou (Tarimano)","2","B",106.23,4.11,25.84,"1199.8",1489.7,"0.8","15.3",98.1,"0.35","0.12","Whirowhiti",NA,"clear, moderate wave action",NA
2025-04-28,"13:59","Awahou (Tarimano)","3","B",110.9,3.8,29.18,"1197.1",932.41,"1.28","15.3",98.1,"0.35","0.12","Whirowhiti",NA,"clear, moderate wave action",NA
2025-04-28,"14:23","Ngongotaha","1","B",168.57,3.45,48.86,"1415.5",1750.6,"0.8","16.8",102.2,"0.66","0.59","Whirowhiti",NA,"light wave action, clear",NA
2025-04-28,"14:23","Ngongotaha","2","B",110.12,4.03,27.32,"1504.1",1865.7,"0.8","16.8",102.2,"0.66","0.59","Whirowhiti",NA,"light wave action, clear",NA
2025-04-28,"14:23","Ngongotaha","3","B",160,3.18,50.31,"1420.3",1861.3,"0.76","16.8",102.2,"0.66","0.59","Whirowhiti",NA,"light wave action, clear",NA
2025-04-28,"14:50","Te Koutu","1","B",101.55,3.72,27.29,"1300.1",1893.6,"0.68","17.9",103,"1.21","0.59","Whirowhiti",NA,"light wave action, hazy",NA
2025-04-28,"14:50","Te Koutu","2","B",79.65,3.33,23.91,"1327.6",1439.2,"0.92","17.9",103,"1.21","0.59","Whirowhiti",NA,"light wave action, hazy",NA
2025-04-28,"14:50","Te Koutu","3","B",96.8,3.68,26.1,"1256.1",1616.3,"0.77","17.9",103,"1.21","0.59","Whirowhiti",NA,"light wave action, hazy",NA
2025-04-28,"15:03","Lake Front","1","B",102.33,2.98,34.33,"1258.9",1595.4,"0.78","20.3",85.7,"4.14","0.9","Whirowhiti",NA,"light wave action, hazy",NA
2025-04-28,"15:03","Lake Front","2","B",80.43,3.41,23.58,"1251.4",1667.7,"0.75","20.3",85.7,"4.14","0.9","Whirowhiti",NA,"light wave action, hazy",NA
2025-04-28,"15:03","Lake Front","3","B",102.33,3.41,30,"1225.2",1652,"0.74","20.3",85.7,"4.14","0.9","Whirowhiti",NA,"light wave action, hazy",NA
2025-05-02,"11:06","Hannah's Bay","1","B",0.1,1.12,0.04,"1210.1",1280.4,"0.94","16.8",82,"3.38","0.22","Ōuenuku","blue skies, partly cloudy. Southwesterlies","light wave action, murky",NA
2025-05-02,"11:06","Hannah's Bay","2","B",0.1,2.36,0.04,"1201.9",1422.6,"0.84","16.8",82,"3.38","0.22","Ōuenuku","blue skies, partly cloudy. Southwesterlies","light wave action, murky",NA
2025-05-02,"11:06","Hannah's Bay","3","B",0.1,1.77,0.05,"1230",1346.7,"0.91","16.8",82,"3.38","0.22","Ōuenuku","blue skies, partly cloudy. Southwesterlies","light wave action, murky",NA
2025-05-02,"11:28","Te Pōhue","1","B",0.1,2.67,0.03,"956.06",1240.3,"0.77","15.4",89.5,"3.41","0.45","Ōuenuku",NA,"oderate wave action, hazy",NA
2025-05-02,"11:28","Te Pōhue","2","B",5.3,3.25,29.32,"2069.3",2150.1,"0.96","15.4",89.5,"3.41","0.45","Ōuenuku",NA,"oderate wave action, hazy",NA
2025-05-02,"11:28","Te Pōhue","3","B",0.1,2.87,0.03,"1083.1",1072.8,"1","15.4",89.5,"3.41","0.45","Ōuenuku",NA,"oderate wave action, hazy",NA
2025-05-02,"11:43","Ohau Channel","1","B",0.1,1.19,0.08,"1216.3",1307.4,"0.93","15.4",95.4,"3.2","0.44","Ōuenuku",NA,"moderate wave action, hazy",NA
2025-05-02,"11:43","Ohau Channel","2","B",0.1,3.37,0.02,"1343.4",1179.2,"1.13","15.4",95.4,"3.2","0.44","Ōuenuku",NA,"moderate wave action, hazy",NA
2025-05-02,"11:43","Ohau Channel","3","B",0.1,2.48,0.04,"1326.9",1369.4,"0.96","15.4",95.4,"3.2","0.44","Ōuenuku",NA,"moderate wave action, hazy",NA
2025-05-02,"12:03","Hamurana (East)","1","B",0.1,2.4,0.04,"899.07",1160.1,"0.77","15.4",95.4,"5.3","0.58","Ōuenuku",NA,"moderate wave action, hazy",NA
2025-05-02,"12:03","Hamurana (East)","2","B",0.1,1.97,0.05,"1065.9",1028.4,"1.03","15.4",95.4,"5.3","0.58","Ōuenuku",NA,"moderate wave action, hazy",NA
2025-05-02,"12:03","Hamurana (East)","3","B",0.1,2.2,0.04,"1048.5",1099.9,"0.95","15.4",95.4,"5.3","0.58","Ōuenuku",NA,"moderate wave action, hazy",NA
2025-05-02,"12:20","Hamurana (bridge)","1","B",0.1,1.93,0.05,"881.8",1225.4,"0.71","15.6",98.1,"1.42","0.25","Ōuenuku",NA,"moderate wave action, murky",NA
2025-05-02,"12:20","Hamurana (bridge)","2","B",98.43,1.35,72.91,"1021.9",1297.9,"0.78","15.6",98.1,"1.42","0.25","Ōuenuku",NA,"moderate wave action, murky",NA
2025-05-02,"12:20","Hamurana (bridge)","3","B",0.1,1.35,0.07,"1069.3",1050.1,"1.01","15.6",98.1,"1.42","0.25","Ōuenuku",NA,"moderate wave action, murky",NA
2025-05-02,"12:43","Hamurana (West)","1","B",0.1,1.7,0.05,"1061.8",874.89,"1.21","15.7",95.4,"1.16","0.27","Ōuenuku",NA,"moderate wave action, hazy",NA
2025-05-02,"12:43","Hamurana (West)","2","B",0.1,1.43,0.07,"1088.5",936.8,"1.16","15.7",95.4,"1.16","0.27","Ōuenuku",NA,"moderate wave action, hazy",NA
2025-05-02,"12:43","Hamurana (West)","3","B",31.91,0.92,34.68,"1118.1",987.42,"1.13","15.7",95.4,"1.16","0.27","Ōuenuku",NA,"moderate wave action, hazy",NA
2025-05-02,"12:59","Awahou (Tarimano)","1","B",96.08,1.15,83.54,"1141.4",1134.7,"1","16.5",96.9,"2.79","0.46","Ōuenuku",NA,"high wave action, murky",NA
2025-05-02,"12:59","Awahou (Tarimano)","2","B",100,1.97,50.76,"1191.6",1041.4,"1.14","16.5",96.9,"2.79","0.46","Ōuenuku",NA,"high wave action, murky",NA
2025-05-02,"12:59","Awahou (Tarimano)","3","B",22.52,2.4,9.38,"1183.3",1092,"1.08","16.5",96.9,"2.79","0.46","Ōuenuku",NA,"high wave action, murky",NA
2025-05-02,"13:14","Ngongotaha","1","B",20.95,2.24,9.35,"1469",2012.2,"0.73","16.2",97.5,"1.46","0.48","Ōuenuku",NA,"light wave action, clear, lots of weed wash up",NA
2025-05-02,"13:14","Ngongotaha","2","B",0.1,1.93,0.05,"1396.9",3126.1,"0.44","16.2",97.5,"1.46","0.48","Ōuenuku",NA,"light wave action, clear, lots of weed wash up",NA
2025-05-02,"13:14","Ngongotaha","3","B",5.5,1.81,3.03,"1535",2944.7,"0.52","16.2",97.5,"1.46","0.48","Ōuenuku",NA,"light wave action, clear, lots of weed wash up",NA
2025-05-02,"13:33","Te Koutu","1","B",0.1,1.15,0.08,"1155.9",1287.4,"0.89","17.4",102.3,"1.03","0.7","Ōuenuku",NA,"flat, clear",NA
2025-05-02,"13:33","Te Koutu","2","B",0.1,1.35,0.07,"1200.5",1734,"0.69","17.4",102.3,"1.03","0.7","Ōuenuku",NA,"flat, clear",NA
2025-05-02,"13:33","Te Koutu","3","B",16.26,0.98,15.93,"1282.2",1507.2,"0.85","17.4",102.3,"1.03","0.7","Ōuenuku",NA,"flat, clear",NA
2025-05-02,"13:49","Lake Front","1","B",0.1,1.38,0.07,"1046",1090.3,"0.95","17.9",89.5,"6.55","0.9","Ōuenuku",NA,"flat, murky",NA
2025-05-02,"13:49","Lake Front","2","B",28.78,1.03,27.94,"989.71",1163.5,"0.85","17.9",89.5,"6.55","0.9","Ōuenuku",NA,"flat, murky",NA
2025-05-02,"13:49","Lake Front","3","B",24.26,0.84,40.78,"991.78",1141.8,"0.86","17.9",89.5,"6.55","0.9","Ōuenuku",NA,"flat, murky",NA
2025-05-05,"10:54","Hannah's Bay","1","B",0.1,1.89,0.05,"1256.8",1360.7,"0.92","14.6",96.9,"1.27","0.28","Tamateaaio","clear skies","flat, hazy",NA
2025-05-05,"10:54","Hannah's Bay","2","B",0.1,1.89,0.05,"1146.3",841.73,"1.36","14.6",96.9,"1.27","0.28","Tamateaaio","clear skies","flat, hazy",NA
2025-05-05,"10:54","Hannah's Bay","3","B",0.1,2.16,34.69,"1232.1",992.65,"1.24","14.6",96.9,"1.27","0.28","Tamateaaio","clear skies","flat, hazy",NA
2025-05-05,"11:20","Te Pōhue","1","B",58.52,2.75,21.28,"1170.9",952.49,"1.22","13.8",94.6,"2.62","0.26","Tamateaaio",NA,"light wave action , hazy",NA
2025-05-05,"11:20","Te Pōhue","2","B",35.04,2.75,12.74,"1151.7",1078.1,"1.06","13.8",94.6,"2.62","0.26","Tamateaaio",NA,"light wave action , hazy",NA
2025-05-05,"11:20","Te Pōhue","3","B",36.6,2.83,12.93,"953.99",972.57,"0.98","13.8",94.6,"2.62","0.26","Tamateaaio",NA,"light wave action , hazy",NA
2025-05-05,"11:47","Ohau Channel","1","B",96.08,2.55,37.67,"1186.8",901.88,"1.31","12.4",98.9,"1.45","0.22","Tamateaaio",NA,"flat, hazy",NA
2025-05-05,"11:47","Ohau Channel","2","B",121.03,2.75,44.01,"1094",935.03,"1.17","12.4",98.9,"1.45","0.22","Tamateaaio",NA,"flat, hazy",NA
2025-05-05,"11:47","Ohau Channel","3","B",110.12,2.24,49.16,"1111.3",914.11,"1.21","12.4",98.9,"1.45","0.22","Tamateaaio",NA,"flat, hazy",NA
2025-05-05,"12:12","Hamurana (East)","1","B",78.86,2.09,37.73,"1082.4",975.19,"1.11","13.4",102.8,"1.93","0.28","Tamateaaio",NA,"flat, hazy",NA
2025-05-05,"12:12","Hamurana (East)","2","B",0.1,1.97,0.05,"1169.6",1023.1,"1.14","13.4",102.8,"1.93","0.28","Tamateaaio",NA,"flat, hazy",NA
2025-05-05,"12:12","Hamurana (East)","3","B",10.75,1.89,5.7,"1195",945.49,"1.26","13.4",102.8,"1.93","0.28","Tamateaaio",NA,"flat, hazy",NA
2025-05-05,"12:35","Hamurana (bridge)","1","B",74.95,1.31,57.21,"1119.5",964.73,"1.16","13.9",99.3,"1","0.32","Tamateaaio",NA,"light wave action, hazy",NA
2025-05-05,"12:35","Hamurana (bridge)","2","B",50.69,1.46,34.71,"1140.7",1294.4,"0.88","13.9",99.3,"1","0.32","Tamateaaio",NA,"light wave action, hazy",NA
2025-05-05,"12:35","Hamurana (bridge)","3","B",0.1,1.35,0.07,"1072.8",889.73,"1.2","13.9",99.3,"1","0.32","Tamateaaio",NA,"light wave action, hazy",NA
2025-05-05,"12:43","Hamurana (West)","1","B",54.6,1.46,37.39,"1249.3",1195,"1.04","12.6",98.3,"2.95","0.48","Tamateaaio",NA,"light wave action, hazy",NA
2025-05-05,"12:43","Hamurana (West)","2","B",24.08,1.58,15.24,"1090.6",1119.1,"0.97","12.6",98.3,"2.95","0.48","Tamateaaio",NA,"light wave action, hazy",NA
2025-05-05,"12:43","Hamurana (West)","3","B",135.84,1.89,71.87,"1049.4",969.96,"1.08","12.6",98.3,"2.95","0.48","Tamateaaio",NA,"light wave action, hazy",NA
2025-05-05,"13:09","Awahou (Tarimano)","1","B",0.1,1.31,0.07,"1017.8",980.42,"1.03","13.7",100.7,"0.86","0.21","Tamateaaio",NA,"clear, light wave action",NA
2025-05-05,"13:09","Awahou (Tarimano)","2","B",0.1,1.74,0.05,"1155.2",1171.4,"0.98","13.7",100.7,"0.86","0.21","Tamateaaio",NA,"clear, light wave action",NA
2025-05-05,"13:09","Awahou (Tarimano)","3","B",18.6,1.27,14.64,"742.45",828.66,"0.89","13.7",100.7,"0.86","0.21","Tamateaaio",NA,"clear, light wave action",NA
2025-05-05,"13:37","Ngongotaha","1","B",0.1,1.74,0.05,"745.91",905.42,"0.82","14.4",102.9,"1.06","0.35","Tamateaaio",NA,"flat, hazy",NA
2025-05-05,"13:37","Ngongotaha","2","B",36.6,1.58,23.16,"1122.9",1103.4,"1.01","14.4",102.9,"1.06","0.35","Tamateaaio",NA,"flat, hazy",NA
2025-05-05,"13:37","Ngongotaha","3","B",14.69,1.31,11.21,"984.18",1068.4,"0.92","14.4",102.9,"1.06","0.35","Tamateaaio",NA,"flat, hazy",NA
2025-05-05,"14:01","Te Koutu","1","B",0.1,2.36,0.04,"1051.5",1041.4,"1","16.1",110.4,"0.95","0.32","Tamateaaio",NA,"flat, clear",NA
2025-05-05,"14:01","Te Koutu","2","B",0.1,1.74,0.05,"1157.3",1151.4,"1","16.1",110.4,"0.95","0.32","Tamateaaio",NA,"flat, clear",NA
2025-05-05,"14:01","Te Koutu","3","B",4,1.85,2.16,"1061.1",1010.1,"1.05","16.1",110.4,"0.95","0.32","Tamateaaio",NA,"flat, clear",NA
2025-05-05,"14:14","Lake Front","1","B",4,1.38,2.89,"1201.2",1417.3,"0.84","16.2",94.9,"2.23","0.23","Tamateaaio",NA,"flat, murky",NA
2025-05-05,"14:14","Lake Front","2","B",0.1,2.05,0.04,"1332.4",1536,"0.86","16.2",94.9,"2.23","0.23","Tamateaaio",NA,"flat, murky",NA
2025-05-05,"14:14","Lake Front","3","B",0.1,2.16,0.04,"832.4",1194,"0.69","16.2",94.9,"2.23","0.23","Tamateaaio",NA,"flat, murky",NA
2025-05-07,"12.26","Hannah's Bay","1","B",87.47,4.11,21.28,"1144.2",1775.9,"0.64","16.1",101.9,"0.9","0.63","Huna","Cloudy",NA,NA
2025-05-07,"12.26","Hannah's Bay","2","B",81.21,4.7,17.27,"1680.6",1493.3,"1.12","16.1",101.9,"0.9","0.63","Huna","Cloudy",NA,NA
2025-05-07,"12.26","Hannah's Bay","3","B",42.08,3.37,12.48,"1230.7",1559.6,"0.78","16.1",101.9,"0.9","0.63","Huna","Cloudy",NA,NA
2025-05-07,"12.42","Te Pōhue","1","B",6.25,2.9,2.15,"1635.3",1836,"0.89","15.4",93,"1.71","0.55","Huna",NA,NA,NA
2025-05-07,"12.42","Te Pōhue","2","B",121.03,3.8,31.85,"1971.8",1491.5,"1.32","15.4",93,"1.71","0.55","Huna",NA,NA,NA
2025-05-07,"12.42","Te Pōhue","3","B",11.56,2.71,4.26,"1469",1278.7,"1.14","15.4",93,"1.71","0.55","Huna",NA,NA,NA
2025-05-07,"12.56","Ohau Channel","1","B",64.78,3.06,21.16,"2280.2",1229,"1.85","15.6",96.5,"1.33","0.39","Huna",NA,NA,NA
2025-05-07,"12.56","Ohau Channel","2","B",165.45,2.67,61.96,"1841.3",1208.9,"1.52","15.6",96.5,"1.33","0.39","Huna",NA,NA,NA
2025-05-07,"12.56","Ohau Channel","3","B",99.21,3.57,27.78,"1491.7",1690.4,"0.88","15.6",96.5,"1.33","0.39","Huna",NA,NA,NA
2025-05-07,"13.21","Hamurana (East)","1","B",175.58,4.15,42.3,"1283.6",1490.7,"0.86","15.7",104.1,"0.8","0.68","Huna",NA,NA,NA
2025-05-07,"13.21","Hamurana (East)","2","B",92.95,4.66,19.94,"1649.7",1521.2,"1.08","15.7",104.1,"0.8","0.68","Huna",NA,NA,NA
2025-05-07,"13.21","Hamurana (East)","3","B",143.63,3.64,39.45,"1691.6",1494.1,"1.13","15.7",104.1,"0.8","0.68","Huna",NA,NA,NA
2025-05-07,"13.34","Hamurana (bridge)","1","B",170.9,3.41,50.11,"1272.6",1062.4,"1.19","14.1",101.9,"0.71","0.28","Huna",NA,NA,NA
2025-05-07,"13.34","Hamurana (bridge)","2","B",157.66,3.25,48.51,"1352.3",1205.4,"1.12","14.1",101.9,"0.71","0.28","Huna",NA,NA,NA
2025-05-07,"13.34","Hamurana (bridge)","3","B",88.26,3.72,23.72,"1397.6",1241.2,"1.12","14.1",101.9,"0.71","0.28","Huna",NA,NA,NA
2025-05-07,"13:41","Hamurana (West)","1","B",153.76,3.18,48.35,"2179.2",1979.1,"1.1","15",103.1,"0.79","0.82","Huna",NA,NA,NA
2025-05-07,"13:41","Hamurana (West)","2","B",163.89,4.38,37.41,"2024",2000.9,"1.01","15",103.1,"0.79","0.82","Huna",NA,NA,NA
2025-05-07,"13:41","Hamurana (West)","3","B",44.43,3.8,11.69,"2382.5",1961.3,"1.24","15",103.1,"0.79","0.82","Huna",NA,NA,NA
2025-05-07,"14:13","Awahou (Tarimano)","1","B",0.1,2.59,0.03,"1342.7",1518.6,"0.88","15.5",102.9,"1.74","1.19","Huna",NA,NA,NA
2025-05-07,"14:13","Awahou (Tarimano)","2","B",5.5,2.9,1.89,"1907.9",1664.2,"1.14","15.5",102.9,"1.74","1.19","Huna",NA,NA,NA
2025-05-07,"14:13","Awahou (Tarimano)","3","B",0.1,2.36,0.04,"1427.2",1222.8,"1.16","15.5",102.9,"1.74","1.19","Huna",NA,NA,NA
2025-05-07,"14:27","Ngongotaha","1","B",35.04,4.5,7.78,"1344.1",1714,"0.78","16.1",108,"1.13","1.37","Huna",NA,NA,NA
2025-05-07,"14:27","Ngongotaha","2","B",20.95,3.41,6.14,"1343.4",1869.2,"0.71","16.1",108,"1.13","1.37","Huna",NA,NA,NA
2025-05-07,"14:27","Ngongotaha","3","B",0.1,2.59,0.03,"1436.1",2329.8,"0.61","16.1",108,"1.13","1.37","Huna",NA,NA,NA
2025-05-07,"14:45","Te Koutu","1","B",44.43,2.12,20.95,"1302.8",1370.3,"0.95","15.5",111.3,"0.9","0.25","Huna",NA,NA,NA
2025-05-07,"14:45","Te Koutu","2","B",0.1,2.32,0.04,"1111.9",1232.4,"0.9","15.5",111.3,"0.9","0.25","Huna",NA,NA,NA
2025-05-07,"14:45","Te Koutu","3","B",4.75,2.23,2.04,"1129.1",1024,"1.1","15.5",111.3,"0.9","0.25","Huna",NA,NA,NA
2025-05-07,"11:38","Lake Front","1","B",46,1.97,23.35,"576.23",931.57,"0.61","15.2",83.7,"3.2","0.32","Huna",NA,NA,NA
2025-05-07,"11:38","Lake Front","2","B",11.56,2.16,5.35,"667.56",890.57,"0.74","15.2",83.7,"3.2","0.32","Huna",NA,NA,NA
2025-05-07,"11:38","Lake Front","3","B",10,1.85,5.4,"467.7",869.66,"0.53","15.2",83.7,"3.2","0.32","Huna",NA,NA,NA
2025-05-09,"11:59","Hannah's Bay","1","B",82.78,27.57,3,"6298.1",31239,"0.2","16.6",95.8,"24.57","24.76","Māure","Heavy wind and rains",NA,NA
2025-05-09,"11:59","Hannah's Bay","2","B",106.23,31.22,3.4,"6757.5",33508,"0.2","16.6",95.8,"24.57","24.76","Māure","Heavy wind and rains",NA,NA
2025-05-09,"11:59","Hannah's Bay","3","B",96.08,32.08,2.99,"6462.2",37972,"0.17","16.6",95.8,"24.57","24.76","Māure","Heavy wind and rains",NA,NA
2025-05-09,"12:17","Te Pōhue","1","B",0.1,5.01,0.01,"1524",2471.9,"0.61","16.5",97.2,"9.9","1.39","Māure",NA,NA,NA
2025-05-09,"12:17","Te Pōhue","2","B",0.1,4.62,0.02,"1499.3",2246,"0.66","16.5",97.2,"9.9","1.39","Māure",NA,NA,NA
2025-05-09,"12:17","Te Pōhue","3","B",0.1,5.12,0.01,"1550.1",2753.7,"0.56","16.5",97.2,"9.9","1.39","Māure",NA,NA,NA
2025-05-09,"12:38","Ohau Channel","1","B",157.66,4.85,32.5,"1261.6",2472.8,"0.51","16.5",99.3,"0.89","1.35","Māure",NA,NA,NA
2025-05-09,"12:38","Ohau Channel","2","B",150.64,5.01,30.06,"1677.8",4696.1,"0.35","16.5",99.3,"0.89","1.35","Māure",NA,NA,NA
2025-05-09,"12:38","Ohau Channel","3","B",138.96,7.7,18.04,"1677.1",3570.9,"0.46","16.5",99.3,"0.89","1.35","Māure",NA,NA,NA
2025-05-09,"12:50","Hamurana (East)","1","B",201.29,5.67,35.5,"1752",5366.9,"0.32","16.4",99.3,"0.88","1.6","Māure",NA,NA,NA
2025-05-09,"12:50","Hamurana (East)","2","B",184.98,5.09,36.33,"1461.5",3195,"0.45","16.4",99.3,"0.88","1.6","Māure",NA,NA,NA
2025-05-09,"12:50","Hamurana (East)","3","B",154.54,5.75,6.87,"1494.5",3741.9,"0.39","16.4",99.3,"0.88","1.6","Māure",NA,NA,NA
2025-05-09,"13:10","Hamurana (bridge)","1","B",196.62,4.38,22.89,"1234.2",1956.4,"0.63","14.3",98.7,"0.75","0.35","Māure",NA,NA,NA
2025-05-09,"13:10","Hamurana (bridge)","2","B",184.15,5.48,33.6,"1285.7",1669.4,"0.77","14.3",98.7,"0.75","0.35","Māure",NA,NA,NA
2025-05-09,"13:10","Hamurana (bridge)","3","B",202.85,3.95,51.22,"1130.5",1280.4,"0.88","14.3",98.7,"0.75","0.35","Māure",NA,NA,NA
2025-05-09,"13:19","Hamurana (West)","1","B",236.36,4.97,47.44,"1256.8",1929.4,"0.65","16.2",98.8,"17.23","0.64","Māure",NA,NA,NA
2025-05-09,"13:19","Hamurana (West)","2","B",175.58,5.32,33,"1245.1",1891,"0.65","16.2",98.8,"17.23","0.64","Māure",NA,NA,NA
2025-05-09,"13:19","Hamurana (West)","3","B",169.35,5.01,33.8,"1329.6",1423.5,"0.93","16.2",98.8,"17.23","0.64","Māure",NA,NA,NA
2025-05-09,"13:42","Awahou (Tarimano)","1","B",170.9,4.93,34.66,"1190.2",1353.7,"0.87","13.9",90.5,"2.42","0.31","Māure",NA,NA,NA
2025-05-09,"13:42","Awahou (Tarimano)","2","B",79.65,4.07,19.57,"1212.2",1457.5,"0.83","13.9",90.5,"2.42","0.31","Māure",NA,NA,NA
2025-05-09,"13:42","Awahou (Tarimano)","3","B",170.12,4.5,37.8,"1166.2",1350.2,"0.86","13.9",90.5,"2.42","0.31","Māure",NA,NA,NA
2025-05-09,"13:56","Ngongotaha","1","B",169.35,6.37,26.58,"1193",2085.5,"0.57","15.9",95.7,"11.99","1.21","Māure",NA,NA,NA
2025-05-09,"13:56","Ngongotaha","2","B",145.97,5.4,27.03,"1397.6",2234.7,"0.62","15.9",95.7,"11.99","1.21","Māure",NA,NA,NA
2025-05-09,"13:56","Ngongotaha","3","B",163.11,5.36,30.43,"1311.8",1788.1,"0.73","15.9",95.7,"11.99","1.21","Māure",NA,NA,NA
2025-05-09,"14:13","Te Koutu","1","B",239.48,8.67,27.62,"1805.6",5304.1,"0.34","16.1",96.8,"14.84","2.89","Māure",NA,NA,NA
2025-05-09,"14:13","Te Koutu","2","B",184.15,9.92,18.56,"1978",5988,"0.33","16.1",96.8,"14.84","2.89","Māure",NA,NA,NA
2025-05-09,"14:13","Te Koutu","3","B",138.96,9.96,13.95,"1969.1",7076.6,"0.27","16.1",96.8,"14.84","2.89","Māure",NA,NA,NA
2025-05-09,"14:25","Lake Front","1","B",250.38,12.91,19.39,"3058.3",9333.9,"0.32","18.4",79.8,"144.84","7.43","Māure",NA,NA,NA
2025-05-09,"14:25","Lake Front","2","B",172.46,13.96,12.35,"2837.9",9163.8,"0.3","18.4",79.8,"144.84","7.43","Māure",NA,NA,NA
2025-05-09,"14:25","Lake Front","3","B",251.94,12.87,19.57,"2980.1",9548.7,"0.31","18.4",79.8,"144.84","7.43","Māure",NA,NA,NA
2025-05-12,"11:19","Hannah's Bay","1","B",136.62,2.79,48.96,"1386.6",1632.8,"0.48","15.4",90,"2.95","0.52","Ōturuturu","Fine. Light winds.",NA,NA
2025-05-12,"11:19","Hannah's Bay","2","B",141.25,2.28,61.96,"1465",1939.9,"0.75","15.4",90,"2.95","0.52","Ōturuturu","Fine. Light winds.",NA,NA
2025-05-12,"11:19","Hannah's Bay","3","B",156.1,1.66,94.03,"1513.7",1515,"0.99","15.4",90,"2.95","0.52","Ōturuturu","Fine. Light winds.",NA,NA
2025-05-12,"11:45","Te Pōhue","1","B",169.35,1.11,152.56,"1083.1",1079.8,"1","15",94.3,"1.53","0.31","Ōturuturu",NA,NA,NA
2025-05-12,"11:45","Te Pōhue","2","B",150.64,1.15,130.99,"1244.4",1427.8,"0.87","15",94.3,"1.53","0.31","Ōturuturu",NA,NA,NA
2025-05-12,"11:45","Te Pōhue","3","B",160.77,1.15,139.8,"1315.9",1330.1,"0.98","15",94.3,"1.53","0.31","Ōturuturu",NA,NA,NA
2025-05-12,"12:11","Ohau Channel","1","B",169.35,0.84,201.6,"1130.5",1172.3,"0.96","14.7",95.7,"0.93","0.25","Ōturuturu",NA,NA,NA
2025-05-12,"12:11","Ohau Channel","2","B",169.35,1.11,152.56,"1055.6",1004.7,"1.05","14.7",95.7,"0.93","0.25","Ōturuturu",NA,NA,NA
2025-05-12,"12:11","Ohau Channel","3","B",151.42,0.72,210.3,"1206",934.19,"1.29","14.7",95.7,"0.93","0.25","Ōturuturu",NA,NA,NA
2025-05-12,"12:38","Hamurana (East)","1","B",74.17,1.42,52.23,"1106.4",1127.7,"0.98","15.2",98.7,"1.16","0.3","Ōturuturu",NA,NA,NA
2025-05-12,"12:38","Hamurana (East)","2","B",78.08,1.11,70.34,"1236.9",1173.1,"1.05","15.2",98.7,"1.16","0.3","Ōturuturu",NA,NA,NA
2025-05-12,"12:38","Hamurana (East)","3","B",70.26,1.46,48.12,"1311.8",1143.5,"1.14","15.2",98.7,"1.16","0.3","Ōturuturu",NA,NA,NA
2025-05-12,"13:00","Hamurana (bridge)","1","B",13.13,0,0,"1199.1",1850.9,"0.64","14.4",98.3,"0.99","0.36","Ōturuturu",NA,NA,NA
2025-05-12,"13:00","Hamurana (bridge)","2","B",0.1,0,0,"1210.8",1626.7,"0.74","14.4",98.3,"0.99","0.36","Ōturuturu",NA,NA,NA
2025-05-12,"13:00","Hamurana (bridge)","3","B",0.1,0.17,0.85,"1576.9",1641.6,"0.96","14.4",98.3,"0.99","0.36","Ōturuturu",NA,NA,NA
2025-05-12,"13:10","Hamurana (West)","1","B",80.43,0,0,"1232.8",1348.4,"0.91","15.1",98.8,"0.84","0.43","Ōturuturu",NA,NA,NA
2025-05-12,"13:10","Hamurana (West)","2","B",156.88,0.06,0,"1313.1",1242.9,"1.05","15.1",98.8,"0.84","0.43","Ōturuturu",NA,NA,NA
2025-05-12,"13:10","Hamurana (West)","3","B",95.3,0.33,288.78,"1174.4",1348.4,"0.87","15.1",98.8,"0.84","0.43","Ōturuturu",NA,NA,NA
2025-05-12,"13:28","Awahou (Tarimano)","1","B",160.77,0,0,"1262.3",1012.7,"1.24","13.5",95.8,"0.65","0.22","Ōturuturu",NA,NA,NA
2025-05-12,"13:28","Awahou (Tarimano)","2","B",108.57,0,0,"1087.9",1601.4,"0.67","13.5",95.8,"0.65","0.22","Ōturuturu",NA,NA,NA
2025-05-12,"13:28","Awahou (Tarimano)","3","B",95.3,0,0,"1094.7",1170.5,"0.93","13.5",95.8,"0.65","0.22","Ōturuturu",NA,NA,NA
2025-05-12,"13:56","Ngongotaha","1","B",82.78,0,0,"1416.2",1859.6,"0.76","16",102.7,"1.39","0.77","Ōturuturu",NA,NA,NA
2025-05-12,"13:56","Ngongotaha","2","B",116.36,0.37,314.48,"1319.3",2267.8,"0.58","16",102.7,"1.39","0.77","Ōturuturu",NA,NA,NA
2025-05-12,"13:56","Ngongotaha","3","B",124.15,0.13,955,"1488.3",1797.6,"0.82","16",102.7,"1.39","0.77","Ōturuturu",NA,NA,NA
2025-05-12,"14:26","Te Koutu","1","B",89.82,1.7,52.83,"1209.4",1895.3,"0.63","16.6",104.5,"4.64","1.87","Ōturuturu",NA,NA,NA
2025-05-12,"14:26","Te Koutu","2","B",81.21,0.76,106.85,"1817.9",2129.1,"0.85","16.6",104.5,"4.64","1.87","Ōturuturu",NA,NA,NA
2025-05-12,"14:26","Te Koutu","3","B",82.78,1.03,80.36,"1209.4",1679.9,"0.72","16.6",104.5,"4.64","1.87","Ōturuturu",NA,NA,NA
2025-05-12,"10:40","Lake Front","1","B",0.1,0.06,1.66,"1052.9",905.42,"1.16","14.6",82.4,"1.9","0.09","Ōturuturu",NA,NA,NA
2025-05-12,"10:40","Lake Front","2","B",6.25,0.45,13.88,"991.78",928.12,"1.06","14.6",82.4,"1.9","0.09","Ōturuturu",NA,NA,NA
2025-05-12,"10:40","Lake Front","3","B",133.5,0.6,222.5,"945.08",859.2,"1.1","14.6",82.4,"1.9","0.09","Ōturuturu",NA,NA,NA
2025-05-14,"15:12","Hannah's Bay","1","B",23.3,0.45,51.77,"946.46",1167.1,"0.81","16.2",94,"2.83","0.44","Rākaumatohi","clear skies","light wave action, clear",NA
2025-05-14,"15:12","Hannah's Bay","2","B",690.64,0.41,0,"943.01",1737.5,"0.54","16.2",94,"2.83","0.44","Rākaumatohi","clear skies","light wave action, clear",NA
2025-05-14,"15:12","Hannah's Bay","3","B",27.21,0.64,42.51,"1041.2",1454,"0.71","16.2",94,"2.83","0.44","Rākaumatohi","clear skies","light wave action, clear",NA
2025-05-14,"14:54","Te Pōhue","1","B",46,0.45,102.22,"1153.1",2031.4,"0.56","16.4",98.9,"1.12","0.77","Rākaumatohi",NA,"clear, flat",NA
2025-05-14,"14:54","Te Pōhue","2","B",0.1,0.1,0,"1092",1947.7,"0.56","16.4",98.9,"1.12","0.77","Rākaumatohi",NA,"clear, flat",NA
2025-05-14,"14:54","Te Pōhue","3","B",0.1,1.15,0.08,"1261",2635.1,"0.47","16.4",98.9,"1.12","0.77","Rākaumatohi",NA,"clear, flat",NA
2025-05-14,"14:35","Ohau Channel","1","B",13.91,0.03,463.66,"1176.5",2048.9,"0.57","15.8",103,"1.51","0.75","Rākaumatohi",NA,"clear, light wave action",NA
2025-05-14,"14:35","Ohau Channel","2","B",63.21,0.25,252.84,"1131.1",1878.8,"0.6","15.8",103,"1.51","0.75","Rākaumatohi",NA,"clear, light wave action",NA
2025-05-14,"14:35","Ohau Channel","3","B",75.73,0.8,94.66,"1124.2",2041.9,"0.55","15.8",103,"1.51","0.75","Rākaumatohi",NA,"clear, light wave action",NA
2025-05-14,"14:15","Hamurana (East)","1","B",32.69,0.1,326.9,"1010.9",1541.2,"0.65","15.1",105.2,"1.65","0.41","Rākaumatohi",NA,"clear, ripples",NA
2025-05-14,"14:15","Hamurana (East)","2","B",11.56,0.03,385.33,"1048",1409.5,"0.74","15.1",105.2,"1.65","0.41","Rākaumatohi",NA,"clear, ripples",NA
2025-05-14,"14:15","Hamurana (East)","3","B",40.52,0,0,"1034.3",1488,"0.69","15.1",105.2,"1.65","0.41","Rākaumatohi",NA,"clear, ripples",NA
2025-05-14,"13:44","Hamurana (bridge)","1","B",39.73,0,0,"927.18",1859.6,"0.49","15.4",102.6,"0.91","0.49","Rākaumatohi",NA,"Hazy, flat",NA
2025-05-14,"13:44","Hamurana (bridge)","2","B",0.1,0,0,"949.15",1174,"0.8","15.4",102.6,"0.91","0.49","Rākaumatohi",NA,"Hazy, flat",NA
2025-05-14,"13:44","Hamurana (bridge)","3","B",45.21,0.53,85.3,"1026.1",1338.9,"0.76","15.4",102.6,"0.91","0.49","Rākaumatohi",NA,"Hazy, flat",NA
2025-05-14,"13:35","Hamurana (West)","1","B",40.52,0,0,"1065.9",1560.4,"0.68","15.3",99.9,"0.76","0.51","Rākaumatohi",NA,"Hazy, flat",NA
2025-05-14,"13:35","Hamurana (West)","2","B",82,0,0,"989.71",1750.6,"0.56","15.3",99.9,"0.76","0.51","Rākaumatohi",NA,"Hazy, flat",NA
2025-05-14,"13:35","Hamurana (West)","3","B",99.21,0,0,"886.01",1322.3,"0.67","15.3",99.9,"0.76","0.51","Rākaumatohi",NA,"Hazy, flat",NA
2025-05-14,"13:21","Awahou (Tarimano)","1","B",67.91,0,0,"901.76",1202.8,"0.74","15",103.1,"1.12","0.51","Rākaumatohi",NA,"clear, light wave action",NA
2025-05-14,"13:21","Awahou (Tarimano)","2","B",72.6,0,0,"1047.3",1181,"0.86","15",103.1,"1.12","0.51","Rākaumatohi",NA,"clear, light wave action",NA
2025-05-14,"13:21","Awahou (Tarimano)","3","B",71.04,0,0,"982.18",1358.9,"0.72","15",103.1,"1.12","0.51","Rākaumatohi",NA,"clear, light wave action",NA
2025-05-14,"13:05","Ngongotaha","1","B",55.39,0.1,553.9,"1109.2",1540.3,"0.72","15.1",103.3,"1.25","1","Rākaumatohi",NA,"flat, clear",NA
2025-05-14,"13:05","Ngongotaha","2","B",8.5,0,0,"1182",2144.9,"0.55","15.1",103.3,"1.25","1","Rākaumatohi",NA,"flat, clear",NA
2025-05-14,"13:05","Ngongotaha","3","B",31.91,0,0,"1122.2",1577,NA,"15.1",103.3,"1.25","1","Rākaumatohi",NA,"flat, clear",NA
2025-05-14,"12:32","Te Koutu","1","B",55.39,0,0,"1087.9",1255.1,"0.86","14.9",101.2,"1.13","0.56","Rākaumatohi",NA,"flat, clear",NA
2025-05-14,"12:32","Te Koutu","2","B",64.78,0,0,"1080.3",1188.8,"0.9","14.9",101.2,"1.13","0.56","Rākaumatohi",NA,"flat, clear",NA
2025-05-14,"12:32","Te Koutu","3","B",56.17,0,0,"1065.9",1264.7,"0.84","14.9",101.2,"1.13","0.56","Rākaumatohi",NA,"flat, clear",NA
2025-05-14,"11:43","Lake Front","1","B",10,0,0,"500.83",512.06,"0.97","15.2",83.5,"1.02","0.04","Rākaumatohi",NA,"flat, clear",NA
2025-05-14,"11:43","Lake Front","2","B",0.1,0,0,"476.68",535.6,"0.89","15.2",83.5,"1.02","0.04","Rākaumatohi",NA,"flat, clear",NA
2025-05-14,"11:43","Lake Front","3","B",30.34,0,0,"526.08",527.75,"0.99","15.2",83.5,"1.02","0.04","Rākaumatohi",NA,"flat, clear",NA
2025-05-16,"10:50","Hannah's Bay","1","B",0.1,0.92,0.1,"1445.7",2756.3,"0.52","14.8",99.6,"1.95","0.85","Takirau","Overcast",NA,NA
2025-05-16,"10:50","Hannah's Bay","2","B",0.1,2.09,0.04,"1434",2348.1,"0.61","14.8",99.6,"1.95","0.85","Takirau","Overcast",NA,NA
2025-05-16,"10:50","Hannah's Bay","3","B",0.1,1.46,0.06,"1683.8",3570.9,"0.46","14.8",99.6,"1.95","0.85","Takirau","Overcast",NA,NA
2025-05-16,"11:12","Te Pōhue","1","B",0.1,1.03,0.09,"1445",1939.9,"0.74","14.2",95.6,"5.18","0.98","Takirau",NA,NA,NA
2025-05-16,"11:12","Te Pōhue","2","B",36.6,1.23,29.75,"1535.6",2541.7,"0.6","14.2",95.6,"5.18","0.98","Takirau",NA,NA,NA
2025-05-16,"11:12","Te Pōhue","3","B",0.1,1.66,0.06,"1459.4",1693.9,"0.86","14.2",95.6,"5.18","0.98","Takirau",NA,NA,NA
2025-05-16,"11:29","Ohau Channel","1","B",54.6,1.38,3956,"1521.3",2275.7,"0.66","14.1",98.8,"4.21","1.11","Takirau",NA,NA,NA
2025-05-16,"11:29","Ohau Channel","2","B",0.1,0,0,"1467.7",2633.3,"0.55","14.1",98.8,"4.21","1.11","Takirau",NA,NA,NA
2025-05-16,"11:29","Ohau Channel","3","B",7,0,0,"1752.7",2384.7,"0.73","14.1",98.8,"4.21","1.11","Takirau",NA,NA,NA
2025-05-16,"11:47","Hamurana (East)","1","B",28.78,0,0,"1172.3",1958.2,"0.59","13.6",101.1,"1.58","0.32","Takirau",NA,NA,NA
2025-05-16,"11:47","Hamurana (East)","2","B",0.1,0.45,0.22,"1004.1",1672,"0.6","13.6",101.1,"1.58","0.32","Takirau",NA,NA,NA
2025-05-16,"11:47","Hamurana (East)","3","B",46.78,0.88,53.15,"937.48",1822.9,"0.51","13.6",101.1,"1.58","0.32","Takirau",NA,NA,NA
2025-05-16,"12:04","Hamurana (bridge)","1","B",0.1,1.54,0.06,"1332.4",2157.9,"0.61","13.9",99.4,"1.01","0.52","Takirau",NA,NA,NA
2025-05-16,"12:04","Hamurana (bridge)","2","B",56.95,15.44,3.68,"1287.8",2164,"0.59","13.9",99.4,"1.01","0.52","Takirau",NA,NA,NA
2025-05-16,"12:04","Hamurana (bridge)","3","B",0.1,0.13,0.76,"1007.5",2048.9,"0.49","13.9",99.4,"1.01","0.52","Takirau",NA,NA,NA
2025-05-16,"12:26","Hamurana (West)","1","B",0.1,0,0,"982.8",1779.3,"0.55","14.1",101.1,"0.96","0.58","Takirau",NA,NA,NA
2025-05-16,"12:26","Hamurana (West)","2","B",0.1,0,0,"1124.2",1762.8,"0.63","14.1",101.1,"0.96","0.58","Takirau",NA,NA,NA
2025-05-16,"12:26","Hamurana (West)","3","B",0.1,0,0,"782.31",1529.9,"0.51","14.1",101.1,"0.96","0.58","Takirau",NA,NA,NA
2025-05-16,"12:43","Awahou (Tarimano)","1","B",40.52,0,0,"1393.5",2281.8,"0.61","14.6",102.6,"0.83","0.85","Takirau",NA,NA,NA
2025-05-16,"12:43","Awahou (Tarimano)","2","B",0.1,0.88,0.11,"1497.2",2127.4,"0.7","14.6",102.6,"0.83","0.85","Takirau",NA,NA,NA
2025-05-16,"12:43","Awahou (Tarimano)","3","B",66.34,0,0,"1383.2",2325.4,"0.59","14.6",102.6,"0.83","0.85","Takirau",NA,NA,NA
2025-05-16,"13:09","Ngongotaha","1","B",28.78,0,0,"1236.9",2039.2,"0.6","15.2",101.4,"1","0.88","Takirau",NA,NA,NA
2025-05-16,"13:09","Ngongotaha","2","B",0.1,0,1.66,"1262.3",1669.4,"0.75","15.2",101.4,"1","0.88","Takirau",NA,NA,NA
2025-05-16,"13:09","Ngongotaha","3","B",23.3,0,0,"1494.5",2164,"0.69","15.2",101.4,"1","0.88","Takirau",NA,NA,NA
2025-05-16,"13:46","Te Koutu","1","B",80.43,0,0,"1171.6",2182.3,"0.53","14.9",107.4,"0.73","0.43","Takirau",NA,NA,NA
2025-05-16,"13:46","Te Koutu","2","B",96.86,0,0,"1138",1792.4,"0.63","14.9",107.4,"0.73","0.43","Takirau",NA,NA,NA
2025-05-16,"13:46","Te Koutu","3","B",125.77,0,0,"1242.4",1529,"0.81","14.9",107.4,"0.73","0.43","Takirau",NA,NA,NA
2025-05-16,"14:12","Lake Front","1","B",0.1,0,0,"1194.4",1603.2,"0.74","16.4",99.9,"5.44","0.57","Takirau",NA,NA,NA
2025-05-16,"14:12","Lake Front","2","B",2.6,0,0,"1258.9",1883.2,"0.6","16.4",99.9,"5.44","0.57","Takirau",NA,NA,NA
2025-05-16,"14:12","Lake Front","3","B",0.1,0.33,0.3,"1283.6",1791.6,"0.71","16.4",99.9,"5.44","0.57","Takirau",NA,NA,NA
2025-05-19,"11:15","Hannah's Bay","1","B",0.1,1.15,0.08,"1570.7",3456.7,"0.54","16.1",95.6,"4.52","1.81","korekore-piri-ki-ngā-Tangaroa","clear skies, slight winds",NA,NA
2025-05-19,"11:15","Hannah's Bay","2","B",0.1,1,0.1,"1525.3",3068.5,"0.49","16.1",95.6,"4.52","1.81","korekore-piri-ki-ngā-Tangaroa","clear skies, slight winds",NA,NA
2025-05-19,"11:15","Hannah's Bay","3","B",0.1,1.42,0.07,"1456",2671.7,"0.54","16.1",95.6,"4.52","1.81","korekore-piri-ki-ngā-Tangaroa","clear skies, slight winds",NA,NA
2025-05-19,"11:48","Te Pōhue","1","B",0.1,1.11,0.09,"1495.2",2914.1,"0.51","16.4",100.9,"1.87","0.88","korekore-piri-ki-ngā-Tangaroa",NA,NA,NA
2025-05-19,"11:48","Te Pōhue","2","B",0.1,0.92,0.1,"2149.7",2046.2,"1.05","16.4",100.9,"1.87","0.88","korekore-piri-ki-ngā-Tangaroa",NA,NA,NA
2025-05-19,"11:48","Te Pōhue","3","B",123.37,1.85,66.68,"1324.1",1991.3,"0.66","16.4",100.9,"1.87","0.88","korekore-piri-ki-ngā-Tangaroa",NA,NA,NA
2025-05-19,"12:05","Ohau Channel","1","B",56.17,0.88,63.82,"1469.7",2272.2,"0.64","15.7",99.1,"4.62","0.91","korekore-piri-ki-ngā-Tangaroa",NA,NA,NA
2025-05-19,"12:05","Ohau Channel","2","B",19.39,1.23,15.76,"1300.7",2511.1,"0.51","15.7",99.1,"4.62","0.91","korekore-piri-ki-ngā-Tangaroa",NA,NA,NA
2025-05-19,"12:05","Ohau Channel","3","B",26.43,1.03,25.66,"1164.8",1712.2,"0.68","15.7",99.1,"4.62","0.91","korekore-piri-ki-ngā-Tangaroa",NA,NA,NA
2025-05-19,"12:26","Hamurana (East)","1","B",0.1,0,0,"1190.2",1305.7,"0.91","15.1",99.6,"2.32","0.58","korekore-piri-ki-ngā-Tangaroa",NA,NA,NA
2025-05-19,"12:26","Hamurana (East)","2","B",0.1,0,0,"1411.4",1902.3,"0.74","15.1",99.6,"2.32","0.58","korekore-piri-ki-ngā-Tangaroa",NA,NA,NA
2025-05-19,"12:26","Hamurana (East)","3","B",0.1,0,0,"1308.3",1598,"0.81","15.1",99.6,"2.32","0.58","korekore-piri-ki-ngā-Tangaroa",NA,NA,NA
2025-05-19,"12:49","Hamurana (bridge)","1","B",20.17,0.33,61.12,"1295.3",2144.9,"0.6","15.2",100.4,"1.17","0.35","korekore-piri-ki-ngā-Tangaroa",NA,NA,NA
2025-05-19,"12:49","Hamurana (bridge)","2","B",45.21,0.64,70.64,"1294",2444,"0.52","15.2",100.4,"1.17","0.35","korekore-piri-ki-ngā-Tangaroa",NA,NA,NA
2025-05-19,"12:49","Hamurana (bridge)","3","B",41.3,0.84,49.16,"1282.2",2184.1,"0.58","15.2",100.4,"1.17","0.35","korekore-piri-ki-ngā-Tangaroa",NA,NA,NA
2025-05-19,"13:00","Hamurana (West)","1","B",24.08,0,0,"1139.4",1254.3,"0.9","15.4",100.9,"1.32","0.51","korekore-piri-ki-ngā-Tangaroa",NA,NA,NA
2025-05-19,"13:00","Hamurana (West)","2","B",75.73,0.13,582.53,"1200.5",1337.1,"0.89","15.4",100.9,"1.32","0.51","korekore-piri-ki-ngā-Tangaroa",NA,NA,NA
2025-05-19,"13:00","Hamurana (West)","3","B",84.34,0.03,0,"1243.1",1748,"0.71","15.4",100.9,"1.32","0.51","korekore-piri-ki-ngā-Tangaroa",NA,NA,NA
2025-05-19,"13:24","Awahou (Tarimano)","1","B",0.1,0.03,3.33,"1210.1",1198.4,"1","16",102.3,"1.07","0.69","korekore-piri-ki-ngā-Tangaroa",NA,NA,NA
2025-05-19,"13:24","Awahou (Tarimano)","2","B",0.1,0,0,"1160",1325.8,"0.87","16",102.3,"1.07","0.69","korekore-piri-ki-ngā-Tangaroa",NA,NA,NA
2025-05-19,"13:24","Awahou (Tarimano)","3","B",0.1,0,0,"1259.6",1813.3,"0.69","16",102.3,"1.07","0.69","korekore-piri-ki-ngā-Tangaroa",NA,NA,NA
2025-05-19,"13:46","Ngongotaha","1","B",6.25,0.25,25,"1296",1492.3,"0.86","16.3",116.1,NA,"0.8","korekore-piri-ki-ngā-Tangaroa",NA,NA,NA
2025-05-19,"13:46","Ngongotaha","2","B",27.21,0.45,50.46,"1285",1334.5,"0.96","16.3",116.1,NA,"0.8","korekore-piri-ki-ngā-Tangaroa",NA,NA,NA
2025-05-19,"13:46","Ngongotaha","3","B",45.21,1.23,36.75,"1177.8",1468.8,"0.8","16.3",116.1,NA,"0.8","korekore-piri-ki-ngā-Tangaroa",NA,NA,NA
2025-05-19,"14:17","Te Koutu","1","B",0.1,0.75,0.13,"1275.4",1580.5,"0.8","16.8",110.1,"2.2","0.55","korekore-piri-ki-ngā-Tangaroa",NA,NA,NA
2025-05-19,"14:17","Te Koutu","2","B",79.65,1.81,44,"1272.6",1464.5,"0.86","16.8",110.1,"2.2","0.55","korekore-piri-ki-ngā-Tangaroa",NA,NA,NA
2025-05-19,"14:17","Te Koutu","3","B",49.91,1.62,30.8,"1210.1",1331.1,"0.9","16.8",110.1,"2.2","0.55","korekore-piri-ki-ngā-Tangaroa",NA,NA,NA
2025-05-19,"14:46","Lake Front","1","B",7.75,1.31,5.91,"1276.7",2066.3,"0.61","16.7",100.5,"2.77","0.72","korekore-piri-ki-ngā-Tangaroa",NA,NA,NA
2025-05-19,"14:46","Lake Front","2","B",1.75,2.28,0.76,"1183.3",1757.6,"0.67","16.7",100.5,"2.77","0.72","korekore-piri-ki-ngā-Tangaroa",NA,NA,NA
2025-05-19,"14:46","Lake Front","3","B",22,1.89,3.7,"1202.6",1516,"0.79","16.7",100.5,"2.77","0.72","korekore-piri-ki-ngā-Tangaroa",NA,NA,NA
2025-05-21,NA,"Hannah's Bay","1","B",0.1,0.41,0.24,"1395.5",1717.4,"1.17","13.7",100.5,"1.59","0.41","Tangaroa-ā-roto","clear skies, slight winds",NA,NA
2025-05-21,NA,"Hannah's Bay","2","B",0.1,0,0,"1383.9",1945.9,"0.81","13.7",100.5,"1.59","0.41","Tangaroa-ā-roto","clear skies, slight winds",NA,NA
2025-05-21,NA,"Hannah's Bay","3","B",0.1,0,0,"1251.4",1066.8,"0.71","13.7",100.5,"1.59","0.41","Tangaroa-ā-roto","clear skies, slight winds",NA,NA
2025-05-21,NA,"Te Pōhue","1","B",0.1,0,0,"1491",1318.8,"1.13","12.7",98.5,"0.99","0.81","Tangaroa-ā-roto",NA,NA,NA
2025-05-21,NA,"Te Pōhue","2","B",24.08,0,0,"1448.5",1533.4,"0.93","12.7",98.5,"0.99","0.81","Tangaroa-ā-roto",NA,NA,NA
2025-05-21,NA,"Te Pōhue","3","B",29.55,0,0,"1525.3",1490.7,"1.02","12.7",98.5,"0.99","0.81","Tangaroa-ā-roto",NA,NA,NA
2025-05-21,NA,"Ohau Channel","1","B",0.1,0.06,1.66,"1403.1",1394.7,"1","13.9",104.1,"1.43","0.48","Tangaroa-ā-roto",NA,NA,NA
2025-05-21,NA,"Ohau Channel","2","B",0.1,0.72,0.13,"1595.4",1993.9,"0.8","13.9",104.1,"1.43","0.48","Tangaroa-ā-roto",NA,NA,NA
2025-05-21,NA,"Ohau Channel","3","B",0.1,0.17,0.58,"1406.5",1389.4,"1.01","13.9",104.1,"1.43","0.48","Tangaroa-ā-roto",NA,NA,NA
2025-05-21,NA,"Hamurana (East)","1","B",41.3,0.49,84.28,"1176.5",1939.9,"0.6","12.5",100.6,"2.48","0.3","Tangaroa-ā-roto",NA,NA,NA
2025-05-21,NA,"Hamurana (East)","2","B",55.39,0.25,221.56,"1407.2",2800.7,"0.5","12.5",100.6,"2.48","0.3","Tangaroa-ā-roto",NA,NA,NA
2025-05-21,NA,"Hamurana (East)","3","B",42.08,0.72,58.44,"1381.2",2344.5,"0.58","12.5",100.6,"2.48","0.3","Tangaroa-ā-roto",NA,NA,NA
2025-05-21,NA,"Hamurana (West)","1","B",0.1,1.31,0.07,"1166.2",2071.5,"0.56","12.3",99.5,"7.2","1.09","Tangaroa-ā-roto",NA,NA,NA
2025-05-21,NA,"Hamurana (West)","2","B",0.1,1.58,0.05,"1284.3",2127.4,"0.6","12.3",99.5,"7.2","1.09","Tangaroa-ā-roto",NA,NA,NA
2025-05-21,NA,"Hamurana (West)","3","B",0.1,1.15,0.08,"1164.8",1854.3,"0.62","12.3",99.5,"7.2","1.09","Tangaroa-ā-roto",NA,NA,NA
2025-05-21,NA,"Awahou (Tarimano)","1","B",0.1,1.81,0.05,"1180.6",1836,"0.64","13.1",100,"5.26","0.84","Tangaroa-ā-roto",NA,NA,NA
2025-05-21,NA,"Awahou (Tarimano)","2","B",0.1,1.77,0.05,"1274",1673,"0.76","13.1",100,"5.26","0.84","Tangaroa-ā-roto",NA,NA,NA
2025-05-21,NA,"Awahou (Tarimano)","3","B",0.1,2.05,0.04,"1431.3",2322.8,"0.61","13.1",100,"5.26","0.84","Tangaroa-ā-roto",NA,NA,NA
2025-05-21,NA,"Ngongotaha","1","B",0.1,1.15,0.08,"1019.9",1248.1,"0.81","12.1",104.1,"1.47","0.29","Tangaroa-ā-roto",NA,NA,NA
2025-05-21,NA,"Ngongotaha","2","B",0.1,0.64,0.15,"1142.1",1324.1,"0.86","12.1",104.1,"1.47","0.29","Tangaroa-ā-roto",NA,NA,NA
2025-05-21,NA,"Ngongotaha","3","B",0.1,1.03,0.09,"1142.1",1551.7,"0.73","12.1",104.1,"1.47","0.29","Tangaroa-ā-roto",NA,NA,NA
2025-05-21,NA,"Te Koutu","1","B",0.1,0,0,NA,NA,NA,"12.9",100.6,"0.77","0.43","Tangaroa-ā-roto",NA,NA,NA
2025-05-21,NA,"Te Koutu","2","B",0.1,0,0,NA,NA,NA,"12.9",100.6,"0.77","0.43","Tangaroa-ā-roto",NA,NA,NA
2025-05-21,NA,"Te Koutu","3","B",0.1,0,0,NA,NA,NA,"12.9",100.6,"0.77","0.43","Tangaroa-ā-roto",NA,NA,NA
2025-05-21,NA,"Lake Front","1","B",0.1,0,0,"1175.8",734.43,"1.6","13.1",92.3,"0.9","0.07","Tangaroa-ā-roto",NA,NA,NA
2025-05-21,NA,"Lake Front","2","B",0.1,0.13,0.76,"1004.8",785.88,"1.27","13.1",92.3,"0.9","0.07","Tangaroa-ā-roto",NA,NA,NA
2025-05-21,NA,"Lake Front","3","B",0.1,0.17,0.58,"1145.6",755.34,"1.51","13.1",92.3,"0.9","0.07","Tangaroa-ā-roto",NA,NA,NA
2025-05-23,NA,"Hannah's Bay","1","B",0.1,3.02,0.03,"1385.2",1390.4,"0.99","13.1",90.8,"1.19","0.93","Ōtāne","Overcast",NA,NA
2025-05-23,NA,"Hannah's Bay","2","B",0.1,0.06,1.66,"1697.1",4113.4,"0.41","13.1",90.8,"1.19","0.93","Ōtāne","Overcast",NA,NA
2025-05-23,NA,"Hannah's Bay","3","B",0.1,3.49,0.02,"1512.3",1475.8,"1.02","13.1",90.8,"1.19","0.93","Ōtāne","Overcast",NA,NA
2025-05-23,NA,"Te Pōhue","1","B",0.1,1.27,0.07,"1422.3",1795,"0.79","12.3",92.1,"1.22","0.54","Ōtāne",NA,NA,NA
2025-05-23,NA,"Te Pōhue","2","B",0.1,0,0,"1506.1",1375.1,"0.63","12.3",92.1,"1.22","0.54","Ōtāne",NA,NA,NA
2025-05-23,NA,"Te Pōhue","3","B",0.1,0,0,"1525.3",2113.4,"0.72","12.3",92.1,"1.22","0.54","Ōtāne",NA,NA,NA
2025-05-23,NA,"Ohau Channel","1","B",0.1,0.76,0.13,"1303.5",2272.2,"1.01","12.2",93.6,"1.27","0.81","Ōtāne",NA,NA,NA
2025-05-23,NA,"Ohau Channel","2","B",0.1,0,0,"2113.3",2417,"0.87","12.2",93.6,"1.27","0.81","Ōtāne",NA,NA,NA
2025-05-23,NA,"Ohau Channel","3","B",0.1,0,0,"1542.9",2177.9,"0.7","12.2",93.6,"1.27","0.81","Ōtāne",NA,NA,NA
2025-05-23,NA,"Hamurana (East)","1","B",0.1,0.13,0.76,"1646.2",3416.6,"0.48","12.5",95.3,"1.38","1.18","Ōtāne",NA,NA,NA
2025-05-23,NA,"Hamurana (East)","2","B",0.1,0.03,3.33,"1322.1",3768.9,"0.48","12.5",95.3,"1.38","1.18","Ōtāne",NA,NA,NA
2025-05-23,NA,"Hamurana (East)","3","B",0.1,0,0,"1561.1",2495.5,"0.62","12.5",95.3,"1.38","1.18","Ōtāne",NA,NA,NA
2025-05-23,NA,"Hamurana (bridge)","1","B",0.1,0.17,0.58,"4979.4",13643,"0.36","11.6",91.9,"0.84","0.42","Ōtāne",NA,NA,NA
2025-05-23,NA,"Hamurana (bridge)","2","B",0.1,0,0,"1861",5673.9,"0.32","11.6",91.9,"0.84","0.42","Ōtāne",NA,NA,NA
2025-05-23,NA,"Hamurana (bridge)","3","B",0.1,0,0,"1362.6",3144.4,"0.43","11.6",91.9,"0.84","0.42","Ōtāne",NA,NA,NA
2025-05-23,NA,"Hamurana (West)","1","B",0.1,0,0,"2742.4",15820,"0.17","12",94.5,"0.96","0.61","Ōtāne",NA,NA,NA
2025-05-23,NA,"Hamurana (West)","2","B",0.1,0,0,"1176.5",1911.9,"0.61","12",94.5,"0.96","0.61","Ōtāne",NA,NA,NA
2025-05-23,NA,"Hamurana (West)","3","B",0.1,0,0,"1440.9",2322.8,"0.62","12",94.5,"0.96","0.61","Ōtāne",NA,NA,NA
2025-05-23,NA,"Awahou (Tarimano)","1","B",0.1,0,0,"1425.1",2097.7,"0.67","12.4",98.8,"0.83","0.79","Ōtāne",NA,NA,NA
2025-05-23,NA,"Awahou (Tarimano)","2","B",0.1,0,0,"1185.4",1748.8,"0.67","12.4",98.8,"0.83","0.79","Ōtāne",NA,NA,NA
2025-05-23,NA,"Awahou (Tarimano)","3","B",60.4,0,0,"1510.3",2934.2,"0.51","12.4",98.8,"0.83","0.79","Ōtāne",NA,NA,NA
2025-05-23,NA,"Ngongotaha","1","B",0.1,0,0,"1069.3",2330.6,"0.45","12.4",92.9,"1.28","0.61","Ōtāne",NA,NA,NA
2025-05-23,NA,"Ngongotaha","2","B",0.1,0.1,1,"1207.3",1710.4,"0.7","12.4",92.9,"1.28","0.61","Ōtāne",NA,NA,NA
2025-05-23,NA,"Ngongotaha","3","B",0.1,0,0,"1031.5",1658.1,"0.62","12.4",92.9,"1.28","0.61","Ōtāne",NA,NA,NA
2025-05-23,NA,"Te Koutu","1","B",0.1,0,0,"932.71",5188.9,"0.17","12.4",97.3,"0.79","0.22","Ōtāne",NA,NA,NA
2025-05-23,NA,"Te Koutu","2","B",0.1,0,0,"1206.7",1676.4,"0.71","12.4",97.3,"0.79","0.22","Ōtāne",NA,NA,NA
2025-05-23,NA,"Te Koutu","3","B",10.78,0,0,"1583.1",2294.8,"0.69","12.4",97.3,"0.79","0.22","Ōtāne",NA,NA,NA
2025-05-23,NA,"Lake Front","1","B",0.1,0,0,"1610.5",2479.8,"0.64","14",87.5,"1.3","0.51","Ōtāne",NA,NA,NA
2025-05-23,NA,"Lake Front","2","B",0.1,0,0,"1539.8",2492,"0.61","14",87.5,"1.3","0.51","Ōtāne",NA,NA,NA
2025-05-23,NA,"Lake Front","3","B",0.1,0,0,"1332.1",2688.2,"0.49","14",87.5,"1.3","0.51","Ōtāne",NA,NA,NA
2025-05-28,"11:18","Hannah's Bay","1","B",0.1,0.64,0.15,"1081",3735.8,"0.28","14.9",93.9,"1.77","1.08","Ōtirea","Heavy rains",NA,NA
2025-05-28,"11:18","Hannah's Bay","2","B",0.1,1.11,0.09,"1265",3598.9,"0.35","14.9",93.9,"1.77","1.08","Ōtirea","Heavy rains",NA,NA
2025-05-28,"11:18","Hannah's Bay","3","B",0.1,1.74,0.05,"1206",2772.8,"0.43","14.9",93.9,"1.77","1.08","Ōtirea","Heavy rains",NA,NA
2025-05-28,"11:31","Te Pōhue","1","B",6.25,1.54,4.05,"919.65",1281.3,"0.71","14.9",93.3,"1.48","0.36","Ōtirea",NA,NA,NA
2025-05-28,"11:31","Te Pōhue","2","B",13.91,0,0,"1061",1288.3,"0.83","14.9",93.3,"1.48","0.36","Ōtirea",NA,NA,NA
2025-05-28,"11:31","Te Pōhue","3","B",0.1,0,0,"1080.3",1003.1,"1.07","14.9",93.3,"1.48","0.36","Ōtirea",NA,NA,NA
2025-05-28,"12:01","Ohau Channel","1","B",20.95,0,0,"1313.8",1542.1,"0.85","14.6",92.3,"0.83","0.43","Ōtirea",NA,NA,NA
2025-05-28,"12:01","Ohau Channel","2","B",0.1,0,0,"1519.9",2020.1,"0.75","14.6",92.3,"0.83","0.43","Ōtirea",NA,NA,NA
2025-05-28,"12:01","Ohau Channel","3","B",0.1,0,0,"1254",1007.5,"1.24","14.6",92.3,"0.83","0.43","Ōtirea",NA,NA,NA
2025-05-28,"12:18","Hamurana (East)","1","B",0.1,0,0,"1034.3",916.72,"1.12","14.6",91.7,"0.54","0.3","Ōtirea",NA,NA,NA
2025-05-28,"12:18","Hamurana (East)","2","B",0.1,0,0,"1107.8",1570,"0.7","14.6",91.7,"0.54","0.3","Ōtirea",NA,NA,NA
2025-05-28,"12:18","Hamurana (East)","3","B",11.56,0,0,"1506.8",1841.2,"0.81","14.6",91.7,"0.54","0.3","Ōtirea",NA,NA,NA
2025-05-28,"12:44","Hamurana (bridge)","1","B",0.1,0,0,"1084.4",1393,"0.77","13.9",93.8,"1.37","0.44","Ōtirea",NA,NA,NA
2025-05-28,"12:44","Hamurana (bridge)","2","B",133.5,0,0,"1331.7",1778.5,"0.74","13.9",93.8,"1.37","0.44","Ōtirea",NA,NA,NA
2025-05-28,"12:44","Hamurana (bridge)","3","B",0.1,0,0,"1150.4",1356.3,"0.84","13.9",93.8,"1.37","0.44","Ōtirea",NA,NA,NA
2025-05-28,"13:02","Hamurana (West)","1","B",89.82,0,0,"1078.2",1343.2,"0.8","14.5",95.1,"1.1","0.36","Ōtirea",NA,NA,NA
2025-05-28,"13:02","Hamurana (West)","2","B",45.21,0,0,"1173.7",1504.6,"0.78","14.5",95.1,"1.1","0.36","Ōtirea",NA,NA,NA
2025-05-28,"13:02","Hamurana (West)","3","B",0.1,0,0,"1183.3",1438.3,"0.82","14.5",95.1,"1.1","0.36","Ōtirea",NA,NA,NA
2025-05-28,"13:29","Awahou (Tarimano)","1","B",22.52,0,0,"1315.2",2859.2,"0.46","13.1",90.3,"3.57","1.99","Ōtirea",NA,NA,NA
2025-05-28,"13:29","Awahou (Tarimano)","2","B",0.1,0.03,3.33,"1344.8",3172.3,"0.42","13.1",90.3,"3.57","1.99","Ōtirea",NA,NA,NA
2025-05-28,"13:29","Awahou (Tarimano)","3","B",0.1,0,0,"1390.8",2223.3,"0.62","13.1",90.3,"3.57","1.99","Ōtirea",NA,NA,NA
2025-05-28,"13:56","Ngongotaha","1","B",0.1,0.8,0.12,"1541.2",3802.9,"0.4","14",92.9,"9.89","1.35","Ōtirea",NA,NA,NA
2025-05-28,"13:56","Ngongotaha","2","B",67.91,0.96,70.73,"1469",2964.7,"0.49","14",92.9,"9.89","1.35","Ōtirea",NA,NA,NA
2025-05-28,"13:56","Ngongotaha","3","B",21.73,0.45,48.28,"1649.7",3042.3,"0.54","14",92.9,"9.89","1.35","Ōtirea",NA,NA,NA
2025-05-28,"14:21","Te Koutu","1","B",0.1,3.84,0.02,"2170.9",7347.8,"0.29","14.6",95.3,"17.92","5.64","Ōtirea",NA,NA,NA
2025-05-28,"14:21","Te Koutu","2","B",131.94,3.72,35.46,"2272.6",9213.5,"0.24","14.6",95.3,"17.92","5.64","Ōtirea",NA,NA,NA
2025-05-28,"14:21","Te Koutu","3","B",0.1,3.53,0.02,"2021.2",8740.8,"0.23","14.6",95.3,"17.92","5.64","Ōtirea",NA,NA,NA
2025-05-28,"14:43","Lake Front","1","B",0.1,10.27,0,"2972.5",11810,"0.25","17.9",79.3,"88.6","7.34","Ōtirea",NA,NA,NA
2025-05-28,"14:43","Lake Front","2","B",15.47,8.67,1.78,"2743.8",12447,"0.22","17.9",79.3,"88.6","7.34","Ōtirea",NA,NA,NA
2025-05-28,"14:43","Lake Front","3","B",48.34,8.48,5.7,"3264.4",12126,"0.26","17.9",79.3,"88.6","7.34","Ōtirea",NA,NA,NA
2025-05-30,"15:31","Hannah's Bay","1","B",36.6,2.09,17.51,"1732.8",3995.8,"0.43","14.7",98.4,"2.18","2.18","Ōuenuku","Overcast, slight rains, periods of high wind","Ripples, murky","A few malfunctions with probe- values either not recorded when saved, or algae probe not reading properly"
2025-05-30,"15:31","Hannah's Bay","2","B",0.1,3.64,0.02,"1159.3",2977.8,"0.38","14.7",98.4,"2.18","2.18","Ōuenuku","Overcast, slight rains, periods of high wind","Ripples, murky",NA
2025-05-30,"15:31","Hannah's Bay","3","B",0.1,2.2,0.04,"1048",3011,"0.34","14.7",98.4,"2.18","2.18","Ōuenuku","Overcast, slight rains, periods of high wind","Ripples, murky",NA
2025-05-30,"15:10","Te Pōhue","1","B",71.04,1.15,61.77,"1709.5",2032.3,"0.84","14.2",98,"2.2",NA,"Ōuenuku",NA,"high wave action, murky",NA
2025-05-30,"15:10","Te Pōhue","2","B",5.5,1.31,4.19,"1515.7",2135.2,"0.7","14.2",98,"2.2",NA,"Ōuenuku",NA,"high wave action, murky",NA
2025-05-30,"15:10","Te Pōhue","3","B",78.08,1.31,59.6,"1519.2",2079.4,"0.73","14.2",98,"2.2",NA,"Ōuenuku",NA,"high wave action, murky",NA
2025-05-30,"14:25","Ohau Channel","1","B",58.52,1.03,56.81,"1585.1",1712.2,"0.92","14.6",96.1,"5.1",NA,"Ōuenuku",NA,"high wave action, murky",NA
2025-05-30,"14:25","Ohau Channel","2","B",83.56,0.96,87.04,"1533.6",1713,"0.89","14.6",96.1,"5.1",NA,"Ōuenuku",NA,"high wave action, murky",NA
2025-05-30,"14:25","Ohau Channel","3","B",78.08,1.23,63.47,"1703.9",2529.4,"0.67","14.6",96.1,"5.1",NA,"Ōuenuku",NA,"high wave action, murky",NA
2025-05-30,"14:04","Hamurana (East)","1","B",51.47,1.7,30.27,"1676.5",2446.6,"0.68","14.1",97.2,"2.11","0.33","Ōuenuku",NA,"high wave qaction, murky",NA
2025-05-30,"14:04","Hamurana (East)","2","B",20.95,1.15,18.21,"1787",4266.1,"0.41","14.1",97.2,"2.11","0.33","Ōuenuku",NA,"high wave qaction, murky",NA
2025-05-30,"14:04","Hamurana (East)","3","B",62.43,1.93,32.34,"1809",3277.9,"0.55","14.1",97.2,"2.11","0.33","Ōuenuku",NA,"high wave qaction, murky",NA
2025-05-30,"13:40","Hamurana (bridge)","1","B",0.1,1.07,0.09,"1476.6",2466.7,"0.59",NA,NA,NA,NA,"Ōuenuku",NA,"high wave action, murky",NA
2025-05-30,"13:40","Hamurana (bridge)","2","B",54.6,0.96,56.87,"1701.9",2585.3,"0.65",NA,NA,NA,NA,"Ōuenuku",NA,"high wave action, murky",NA
2025-05-30,"13:40","Hamurana (bridge)","3","B",85.13,1.97,43.21,"1782.9",2887.1,"0.61",NA,NA,NA,NA,"Ōuenuku",NA,"high wave action, murky",NA
2025-05-30,"13:24","Hamurana (West)","1","B",0.1,0.06,1.66,"1267.8",1303.1,"0.97","14.2",94.5,"0.98","0.31","Ōuenuku",NA,"high wave action, murky",NA
2025-05-30,"13:24","Hamurana (West)","2","B",158.44,0,0,"1282.9",1231.6,"1.04","14.2",94.5,"0.98","0.31","Ōuenuku",NA,"high wave action, murky",NA
2025-05-30,"13:24","Hamurana (West)","3","B",49.13,0,0,"1739.6",1730.5,"1","14.2",94.5,"0.98","0.31","Ōuenuku",NA,"high wave action, murky",NA
2025-05-30,"13:08","Awahou (Tarimano)","1","B",0.1,0,0,"1286.4",1183.6,"1.08","14.1",95,"0.82",NA,"Ōuenuku",NA,"Light wave action, hazy",NA
2025-05-30,"13:08","Awahou (Tarimano)","2","B",19.39,0,0,"1313.1",1361.5,"0.96","14.1",95,"0.82",NA,"Ōuenuku",NA,"Light wave action, hazy",NA
2025-05-30,"13:08","Awahou (Tarimano)","3","B",0.1,0.03,3.33,"1247.9",1461.9,"0.85","14.1",95,"0.82",NA,"Ōuenuku",NA,"Light wave action, hazy",NA
2025-05-30,"12:48","Ngongotaha","1","B",21.73,0.29,74.93,"1186.1",1314.4,"0.9","14.1",94.8,"1.24","0.39","Ōuenuku",NA,"Ripples, hazy",NA
2025-05-30,"12:48","Ngongotaha","2","B",0.1,0.06,1.66,"1303.5",1447.9,"0.9","14.1",94.8,"1.24","0.39","Ōuenuku",NA,"Ripples, hazy",NA
2025-05-30,"12:48","Ngongotaha","3","B",0.1,0.03,3.33,"1513.7",1119.9,"1.35","14.1",94.8,"1.24","0.39","Ōuenuku",NA,"Ripples, hazy",NA
2025-05-30,"12:14","Te Koutu","1","B",8.5,0,0,"1756.8",4049.8,"0.43","14.5",96.7,"2.65","0.71","Ōuenuku",NA,"Ripples, hazy",NA
2025-05-30,"12:14","Te Koutu","2","B",0.1,0,0,"1411.4",1919.8,"0.73","14.5",96.7,"2.65","0.71","Ōuenuku",NA,"Ripples, hazy",NA
2025-05-30,"12:14","Te Koutu","3","B",0.1,0,0,"1341.3",1933.7,"0.63","14.5",96.7,"2.65","0.71","Ōuenuku",NA,"Ripples, hazy",NA
2025-05-30,"12:05","Lake Front","1","B",0.1,0,0,"1375.6",2040.2,"0.67","14.8",90.5,"5.7","0.43","Ōuenuku",NA,"Ripples, murky",NA
2025-05-30,"12:05","Lake Front","2","B",0.1,1.58,0.06,"1282.2",1672,"0.76","14.8",90.5,"5.7","0.43","Ōuenuku",NA,"Ripples, murky",NA
2025-05-30,"12:05","Lake Front","3","B",0.1,0,0,"1197.7",1839.6,"0.65","14.8",90.5,"5.7","0.43","Ōuenuku",NA,"Ripples, murky",NA
2025-06-01,"12:38","Hannah's Bay","1","B",0.1,0.64,0.15,"1199.1",1130.4,"1.06","13.9",77.9,"10.65","0.22","Tamateatuatahi","clear skies",NA,NA
2025-06-01,"12:38","Hannah's Bay","2","B",0.1,0.06,1.66,"1548",1098.1,"1.4","13.9",77.9,"10.65","0.22","Tamateatuatahi","clear skies",NA,NA
2025-06-01,"12:38","Hannah's Bay","3","B",0.1,0,0,"1113.9",1018.8,"1.09","13.9",77.9,"10.65","0.22","Tamateatuatahi","clear skies",NA,NA
2025-06-01,"12:56","Te Pōhue","1","B",0.1,0,0,"1149.7",1285.7,"0.89","13.1",96.5,"9.97","0.53","Tamateatuatahi",NA,NA,NA
2025-06-01,"12:56","Te Pōhue","2","B",0.1,0,0,"1383.9",1503.7,"0.92","13.1",96.5,"9.97","0.53","Tamateatuatahi",NA,NA,NA
2025-06-01,"12:56","Te Pōhue","3","B",0.1,0,0,"1456",1595.4,"0.91","13.1",96.5,"9.97","0.53","Tamateatuatahi",NA,NA,NA
2025-06-01,"13:10","Ohau Channel","1","B",0.1,0,0,"2721.8",2223.3,"1.22","12.9",96.8,"150.36","1.64","Tamateatuatahi",NA,NA,NA
2025-06-01,"13:10","Ohau Channel","2","B",0.1,0.25,0.4,"1473.9",2429.1,"0.6","12.9",96.8,"150.36","1.64","Tamateatuatahi",NA,NA,NA
2025-06-01,"13:10","Ohau Channel","3","B",36.6,0,0,"1523.3",2523.4,"0.6","12.9",96.8,"150.36","1.64","Tamateatuatahi",NA,NA,NA
2025-06-01,"13:30","Hamurana (East)","1","B",0.1,0.06,1.66,"1537",1772.3,"0.86","12.3",96.1,"7.63","5.75","Tamateatuatahi",NA,NA,NA
2025-06-01,"13:30","Hamurana (East)","2","B",1.75,0.41,4.26,"1519.9",1778.5,"0.85","12.3",96.1,"7.63","5.75","Tamateatuatahi",NA,NA,NA
2025-06-01,"13:30","Hamurana (East)","3","B",0.1,0,0,"1497.9",1678.2,"0.89","12.3",96.1,"7.63","5.75","Tamateatuatahi",NA,NA,NA
2025-06-01,"13:45","Hamurana (bridge)","1","B",0.1,0,0,"1407.1",1691.3,"0.82","12.9",100.6,"1.91","0.36","Tamateatuatahi",NA,NA,NA
2025-06-01,"13:45","Hamurana (bridge)","2","B",0.1,0,0,"1442.2",1874.4,"0.76","12.9",100.6,"1.91","0.36","Tamateatuatahi",NA,NA,NA
2025-06-01,"13:45","Hamurana (bridge)","3","B",0.1,0.56,0.17,"1596.8",2014,"0.79","12.9",100.6,"1.91","0.36","Tamateatuatahi",NA,NA,NA
2025-06-01,"13:53","Hamurana (West)","1","B",0.1,0.25,0.4,"1328.9",1207.1,"1.1","13",98.3,"2.33","0.22","Tamateatuatahi",NA,NA,NA
2025-06-01,"13:53","Hamurana (West)","2","B",0.1,0.03,3.33,"8400.4",1292.7,"6.49","13",98.3,"2.33","0.22","Tamateatuatahi",NA,NA,NA
2025-06-01,"13:53","Hamurana (West)","3","B",0.1,0,0,"1360.5",1215,"1.11","13",98.3,"2.33","0.22","Tamateatuatahi",NA,NA,NA
2025-06-01,"13:53","Awahou (Tarimano)","1","B",0.1,0,0,"1515",1358.9,"1.11","13.5",95.7,"2.94","0.82","Tamateatuatahi",NA,NA,NA
2025-06-01,"13:53","Awahou (Tarimano)","2","B",0.1,0.56,0.17,"1551.5",1707.8,"0.9","13.5",95.7,"2.94","0.82","Tamateatuatahi",NA,NA,NA
2025-06-01,"13:53","Awahou (Tarimano)","3","B",0.1,0.03,3.33,"1436.1",1337.1,"1.07","13.5",95.7,"2.94","0.82","Tamateatuatahi",NA,NA,NA
2025-06-01,"14:09","Ngongotaha","1","B",0.1,0.29,0.34,"1375.6",1687.8,"0.81","14.2",95.7,"3.29","0.57","Tamateatuatahi",NA,NA,NA
2025-06-01,"14:09","Ngongotaha","2","B",0.1,0,0,"1360.5",1519.4,"0.89","14.2",95.7,"3.29","0.57","Tamateatuatahi",NA,NA,NA
2025-06-01,"14:09","Ngongotaha","3","B",0.1,0.29,0.34,"1513",1894.5,"0.79","14.2",95.7,"3.29","0.57","Tamateatuatahi",NA,NA,NA
2025-06-01,"14:29","Te Koutu","1","B",0.1,0.3,3.33,"1153.8",1088.5,"1.06","14.4",103.7,"2.32","0.56","Tamateatuatahi",NA,NA,NA
2025-06-01,"14:29","Te Koutu","2","B",0.1,0.33,0.3,"1236.2",1270.8,"0.97","14.4",103.7,"2.32","0.56","Tamateatuatahi",NA,NA,NA
2025-06-01,"14:29","Te Koutu","3","B",0.1,0,0,"1261.6",1141.8,"1.1","14.4",103.7,"2.32","0.56","Tamateatuatahi",NA,NA,NA
2025-06-01,"12:14","Lake Front","1","B",0.1,0,0,"660.73",639.35,"1.03","14.4",89.9,"0.91","0.04","Tamateatuatahi",NA,NA,NA
2025-06-01,"12:14","Lake Front","2","B",0.1,0,0,"640.83",655.04,"0.97","14.4",89.9,"0.91","0.04","Tamateatuatahi",NA,NA,NA
2025-06-01,"12:14","Lake Front","3","B",0.1,0,0,"658.65",792.89,"0.83","14.4",89.9,"0.91","0.04","Tamateatuatahi",NA,NA,NA
2025-06-05,"12:37","Hannah's Bay","1","B",0.1,1.38,0.07,"1695",3196.7,"0.52","15.5",90.3,"7.62","1.68","Huna","cloudy, partial blue skies, periodic drizzles",NA,NA
2025-06-05,"12:37","Hannah's Bay","2","B",0.1,1.89,0.05,"1553.5",3761.1,"0.41","15.5",90.3,"7.62","1.68","Huna","cloudy, partial blue skies, periodic drizzles",NA,NA
2025-06-05,"12:37","Hannah's Bay","3","B",0.1,0,0,"1594.1",3563.1,"0.44","15.5",90.3,"7.62","1.68","Huna","cloudy, partial blue skies, periodic drizzles",NA,NA
2025-06-05,"12:56","Te Pōhue","1","B",0.1,0,0,"1069.3",1331.9,"0.8","15.8",95,"2.2","0.49","Huna",NA,NA,NA
2025-06-05,"12:56","Te Pōhue","2","B",0.1,0,0,"1334.5",1541.2,"0.86","15.8",95,"2.2","0.49","Huna",NA,NA,NA
2025-06-05,"12:56","Te Pōhue","3","B",0.1,0,0,"1074.8",1721.8,"0.62","15.8",95,"2.2","0.49","Huna",NA,NA,NA
2025-06-05,NA,"Ohau Channel","1","B",0.1,0.25,0.4,"1094",2008.8,"0.54","15.4",96.2,"1.43","0.38","Huna",NA,NA,NA
2025-06-05,NA,"Ohau Channel","2","B",0.1,0,0,"1195",1872.7,"0.63","15.4",96.2,"1.43","0.38","Huna",NA,NA,NA
2025-06-05,NA,"Ohau Channel","3","B",1.75,0,0,"1274.7",1549.1,"0.82","15.4",96.2,"1.43","0.38","Huna",NA,NA,NA
2025-06-05,NA,"Hamurana (East)","1","B",0.1,0,0,"1201.9",2234.7,"0.53","15",91.5,"4.53","1.34","Huna",NA,NA,NA
2025-06-05,NA,"Hamurana (East)","2","B",0.1,0.64,0.15,"1156.6",1628.4,"0.71","15",91.5,"4.53","1.34","Huna",NA,NA,NA
2025-06-05,NA,"Hamurana (East)","3","B",0.1,0.06,1.66,"1473.2",2232.1,"0.66","15",91.5,"4.53","1.34","Huna",NA,NA,NA
2025-06-05,NA,"Hamurana (bridge)","1","B",0.1,0,0,"1149",1363.3,"0.84","14.9",96.3,"0.98","0.26","Huna",NA,NA,NA
2025-06-05,NA,"Hamurana (bridge)","2","B",0.1,0,0,"1236.9",1476.7,"0.83","14.9",96.3,"0.98","0.26","Huna",NA,NA,NA
2025-06-05,NA,"Hamurana (bridge)","3","B",0.1,0.45,0.22,"1254.7",1377.3,"0.91","14.9",96.3,"0.98","0.26","Huna",NA,NA,NA
2025-06-05,NA,"Hamurana (West)","1","B",0.1,0,0,"1385.2",1432.2,"0.96","14.9",95.8,"1.63","0.35","Huna",NA,NA,NA
2025-06-05,NA,"Hamurana (West)","2","B",0.1,0,0,"1374.3",1564.8,"0.87","14.9",95.8,"1.63","0.35","Huna",NA,NA,NA
2025-06-05,NA,"Hamurana (West)","3","B",0.1,0,0,"1206",2134.3,"0.56","14.9",95.8,"1.63","0.35","Huna",NA,NA,NA
2025-06-05,NA,"Awahou (Tarimano)","1","B",0.1,0.17,0.58,"1315.9",1327.5,"0.99","14.1",91.5,"3.21","0.36","Huna",NA,NA,NA
2025-06-05,NA,"Awahou (Tarimano)","2","B",0.1,0.53,0.18,"1342.7",1521.2,"0.88","14.1",91.5,"3.21","0.36","Huna",NA,NA,NA
2025-06-05,NA,"Awahou (Tarimano)","3","B",0.1,0.45,0.22,"1153.1",1416.5,"0.81","14.1",91.5,"3.21","0.36","Huna",NA,NA,NA
2025-06-05,NA,"Ngongotaha","1","B",0.1,1,0.1,"1506.1",2020.9,"0.74","14.3",85.4,"10.11","0.99","Huna",NA,NA,NA
2025-06-05,NA,"Ngongotaha","2","B",0.1,1.15,0.08,"1362.6",1719.6,"0.79","14.3",85.4,"10.11","0.99","Huna",NA,NA,NA
2025-06-05,NA,"Ngongotaha","3","B",0.1,0.8,0.12,"1478.6",1848.3,"0.8","14.3",85.4,"10.11","0.99","Huna",NA,NA,NA
2025-06-05,NA,"Te Koutu","1","B",0.1,3.61,0.02,"1317.3",1742.7,"0.75","15.3",95.6,"7.7","0.88","Huna",NA,NA,NA
2025-06-05,NA,"Te Koutu","2","B",0.1,1.5,0.06,"1539.1",2485.8,"0.61","15.3",95.6,"7.7","0.88","Huna",NA,NA,NA
2025-06-05,NA,"Te Koutu","3","B",38.95,2.16,18.03,"1401.8",2209.4,"0.63","15.3",95.6,"7.7","0.88","Huna",NA,NA,NA
2025-06-05,"12:00","Lake Front","1","B",0.1,2.12,0.04,"1366.7",2790.3,"0.48","16.9",81.1,"13.18","0.81","Huna",NA,NA,NA
2025-06-05,"12:00","Lake Front","2","B",0.1,2.09,0.04,"1405.2",2235.5,"0.62","16.9",81.1,"13.18","0.81","Huna",NA,NA,NA
2025-06-05,"12:00","Lake Front","3","B",0.1,1.5,0.06,"1324.8",2501.6,"0.52","16.9",81.1,"13.18","0.81","Huna",NA,NA,NA
2025-06-06,NA,"Hannah's Bay","1","B",0.1,0,0,"1178.5",1075.4,"1.09","15.1",96.7,"9.37","1.1","Arimatanui","cloudy, partial rains",NA,NA
2025-06-06,NA,"Hannah's Bay","2","B",7.2,0,0,"1121.5",1068.4,"1.04","15.1",96.7,"9.37","1.1","Arimatanui","cloudy, partial rains",NA,NA
2025-06-06,NA,"Hannah's Bay","3","B",0.1,1.42,0.05,"1487.6",1727,"0.86","15.1",96.7,"9.37","1.1","Arimatanui","cloudy, partial rains",NA,NA
2025-06-06,NA,"Te Pōhue","1","B",0.1,0.03,3.33,"1234.8",1256.9,"0.98","15.8",89.9,"3.23","0.99","Arimatanui",NA,NA,NA
2025-06-06,NA,"Te Pōhue","2","B",36.6,1,43.57,"1165.5",1201.9,"0.86","15.8",89.9,"3.23","0.99","Arimatanui",NA,NA,NA
2025-06-06,NA,"Te Pōhue","3","B",216.88,0.03,0,"1261.6",1466.2,"0.86","15.8",89.9,"3.23","0.99","Arimatanui",NA,NA,NA
2025-06-06,NA,"Ohau Channel","1","B",46.78,1.11,42.14,"1460.8",1990.4,"0.73","15.3",91.2,"4.45","0.67","Arimatanui",NA,NA,NA
2025-06-06,NA,"Ohau Channel","2","B",33.42,0.92,36.38,"1491",2168.4,"0.68","15.3",91.2,"4.45","0.67","Arimatanui",NA,NA,NA
2025-06-06,NA,"Ohau Channel","3","B",28,0.96,29.16,"1445.7",1870.1,"0.77","15.3",91.2,"4.45","0.67","Arimatanui",NA,NA,NA
2025-06-06,NA,"Hamurana (East)","1","B",0.1,0.17,0.58,"1116.7",1273.4,"0.87","14.1",95.4,"8.21","0.98","Arimatanui",NA,NA,NA
2025-06-06,NA,"Hamurana (East)","2","B",35.04,0.41,85.46,"1326.2",1492.3,"0.88","14.1",95.4,"8.21","0.98","Arimatanui",NA,NA,NA
2025-06-06,NA,"Hamurana (East)","3","B",33.47,0.76,44.03,"1400.4",1570.9,"0.89","14.1",95.4,"8.21","0.98","Arimatanui",NA,NA,NA
2025-06-06,NA,"Hamurana (bridge)","1","B",0.1,1.07,0.09,"1368.8",2301.9,"0.59","12.9",94.3,"5.69","1.21","Arimatanui",NA,NA,NA
2025-06-06,NA,"Hamurana (bridge)","2","B",0.1,1.58,0.06,"1568.7",2550.5,"0.61","12.9",94.3,"5.69","1.21","Arimatanui",NA,NA,NA
2025-06-06,NA,"Hamurana (bridge)","3","B",0.1,5.55,0.01,"1387.3",2909.8,"0.47","12.9",94.3,"5.69","1.21","Arimatanui",NA,NA,NA
2025-06-06,NA,"Hamurana (West)","1","B",13.91,0.33,42.15,"1491",1713,"0.87","13.3",93.1,"6.53","0.65","Arimatanui",NA,NA,NA
2025-06-06,NA,"Hamurana (West)","2","B",13.91,0.64,21.73,"1510",2921.1,"0.51","13.3",93.1,"6.53","0.65","Arimatanui",NA,NA,NA
2025-06-06,NA,"Hamurana (West)","3","B",35.04,0.13,269.53,"1384.5",1783.7,"0.77","13.3",93.1,"6.53","0.65","Arimatanui",NA,NA,NA
2025-06-06,NA,"Awahou (Tarimano)","1","B",48.34,0.41,117.9,"1274",1906.7,"0.66","13",92.6,"5.11","1.05","Arimatanui",NA,NA,NA
2025-06-06,NA,"Awahou (Tarimano)","2","B",7.91,0.64,106.1,"1260.3",1823.9,"0.69","13",92.6,"5.11","1.05","Arimatanui",NA,NA,NA
2025-06-06,NA,"Awahou (Tarimano)","3","B",37.39,0.29,128.93,"1337.8",1679.9,"0.79","13",92.6,"5.11","1.05","Arimatanui",NA,NA,NA
2025-06-06,NA,"Ngongotaha","1","B",0.1,0.25,0.4,"1566.6",1327.5,"1.1","12.2",90.7,"5.37","0.32","Arimatanui",NA,NA,NA
2025-06-06,NA,"Ngongotaha","2","B",8.5,0.33,25.75,"1103.7",1270,"0.86","12.2",90.7,"5.37","0.32","Arimatanui",NA,NA,NA
2025-06-06,NA,"Ngongotaha","3","B",0.1,0,0,"1096.1",1321.4,"0.82","12.2",90.7,"5.37","0.32","Arimatanui",NA,NA,NA
2025-06-06,NA,"Te Koutu","1","B",0.1,1.97,0.05,"1471.1",1900.6,"0.77","13.2",96.1,"3.31","0.78","Arimatanui",NA,NA,NA
2025-06-06,NA,"Te Koutu","2","B",0.1,2.24,0.04,"1475.9",2177.1,"0.67","13.2",96.1,"3.31","0.78","Arimatanui",NA,NA,NA
2025-06-06,NA,"Te Koutu","3","B",0.1,2.87,0.03,"1488.9",2214.6,"0.67","13.2",96.1,"3.31","0.78","Arimatanui",NA,NA,NA
2025-06-06,NA,"Lake Front","1","B",0.1,1.46,0.05,"1184",1564.8,"0.75","14.7",76.7,"7.8","0.48","Arimatanui",NA,NA,NA
2025-06-06,NA,"Lake Front","2","B",0.1,1.66,0.05,"1248.6",1576.1,"0.79","14.7",76.7,"7.8","0.48","Arimatanui",NA,NA,NA
2025-06-06,NA,"Lake Front","3","B",0.1,0,0,"1174.4",1599.6,"0.73","14.7",76.7,"7.8","0.48","Arimatanui",NA,NA,NA
2025-06-09,"10:56","Hannah's Bay","1","B",0.1,0,0,"1103",1062.4,"1.03","12.4",84.4,"2.34","0.19","Ohoturoa","Cloudy, partial blue skies","flat, hazy",NA
2025-06-09,"10:56","Hannah's Bay","2","B",0.1,0,0,"1379.1",1082.4,"1.27","12.4",84.4,"2.34","0.19","Ohoturoa","Cloudy, partial blue skies","flat, hazy",NA
2025-06-09,"10:56","Hannah's Bay","3","B",0.1,0,0,"1223.9",1133.9,"1.07","12.4",84.4,"2.34","0.19","Ohoturoa","Cloudy, partial blue skies","flat, hazy",NA
2025-06-09,"11:20","Te Pōhue","1","B",9.25,0.21,44.04,"1361.2",1276.9,"1.06","11.4",88.1,"2.5","0.31","Ohoturoa",NA,"moderate wave action, hazy",NA
2025-06-09,"11:20","Te Pōhue","2","B",1.75,0.37,4.72,"1228",1177.5,"1.04","11.4",88.1,"2.5","0.31","Ohoturoa",NA,"moderate wave action, hazy",NA
2025-06-09,"11:20","Te Pōhue","3","B",14.69,0.41,35.82,"1281.5",1265.6,"1.01","11.4",88.1,"2.5","0.31","Ohoturoa",NA,"moderate wave action, hazy",NA
2025-06-09,"11:42","Ohau Channel","1","B",7.75,0,0,"1250.7",1173.1,"1.06","12.3",91.6,"1.53","0.35","Ohoturoa",NA,"high wave action, hazy",NA
2025-06-09,"11:42","Ohau Channel","2","B",0.1,0.13,0.76,"1453.2",1342.4,"1.08","12.3",91.6,"1.53","0.35","Ohoturoa",NA,"high wave action, hazy",NA
2025-06-09,"11:42","Ohau Channel","3","B",1.75,0.37,4.72,"1274.7",1188,"1.07","12.3",91.6,"1.53","0.35","Ohoturoa",NA,"high wave action, hazy",NA
2025-06-09,"12:09","Hamurana (East)","1","B",7,0.37,18.91,"1585.1",1388.6,"1.14","11.8",95.3,"2.72","0.5","Ohoturoa",NA,"moderate wave action, hazy",NA
2025-06-09,"12:09","Hamurana (East)","2","B",0.1,0.41,0.24,"1449.1",1464.5,"0.98","11.8",95.3,"2.72","0.5","Ohoturoa",NA,"moderate wave action, hazy",NA
2025-06-09,"12:09","Hamurana (East)","3","B",46.78,1.11,42.14,"1460.8",1990.4,"0.73","11.8",95.3,"2.72","0.5","Ohoturoa",NA,"moderate wave action, hazy",NA
2025-06-09,"12:30","Hamurana (bridge)","1","B",38.95,2.36,16.5,"1627.7",12288,"0.13","10.3",89.8,"1.93","0.48","Ohoturoa",NA,"light wave action, hazy",NA
2025-06-09,"12:30","Hamurana (bridge)","2","B",124.15,0.29,428.1,"1217.7",1220.2,"0.99","10.3",89.8,"1.93","0.48","Ohoturoa",NA,"light wave action, hazy",NA
2025-06-09,"12:30","Hamurana (bridge)","3","B",19.39,0.37,52.37,"1442.9",1519.4,"0.94","10.3",89.8,"1.93","0.48","Ohoturoa",NA,"light wave action, hazy",NA
2025-06-09,"12:45","Hamurana (West)","1","B",35.82,0.72,49.75,"1588.6",1664.2,"0.95","10.8",92.6,"2.33","0.69","Ohoturoa",NA,"light wave action, hazy",NA
2025-06-09,"12:45","Hamurana (West)","2","B",63.21,0.88,71.82,"1404.5",1656.3,"0.84","10.8",92.6,"2.33","0.69","Ohoturoa",NA,"light wave action, hazy",NA
2025-06-09,"12:45","Hamurana (West)","3","B",33.47,0.76,44.03,"1400.4",1570.9,"0.89","10.8",92.6,"2.33","0.69","Ohoturoa",NA,"light wave action, hazy",NA
2025-06-09,"13.05","Awahou (Tarimano)","1","B",0.1,0.6,0.16,"1291.8",1375.5,"0.93","12.4",91.3,"4.43","0.55","Ohoturoa",NA,"moderate wave action, murky",NA
2025-06-09,"13.05","Awahou (Tarimano)","2","B",38.17,0.64,59.64,"1092",1446.1,"0.75","12.4",91.3,"4.43","0.55","Ohoturoa",NA,"moderate wave action, murky",NA
2025-06-09,"13.05","Awahou (Tarimano)","3","B",45,0.6,76.66,"1151",1583.1,"0.72","12.4",91.3,"4.43","0.55","Ohoturoa",NA,"moderate wave action, murky",NA
2025-06-09,NA,"Ngongotaha","1","B",13.91,1.23,11.3,"1309",2104.7,"0.62","11.3",90.3,"1.61","0.6","Ohoturoa",NA,"flat, hazy",NA
2025-06-09,NA,"Ngongotaha","2","B",153.76,0.92,167.13,"1415.5",1436.6,"0.98","11.3",90.3,"1.61","0.6","Ohoturoa",NA,"flat, hazy",NA
2025-06-09,NA,"Ngongotaha","3","B",0.1,1.07,0.09,"1326.2",1503.7,"0.88","11.3",90.3,"1.61","0.6","Ohoturoa",NA,"flat, hazy",NA
2025-06-09,"10:07","Te Koutu","1","B",0.1,0.21,0.47,"1471.8",1339.7,"1.09","11",96.7,"1.13","0.14","Ohoturoa",NA,"flat, clear",NA
2025-06-09,"10:07","Te Koutu","2","B",0.1,0.92,0.1,"1327.6",1263,"1.05","11",96.7,"1.13","0.14","Ohoturoa",NA,"flat, clear",NA
2025-06-09,"10:07","Te Koutu","3","B",0.1,4.07,0.02,"1291.1",1525.5,"0.84","11",96.7,"1.13","0.14","Ohoturoa",NA,"flat, clear",NA
2025-06-09,"10:22","Lake Front","1","B",0.1,0,0,"1328.9",951.65,"1.39","12.1",76.8,"1.56","0.03","Ohoturoa",NA,"flat, clear",NA
2025-06-09,"10:22","Lake Front","2","B",0.1,0,0,"1161.3",725.74,"1.6","12.1",76.8,"1.56","0.03","Ohoturoa",NA,"flat, clear",NA
2025-06-09,"10:22","Lake Front","3","B",0.1,0,0,"1141.4",780.65,"1.46","12.1",76.8,"1.56","0.03","Ohoturoa",NA,"flat, clear",NA
2025-06-11,NA,"Hannah's Bay","1","A",92.95,5.05,15.33,"883.25",1256,"0.7","13.6",90.5,"2.31","0.32","Rākaunui","Overcast, periods of rain",NA,NA
2025-06-11,NA,"Hannah's Bay","2","A",135.03,5.42,24.91,"1350.2",1796,"0.75","13.6",90.5,"2.31","0.32","Rākaunui","Overcast, periods of rain",NA,NA
2025-06-11,NA,"Hannah's Bay","3","A",207.43,4.14,50.1,"1267.8",1390.4,"0.91","13.6",90.5,"2.31","0.32","Rākaunui","Overcast, periods of rain",NA,NA
2025-06-11,NA,"Te Pōhue","1","A",183.3,4.73,38.75,"1302.8",1137.4,"1.14","13.3",94.7,"1.68","0.24","Rākaunui",NA,NA,NA
2025-06-11,NA,"Te Pōhue","2","A",178.63,5.57,32.07,"1290.5",1305.7,"0.98","13.3",94.7,"1.68","0.24","Rākaunui",NA,NA,NA
2025-06-11,NA,"Te Pōhue","3","A",148.2,4.93,30.07,"1280.2",1307.4,"0.97","13.3",94.7,"1.68","0.24","Rākaunui",NA,NA,NA
2025-06-11,NA,"Ohau Channel","1","A",183.3,4.73,39.75,"1302.8",1137.4,"1.14","13.1",93.9,"0.99","0.61","Rākaunui",NA,NA,NA
2025-06-11,NA,"Ohau Channel","2","A",178.63,5.57,32.07,"1290.5",1305.7,"0.98","13.1",93.9,"0.99","0.61","Rākaunui",NA,NA,NA
2025-06-11,NA,"Ohau Channel","3","A",148.2,4.93,30.07,"1280.2",1307.4,"0.97","13.1",93.9,"0.99","0.61","Rākaunui",NA,NA,NA
2025-06-11,NA,"Hamurana (East)","1","A",74.17,5.81,12.76,"1343.4",1633.6,"0.83","13.3",95.6,"1.9","0.96","Rākaunui",NA,NA,NA
2025-06-11,NA,"Hamurana (East)","2","A",96.06,5.62,17.09,"1488.3",1830.8,"0.81","13.3",95.6,"1.9","0.96","Rākaunui",NA,NA,NA
2025-06-11,NA,"Hamurana (East)","3","A",135.81,6.6,20.57,"1421.6",2409.2,"0.59","13.3",95.6,"1.9","0.96","Rākaunui",NA,NA,NA
2025-06-11,NA,"Hamurana (bridge)","1","A",109.34,4.14,26.41,"1386.6",2224.2,"0.62","12.5",95.9,"0.77","0.44","Rākaunui",NA,NA,NA
2025-06-11,NA,"Hamurana (bridge)","2","A",89.82,5.91,15.19,"1457.4",2257.3,"0.64","12.5",95.9,"0.77","0.44","Rākaunui",NA,NA,NA
2025-06-11,NA,"Hamurana (bridge)","3","A",70.26,6.61,11.69,"1455.3",2210.2,"0.65","12.5",95.9,"0.77","0.44","Rākaunui",NA,NA,NA
2025-06-11,NA,"Hamurana (West)","1","A",90.6,5.53,16.41,"1177.8",1625.8,"0.72","12.1",91.6,"1.12","0.56","Rākaunui",NA,NA,NA
2025-06-11,NA,"Hamurana (West)","2","A",118.65,6.7,17.71,"1337.2",1821.3,"0.73","12.1",91.6,"1.12","0.56","Rākaunui",NA,NA,NA
2025-06-11,NA,"Hamurana (West)","3","A",104.67,5.08,20.6,"1268.5",1494.1,"0.84","12.1",91.6,"1.12","0.56","Rākaunui",NA,NA,NA
2025-06-11,NA,"Awahou (Tarimano)","1","A",128.02,8.18,15.65,"1659",1129.5,"0.93","12.5",92.2,"3.32","0.43","Rākaunui",NA,NA,NA
2025-06-11,NA,"Awahou (Tarimano)","2","A",140.48,7.63,18.41,"1178.5",1168.7,"1","12.5",92.2,"3.32","0.43","Rākaunui",NA,NA,NA
2025-06-11,NA,"Awahou (Tarimano)","3","A",114.79,7.73,14.84,"1217.7",1266.4,"0.96","12.5",92.2,"3.32","0.43","Rākaunui",NA,NA,NA
2025-06-11,NA,"Ngongotaha","1","A",77.3,8.23,9.4,"1525.6",1435.7,"1.06","12.1",98.7,"1.12","0.19","Rākaunui",NA,NA,NA
2025-06-11,NA,"Ngongotaha","2","A",96,7.29,13.17,"1357.1",1315.3,"1.03","12.1",98.7,"1.12","0.19","Rākaunui",NA,NA,NA
2025-06-11,NA,"Ngongotaha","3","A",132.69,8.86,14.97,"1377.2",1217.9,"1.64","12.1",98.7,"1.12","0.19","Rākaunui",NA,NA,NA
2025-06-11,NA,"Te Koutu","1","A",101.55,6.45,115.74,"1213.6",1150.4,"1.05","11.8",91.6,"1.87","0.31","Rākaunui",NA,NA,NA
2025-06-11,NA,"Te Koutu","2","A",110.5,6.6,16.94,"1377.8",1181.8,"1.13","11.8",91.6,"1.87","0.31","Rākaunui",NA,NA,NA
2025-06-11,NA,"Te Koutu","3","A",120.24,7.44,16.16,"1288.5",1331.9,"0.96","11.8",91.6,"1.87","0.31","Rākaunui",NA,NA,NA
2025-06-11,"11:46","Lake Front","1","A",0.9,5.42,16.71,"1058.3",1508.1,"0.7","13.9",85,"4.86","0.31","Rākaunui",NA,NA,NA
2025-06-11,"11:46","Lake Front","2","A",127.24,7.93,16.04,"1224.4",1768,"0.7","13.9",85,"4.86","0.31","Rākaunui",NA,NA,NA
2025-06-11,"11:46","Lake Front","3","A",71.04,5.37,13.22,"1146.3",1544.7,"0.74","13.9",85,"4.86","0.31","Rākaunui",NA,NA,NA
2025-06-13,NA,"Hannah's Bay","1","A",54.6,4.04,13.51,"1276.1",1642.4,"0.77","14.3",93.7,"1.15","0.62","Takirau","Overcast, periods of rain",NA,NA
2025-06-13,NA,"Hannah's Bay","2","A",51.62,5.62,9.15,"1441.5",1622.3,"0.88","14.3",93.7,"1.15","0.62","Takirau","Overcast, periods of rain",NA,NA
2025-06-13,NA,"Hannah's Bay","3","A",50.69,4.53,10.94,"1503.4",1808.1,"0.83","14.3",93.7,"1.15","0.62","Takirau","Overcast, periods of rain",NA,NA
2025-06-13,NA,"Te Pōhue","1","A",46,5.03,9.14,"1374.3",1639,"0.83","13.7",92.1,"0.99","0.61","Takirau",NA,NA,NA
2025-06-13,NA,"Te Pōhue","2","A",69.47,3.05,18.04,"1416.9",1496.7,"0.94","13.7",92.1,"0.99","0.61","Takirau",NA,NA,NA
2025-06-13,NA,"Te Pōhue","3","A",53.82,4.54,11.85,"1436.1",1473.2,"0.97","13.7",92.1,"0.99","0.61","Takirau",NA,NA,NA
2025-06-13,NA,"Ohau Channel","1","A",65.56,3.85,17.02,"1407.2",1337.1,"1.05","13.9",97.4,"1.07","0.63","Takirau",NA,NA,NA
2025-06-13,NA,"Ohau Channel","2","A",102.33,3.85,26.57,"1284.3",1509.8,"0.85","13.9",97.4,"1.07","0.63","Takirau",NA,NA,NA
2025-06-13,NA,"Ohau Channel","3","A",92.95,5.91,15.72,"1510.3",1990.4,"0.75","13.9",97.4,"1.07","0.63","Takirau",NA,NA,NA
2025-06-13,NA,"Hamurana (East)","1","A",47.56,6.11,7.78,"1411.4",1619.7,"0.87","13.4",93.2,"1.02","0.52","Takirau",NA,NA,NA
2025-06-13,NA,"Hamurana (East)","2","A",76.52,4.34,17.63,"1361.2",1840.4,"0.73","13.4",93.2,"1.02","0.52","Takirau",NA,NA,NA
2025-06-13,NA,"Hamurana (East)","3","A",39.73,5.77,6.88,"1175.8",1178.4,"0.99","13.4",93.2,"1.02","0.52","Takirau",NA,NA,NA
2025-06-13,NA,"Hamurana (bridge)","1","A",95.3,5.42,17.58,"1283.6",1742.7,"0.73","12.7",100.7,"1.33","0.79","Takirau",NA,NA,NA
2025-06-13,NA,"Hamurana (bridge)","2","A",82,4.78,17.15,"1543.9",2074.2,"0.74","12.7",100.7,"1.33","0.79","Takirau",NA,NA,NA
2025-06-13,NA,"Hamurana (bridge)","3","A",92.95,5.57,16.68,"1346.8",1778.5,"0.75","12.7",100.7,"1.33","0.79","Takirau",NA,NA,NA
2025-06-13,NA,"Hamurana (West)","1","A",131.92,4.59,28.74,"1336.5",1759.3,"0.75","12.5",94.7,"0.89","0.56","Takirau",NA,NA,NA
2025-06-13,NA,"Hamurana (West)","2","A",79.65,6.31,12.62,"1225.2",1632.8,"0.75","12.5",94.7,"0.89","0.56","Takirau",NA,NA,NA
2025-06-13,NA,"Hamurana (West)","3","A",110.12,5.67,19.42,"1484.9",1678.2,"0.88","12.5",94.7,"0.89","0.56","Takirau",NA,NA,NA
2025-06-13,NA,"Awahou (Tarimano)","1","A",114.01,7.59,15.02,"1234.8",1171.4,"0.96","12.8",91.9,"0.61","0.25","Takirau",NA,NA,NA
2025-06-13,NA,"Awahou (Tarimano)","2","A",132.69,9.7,13.67,"1149.7",996.11,"1.15","12.8",91.9,"0.61","0.25","Takirau",NA,NA,NA
2025-06-13,NA,"Awahou (Tarimano)","3","A",80.43,6.36,12.64,"1000",968.18,"1.03","12.8",91.9,"0.61","0.25","Takirau",NA,NA,NA
2025-06-13,NA,"Ngongotaha","1","A",158.39,7.89,19.84,"1554.9",1733.1,"0.89","12.7",93.4,"1.55","0.39","Takirau",NA,NA,NA
2025-06-13,NA,"Ngongotaha","2","A",153.71,8.37,18.36,"1410",1437.4,"0.98","12.7",93.4,"1.55","0.39","Takirau",NA,NA,NA
2025-06-13,NA,"Ngongotaha","3","A",147.49,6.8,21.68,"1366.7",1378.1,"0.99","12.7",93.4,"1.55","0.39","Takirau",NA,NA,NA
2025-06-13,NA,"Te Koutu","1","A",72.6,7.39,9.83,"1430.6",1942.5,"0.73","13.1",94.9,"1.47","0.26","Takirau",NA,NA,NA
2025-06-13,NA,"Te Koutu","2","A",110.12,9.01,12.22,"1785.7",2154.4,"0.82","13.1",94.9,"1.47","0.26","Takirau",NA,NA,NA
2025-06-13,NA,"Te Koutu","3","A",132.69,10.34,12.83,"1873.6",3147.9,"0.59","13.1",94.9,"1.47","0.26","Takirau",NA,NA,NA
2025-06-13,NA,"Lake Front","1","A",85.91,5.77,14.88,"1428.6",1428.7,"0.99","14.9",79.5,"4.26","0.23","Takirau",NA,NA,NA
2025-06-13,NA,"Lake Front","2","A",96.85,6.6,14.67,"1459.4",1434,"1.01","14.9",79.5,"4.26","0.23","Takirau",NA,NA,NA
2025-06-13,NA,"Lake Front","3","A",88.26,6.11,14.44,"1352.3",1517.6,"0.98","14.9",79.5,"4.26","0.23","Takirau",NA,NA,NA
2025-06-16,"10:29","Hannah's Bay","1","A",53.82,4.54,11.85,"1232.8",729.8,"1.32","11.6",81.5,"2.37","0.22","korekore-te-ngangana",NA,"clear",NA
2025-06-16,"10:29","Hannah's Bay","2","A",64.78,4.73,13.69,"1192.3",841.33,"1.41","11.6",81.5,"2.37","0.22","korekore-te-ngangana",NA,"clear",NA
2025-06-16,"10:29","Hannah's Bay","3","A",64,4.88,13.11,"729.4",712.6,"1.02","11.6",81.5,"2.37","0.22","korekore-te-ngangana",NA,"clear",NA
2025-06-16,"11:08","Te Pōhue","1","A",82,6.9,11.88,"912.06",932.41,"0.97","11",87.9,"1.28","0.2","korekore-te-ngangana",NA,"clear",NA
2025-06-16,"11:08","Te Pōhue","2","A",79.65,6.7,11.88,"1177.8",1102.5,"1.06","11",87.9,"1.28","0.2","korekore-te-ngangana",NA,"clear",NA
2025-06-16,"11:08","Te Pōhue","3","A",74.17,5.62,13.19,"940.24",1044.1,"0.9","11",87.9,"1.28","0.2","korekore-te-ngangana",NA,"clear",NA
2025-06-16,"11:29","Ohau Channel","1","A",94.52,7.29,12.96,"1021.4",1098.1,"0.97","10.7",95.6,"1.1","0.23","korekore-te-ngangana",NA,"clear, debris wash up",NA
2025-06-16,"11:29","Ohau Channel","2","A",75.73,6.4,11.83,"1272.6",1210.7,"1.05","10.7",95.6,"1.1","0.23","korekore-te-ngangana",NA,"clear, debris wash up",NA
2025-06-16,"11:29","Ohau Channel","3","A",76.52,5.96,12.83,"1175.1",1283.1,"0.91","10.7",95.6,"1.1","0.23","korekore-te-ngangana",NA,"clear, debris wash up",NA
2025-06-16,"11:52","Hamurana (East)","1","A",97.65,7.83,12.44,"1272.6",1140.1,"1.11","10.5",95.8,"15.3","1.65","korekore-te-ngangana",NA,"murky, debris wash up",NA
2025-06-16,"11:52","Hamurana (East)","2","A",84.34,6.8,12.4,"1290.5",1201.1,"1.07","10.5",95.8,"15.3","1.65","korekore-te-ngangana",NA,"murky, debris wash up",NA
2025-06-16,"11:52","Hamurana (East)","3","A",85.13,6.26,13.59,"1387.3",1192.4,"1.16","10.5",95.8,"15.3","1.65","korekore-te-ngangana",NA,"murky, debris wash up",NA
2025-06-16,"12:05","Hamurana (bridge)","1","A",94.52,7.44,12.7,"1283.6",1391.2,"0.92","10.4",98.4,"1.48","0.25","korekore-te-ngangana",NA,"murky",NA
2025-06-16,"12:05","Hamurana (bridge)","2","A",84.34,6.5,12.71,"1510.3",1480.2,"1.02","10.4",98.4,"1.48","0.25","korekore-te-ngangana",NA,"murky",NA
2025-06-16,"12:05","Hamurana (bridge)","3","A",85.13,6.11,13.93,"1364.7",1475,"0.92","10.4",98.4,"1.48","0.25","korekore-te-ngangana",NA,"murky",NA
2025-06-16,"12:36","Hamurana (West)","1","A",114.01,8.77,13,"1247.2",1434.8,"0.86","10.3",93.8,"3.13","0.39","korekore-te-ngangana",NA,"murky",NA
2025-06-16,"12:36","Hamurana (West)","2","A",104.67,7.39,14.16,"1276.1",1366.7,"0.93","10.3",93.8,"3.13","0.39","korekore-te-ngangana",NA,"murky",NA
2025-06-16,"12:36","Hamurana (West)","3","A",105.44,6.8,15.5,"1313.1",1574.3,"0.83","10.3",93.8,"3.13","0.39","korekore-te-ngangana",NA,"murky",NA
2025-06-16,"13:15","Awahou (Tarimano)","1","A",112.45,7.24,15.53,"1198.4",1605.8,"0.74","12.7",98.1,"4.89","0.7","korekore-te-ngangana",NA,"clear",NA
2025-06-16,"13:15","Awahou (Tarimano)","2","A",88.26,5.37,16.43,"1660.7",2073.3,"0.8","12.7",98.1,"4.89","0.7","korekore-te-ngangana",NA,"clear",NA
2025-06-16,"13:15","Awahou (Tarimano)","3","A",78.86,5.13,13.37,"1237.6",1461,"0.84","12.7",98.1,"4.89","0.7","korekore-te-ngangana",NA,"clear",NA
2025-06-16,"13:30","Ngongotaha","1","A",103.84,7.63,13.61,"1151",1496.7,"0.76","11.1",96.9,"1.67","0.41","korekore-te-ngangana",NA,"clear",NA
2025-06-16,"13:30","Ngongotaha","2","A",82,5.67,14.46,"1230.7",1454,"0.84","11.1",96.9,"1.67","0.41","korekore-te-ngangana",NA,"clear",NA
2025-06-16,"13:30","Ngongotaha","3","A",76.52,5.72,13.37,"1122.2",1554.4,"0.72","11.1",96.9,"1.67","0.41","korekore-te-ngangana",NA,"clear",NA
2025-06-16,"14:20","Te Koutu","1","A",95.3,6.31,15.1,"1205.3",1475,"0.81","12.3",114.3,"1.11","0.41","korekore-te-ngangana",NA,"clear",NA
2025-06-16,"14:20","Te Koutu","2","A",73.59,6.06,12.1,"1107.1",1627.6,"0.68","12.3",114.3,"1.11","0.41","korekore-te-ngangana",NA,"clear",NA
2025-06-16,"14:20","Te Koutu","3","A",87.76,5.72,14.47,"1120.2",1507.1,"0.74","12.3",114.3,"1.11","0.41","korekore-te-ngangana",NA,"clear",NA
2025-06-16,"14:42","Lake Front","1","A",70.26,5.27,13.33,"828.32",950.72,"0.87","13.4",79.8,"1.95","0.02","korekore-te-ngangana",NA,"clear",NA
2025-06-16,"14:42","Lake Front","2","A",64.78,4.83,13.41,"1029.5",1008.3,"1.02","13.4",79.8,"1.95","0.02","korekore-te-ngangana",NA,"clear",NA
2025-06-16,"14:42","Lake Front","3","A",66.34,4.78,13.87,"1039.8",1044.1,"0.99","13.4",79.8,"1.95","0.02","korekore-te-ngangana",NA,"clear",NA
2025-06-18,"10:15","Hannah's Bay","1","A",49.13,3.45,14.24,"931.33",734.43,"1.26","10.9",79.4,"2.25","0.14","Tangaroa-ā-mua","Overcast","clear",NA
2025-06-18,"10:15","Hannah's Bay","2","A",48.34,3.45,14.01,"835.85",795.5,"1.05","10.9",79.4,"2.25","0.14","Tangaroa-ā-mua","Overcast","clear",NA
2025-06-18,"10:15","Hannah's Bay","3","A",47.56,3.55,13.39,"814.58",725.74,"1.12","10.9",79.4,"2.25","0.14","Tangaroa-ā-mua","Overcast","clear",NA
2025-06-18,"10:45","Te Pōhue","1","A",42,4.24,9.92,"877.72",1122.5,"0.78","10.2",92.1,"2.96","0.26","Tangaroa-ā-mua",NA,"clear",NA
2025-06-18,"10:45","Te Pōhue","2","A",44.43,4.09,10.86,"1165.1",1241.2,"0.93","10.2",92.1,"2.96","0.26","Tangaroa-ā-mua",NA,"clear",NA
2025-06-18,"10:45","Te Pōhue","3","A",46.78,4,11.69,"1018.5",1144.4,"0.89","10.2",92.1,"2.96","0.26","Tangaroa-ā-mua",NA,"clear",NA
2025-06-18,"11:00","Ohau Channel","1","A",35.82,3.06,11.7,"899.07",1165.4,"0.77","9.5",96,"1.36","0.34","Tangaroa-ā-mua",NA,"clear",NA
2025-06-18,"11:00","Ohau Channel","2","A",42.08,3.36,12.52,"1015.8",1272.9,"0.73","9.5",96,"1.36","0.34","Tangaroa-ā-mua",NA,"clear",NA
2025-06-18,"11:00","Ohau Channel","3","A",31.13,3.01,10.34,"1418.2",1147.8,"1.23","9.5",96,"1.36","0.34","Tangaroa-ā-mua",NA,"clear",NA
2025-06-18,"11:20","Hamurana (East)","1","A",74.17,3.4,21.81,"1383.9",1074.6,"1.28","10.6",94.8,"1.3","0.33","Tangaroa-ā-mua",NA,"clear",NA
2025-06-18,"11:20","Hamurana (East)","2","A",170.84,4.88,35,"900.38",794.66,"1.13","10.6",94.8,"1.3","0.33","Tangaroa-ā-mua",NA,"clear",NA
2025-06-18,"11:20","Hamurana (East)","3","A",157.61,5.03,21.73,"1076.8",929.8,"1.15","10.6",94.8,"1.3","0.33","Tangaroa-ā-mua",NA,"clear",NA
2025-06-18,"11:36","Hamurana (bridge)","1","A",208.99,6.4,32.65,"1328.2",952.49,"1.39","10.2",98.1,"1.33","0.37","Tangaroa-ā-mua",NA,"clear",NA
2025-06-18,"11:36","Hamurana (bridge)","2","A",182.52,5.32,34.3,"1212.2",885.34,"1.36","10.2",98.1,"1.33","0.37","Tangaroa-ā-mua",NA,"clear",NA
2025-06-18,"11:36","Hamurana (bridge)","3","A",123.36,5.72,21.56,"1350.9",916.72,"1.47","10.2",98.1,"1.33","0.37","Tangaroa-ā-mua",NA,"clear",NA
2025-06-18,"11:48","Hamurana (West)","1","A",93.73,4.88,19.2,"2542.5",1023.1,"2.48","9.9",96.1,"1.05","0.13","Tangaroa-ā-mua",NA,"clear",NA
2025-06-18,"11:48","Hamurana (West)","2","A",145.93,4.19,34.82,"1920.3",934.19,"2.05","9.9",96.1,"1.05","0.13","Tangaroa-ā-mua",NA,"clear",NA
2025-06-18,"11:48","Hamurana (West)","3","A",98.43,4.04,24.36,"1778.7",988.2,"1.74","9.9",96.1,"1.05","0.13","Tangaroa-ā-mua",NA,"clear",NA
2025-06-18,"12:10","Awahou (Tarimano)","1","A",117.07,3.01,58.82,"1585.1",634.96,"2.55","12.3",88.4,"0.41","0.02","Tangaroa-ā-mua",NA,"clear",NA
2025-06-18,"12:10","Awahou (Tarimano)","2","A",114.01,3.5,32.57,"2672.4",795.5,"3.35","12.3",88.4,"0.41","0.02","Tangaroa-ā-mua",NA,"clear",NA
2025-06-18,"12:10","Awahou (Tarimano)","3","A",96.08,3.6,26.68,"2287.8",821.65,"2.78","12.3",88.4,"0.41","0.02","Tangaroa-ā-mua",NA,"clear",NA
2025-06-18,"13:15","Ngongotaha","1","A",103.11,3.65,28.24,"3210.1",938.58,"3.42","10.5",96.9,"1.02","0.09","Tangaroa-ā-mua",NA,"clear",NA
2025-06-18,"13:15","Ngongotaha","2","A",64,2.57,24.9,"1554.3",908.88,"1.68","10.5",96.9,"1.02","0.09","Tangaroa-ā-mua",NA,"clear",NA
2025-06-18,"13:15","Ngongotaha","3","A",83.56,6.06,13.78,"1664.8",890.57,"1.86","10.5",96.9,"1.02","0.09","Tangaroa-ā-mua",NA,"clear",NA
2025-06-18,"14:00","Te Koutu","1","A",107.89,4.34,23.93,"1204.7",758.89,"1.58","11.3",113,"0.86","0.09","Tangaroa-ā-mua",NA,"clear",NA
2025-06-18,"14:00","Te Koutu","2","A",117.9,5.22,22.58,"1139.4",704.82,"1.61","11.3",113,"0.86","0.09","Tangaroa-ā-mua",NA,"clear",NA
2025-06-18,"14:00","Te Koutu","3","A",124.91,4.29,29.11,"1009.6",792.89,"1.27","11.3",113,"0.86","0.09","Tangaroa-ā-mua",NA,"clear",NA
2025-06-18,"12:50","Lake Front","1","A",123.35,19.04,6.21,"864.78",808.58,"1.06","12.8",89.7,"1.47","0.03","Tangaroa-ā-mua",NA,"clear",NA
2025-06-18,"12:50","Lake Front","2","A",167.73,4.29,39.09,"910.05",710.05,"1.28","12.8",89.7,"1.47","0.03","Tangaroa-ā-mua",NA,"clear",NA
2025-06-18,"12:50","Lake Front","3","A",142.04,4.29,33.1,"946.46",732.65,"1.29","12.8",89.7,"1.47","0.03","Tangaroa-ā-mua",NA,"clear",NA
2025-06-20,"10:58","Hannah's Bay","1","A",23.3,2.54,9.06,"1435.4",1229,"1.16","12.1",97.9,"1.07","0.38","Tangaroa-ā-kiokio","overcast","high wave action, clear",NA
2025-06-20,"10:58","Hannah's Bay","2","A",32.69,3.95,8.27,"836.55",1036.2,"0.8","12.1",97.9,"1.07","0.38","Tangaroa-ā-kiokio","overcast","high wave action, clear",NA
2025-06-20,"10:58","Hannah's Bay","3","A",45.21,5.79,7.9,"1285.7",1225.4,"1.04","12.1",97.9,"1.07","0.38","Tangaroa-ā-kiokio","overcast","high wave action, clear",NA
2025-06-20,"11:17","Te Pōhue","1","A",46.78,3.4,13.75,"1339.2",1336.3,"1","12",96.4,"2.22","0.35","Tangaroa-ā-kiokio",NA,"high wave action, clear",NA
2025-06-20,"11:17","Te Pōhue","2","A",91.39,2.67,34.22,"1381.2",1386.8,"0.99","12",96.4,"2.22","0.35","Tangaroa-ā-kiokio",NA,"high wave action, clear",NA
2025-06-20,"11:17","Te Pōhue","3","A",86.69,2.91,2.91,"1431.3",1286.5,"1.11","12",96.4,"2.22","0.35","Tangaroa-ā-kiokio",NA,"high wave action, clear",NA
2025-06-20,"11:36","Ohau Channel","1","A",46.78,2.86,41.49,"1556.3",1756.6,"0.88","12.3",97,"1.87","0.81","Tangaroa-ā-kiokio",NA,"high wave action, murky",NA
2025-06-20,"11:36","Ohau Channel","2","A",133.47,2.62,50.94,"1254.5",1802.9,"0.69","12.3",97,"1.87","0.81","Tangaroa-ā-kiokio",NA,"high wave action, murky",NA
2025-06-20,"11:36","Ohau Channel","3","A",179.41,2.91,61.66,"1640.8",1944.2,"0.84","12.3",97,"1.87","0.81","Tangaroa-ā-kiokio",NA,"high wave action, murky",NA
2025-06-20,"11:45","Hamurana (East)","1","A",257.26,4.34,59.29,"1821.4",2556.5,"0.71","11.8",97.3,"1.38","1.85","Tangaroa-ā-kiokio",NA,"light wave action, clear",NA
2025-06-20,"11:45","Hamurana (East)","2","A",155.29,2.52,61.61,"1730.7",2382.9,"0.72","11.8",97.3,"1.38","1.85","Tangaroa-ā-kiokio",NA,"light wave action, clear",NA
2025-06-20,"11:45","Hamurana (East)","3","A",100,3.21,31.15,"1651.1",2344.5,"0.7","11.8",97.3,"1.38","1.85","Tangaroa-ā-kiokio",NA,"light wave action, clear",NA
2025-06-20,"12:11","Hamurana (bridge)","1","A",1276.47,2.27,562.32,"1306.3",986.49,"1.32","11.5",105.5,"0.94","0.28","Tangaroa-ā-kiokio",NA,"light wave action, murky",NA
2025-06-20,"12:11","Hamurana (bridge)","2","A",230.01,2.77,83.03,"1433.3",1150.4,"1.24","11.5",105.5,"0.94","0.28","Tangaroa-ā-kiokio",NA,"light wave action, murky",NA
2025-06-20,"12:11","Hamurana (bridge)","3","A",201.89,2.72,74.25,"1550.8",1312.7,"1.18","11.5",105.5,"0.94","0.28","Tangaroa-ā-kiokio",NA,"light wave action, murky",NA
2025-06-20,"12:22","Hamurana (West)","1","A",106.22,3.8,27.95,"1407.9",1051,"1.33","11.4",100,"0.83","0.35","Tangaroa-ā-kiokio",NA,"flat, clear",NA
2025-06-20,"12:22","Hamurana (West)","2","A",154.49,4.54,34.02,"1447.8",1218.5,"1.18","11.4",100,"0.83","0.35","Tangaroa-ā-kiokio",NA,"flat, clear",NA
2025-06-20,"12:22","Hamurana (West)","3","A",232.35,2.91,79.84,"1396.2",1366.9,"1.02","11.4",100,"0.83","0.35","Tangaroa-ā-kiokio",NA,"flat, clear",NA
2025-06-20,"12:42","Awahou (Tarimano)","1","A",194.98,2.96,65.87,"1513.7",1334.5,"1.13","12.7",97.9,"0.63","0.36","Tangaroa-ā-kiokio",NA,"flat, clear",NA
2025-06-20,"12:42","Awahou (Tarimano)","2","A",174.74,2.91,60.04,"1568",1462.7,"1.07","12.7",97.9,"0.63","0.36","Tangaroa-ā-kiokio",NA,"flat, clear",NA
2025-06-20,"12:42","Awahou (Tarimano)","3","A",208.99,2.57,81.3,"1145.2",1243.8,"1.16","12.7",97.9,"0.63","0.36","Tangaroa-ā-kiokio",NA,"flat, clear",NA
2025-06-20,"12:51","Ngongotaha","1","A",187.19,3.01,62.18,"1410.7",1348.4,"1.04","12.4",101.2,"1.01","0.44","Tangaroa-ā-kiokio",NA,"flat, clear",NA
2025-06-20,"12:51","Ngongotaha","2","A",149.82,2.62,57.18,"1568",1513.4,"1.03","12.4",101.2,"1.01","0.44","Tangaroa-ā-kiokio",NA,"flat, clear",NA
2025-06-20,"12:51","Ngongotaha","3","A",613.84,3.31,185.45,"1765.1",2001.8,"0.88","12.4",101.2,"1.01","0.44","Tangaroa-ā-kiokio",NA,"flat, clear",NA
2025-06-20,"13:32","Te Koutu","1","A",150.66,2.47,60.94,"1492.4",1188.8,"1.25","11.4",104.5,"0.75","0.19","Tangaroa-ā-kiokio",NA,"light wave action, murky",NA
2025-06-20,"13:32","Te Koutu","2","A",89.82,2.62,34.28,"1561.8",1367.7,"1.14","11.4",104.5,"0.75","0.19","Tangaroa-ā-kiokio",NA,"light wave action, murky",NA
2025-06-20,"13:32","Te Koutu","3","A",95.3,2.91,32.74,"1493.1",1094.6,"1.36","11.4",104.5,"0.75","0.19","Tangaroa-ā-kiokio",NA,"light wave action, murky",NA
2025-06-20,NA,"Lake Front","1","A",234.68,2.18,107.65,"1522",1133.9,"1.34","14.1",92.6,"3.26","0.31","Tangaroa-ā-kiokio",NA,NA,NA
2025-06-20,NA,"Lake Front","2","A",272.83,2.42,112.73,"1523.2",1148.8,"1.32","14.1",92.6,"3.26","0.31","Tangaroa-ā-kiokio",NA,NA,NA
2025-06-20,NA,"Lake Front","3","A",150.6,2.81,53.59,"1469.7",1132.1,"1.29","14.1",92.6,"3.26","0.31","Tangaroa-ā-kiokio",NA,NA,NA
2025-06-23,"10:30","Hannah's Bay","1","A",0.1,0.37,0.27,NA,NA,NA,"11.7",79.9,"9.05","0.57","Ōrongomauri","Overcast","Murky, light wave action","Ngā mihi o te tau hau! Cyanofluor not turning on :/"
2025-06-23,"10:30","Hannah's Bay","2","A",0.1,0.68,0.14,NA,NA,NA,"11.7",79.9,"9.05","0.57","Ōrongomauri","Overcast","Murky, light wave action",NA
2025-06-23,"10:30","Hannah's Bay","3","A",0.1,0,0,NA,NA,NA,"11.7",79.9,"9.05","0.57","Ōrongomauri","Overcast","Murky, light wave action",NA
2025-06-23,"11:05","Te Pōhue","1","A",15.47,0.56,27.02,NA,NA,NA,"11.6",97.6,"11.66","0.53","Ōrongomauri",NA,"slightly murky, moderate wave action",NA
2025-06-23,"11:05","Te Pōhue","2","A",2.5,0.33,7.57,NA,NA,NA,"11.6",97.6,"11.66","0.53","Ōrongomauri",NA,"slightly murky, moderate wave action",NA
2025-06-23,"11:05","Te Pōhue","3","A",45.21,0.68,66.48,NA,NA,NA,"11.6",97.6,"11.66","0.53","Ōrongomauri",NA,"slightly murky, moderate wave action",NA
2025-06-23,"11:22","Ohau Channel","1","A",0.1,1.07,0.09,NA,NA,NA,"11",98.7,"6.08","0.75","Ōrongomauri",NA,"Murky, moderate wave action",NA
2025-06-23,"11:22","Ohau Channel","2","A",0.1,0.45,0.22,NA,NA,NA,"11",98.7,"6.08","0.75","Ōrongomauri",NA,"Murky, moderate wave action",NA
2025-06-23,"11:22","Ohau Channel","3","A",0.1,0.17,0.58,NA,NA,NA,"11",98.7,"6.08","0.75","Ōrongomauri",NA,"Murky, moderate wave action",NA
2025-06-23,"11:45","Hamurana (East)","1","A",0.1,0,0,NA,NA,NA,"10.4",98.1,"9.36","2.8","Ōrongomauri",NA,"clear, moderate wave action",NA
2025-06-23,"11:45","Hamurana (East)","2","A",0.1,0.41,0.24,NA,NA,NA,"10.4",98.1,"9.36","2.8","Ōrongomauri",NA,"clear, moderate wave action",NA
2025-06-23,"11:45","Hamurana (East)","3","A",0.1,0,0,NA,NA,NA,"10.4",98.1,"9.36","2.8","Ōrongomauri",NA,"clear, moderate wave action",NA
2025-06-23,"12:10","Hamurana (bridge)","1","A",0.1,0,0,NA,NA,NA,"10.8",99.8,"2.34","0.49","Ōrongomauri",NA,"murky, moderate wave action",NA
2025-06-23,"12:10","Hamurana (bridge)","2","A",0.1,0,0,NA,NA,NA,"10.8",99.8,"2.34","0.49","Ōrongomauri",NA,"murky, moderate wave action",NA
2025-06-23,"12:10","Hamurana (bridge)","3","A",0.1,0,0,NA,NA,NA,"10.8",99.8,"2.34","0.49","Ōrongomauri",NA,"murky, moderate wave action",NA
2025-06-23,"12:30","Hamurana (West)","1","A",0.1,0.13,0.76,NA,NA,NA,"10.9",99.2,"1.32","0.17","Ōrongomauri",NA,"hazy, light wave action",NA
2025-06-23,"12:30","Hamurana (West)","2","A",0.1,0.29,0.34,NA,NA,NA,"10.9",99.2,"1.32","0.17","Ōrongomauri",NA,"hazy, light wave action",NA
2025-06-23,"12:30","Hamurana (West)","3","A",0.1,0.1,1,NA,NA,NA,"10.9",99.2,"1.32","0.17","Ōrongomauri",NA,"hazy, light wave action",NA
2025-06-23,"12:50","Awahou (Tarimano)","1","A",0.6,0.64,0.15,NA,NA,NA,"11.7",102.5,"0.9","0.24","Ōrongomauri",NA,"clear, flat",NA
2025-06-23,"12:50","Awahou (Tarimano)","2","A",0.1,0,0,NA,NA,NA,"11.7",102.5,"0.9","0.24","Ōrongomauri",NA,"clear, flat",NA
2025-06-23,"12:50","Awahou (Tarimano)","3","A",0.1,0,0,NA,NA,NA,"11.7",102.5,"0.9","0.24","Ōrongomauri",NA,"clear, flat",NA
2025-06-23,"13:15","Ngongotaha","1","A",0.1,0,0,NA,NA,NA,"12.3",102.5,"9.37","0.7","Ōrongomauri",NA,"clear, flat",NA
2025-06-23,"13:15","Ngongotaha","2","A",0.1,0,0,NA,NA,NA,"12.3",102.5,"9.37","0.7","Ōrongomauri",NA,"clear, flat",NA
2025-06-23,"13:15","Ngongotaha","3","A",0,0,0,NA,NA,NA,"12.3",102.5,"9.37","0.7","Ōrongomauri",NA,"clear, flat",NA
2025-06-23,"14:30","Te Koutu","1","A",0.1,0,0,NA,NA,NA,"12.4",107.3,"0.62","0.12","Ōrongomauri",NA,"clear, flat",NA
2025-06-23,"14:30","Te Koutu","2","A",0,0,0,NA,NA,NA,"12.4",107.3,"0.62","0.12","Ōrongomauri",NA,"clear, flat",NA
2025-06-23,"14:30","Te Koutu","3","A",0,0,0,NA,NA,NA,"12.4",107.3,"0.62","0.12","Ōrongomauri",NA,"clear, flat",NA
2025-06-23,"14:50","Lake Front","1","A",0.1,0,0,NA,NA,NA,"13.4",98,"1.29","0.06","Ōrongomauri",NA,"clear, flat",NA
2025-06-23,"14:50","Lake Front","2","A",0.1,0,0,NA,NA,NA,"13.4",98,"1.29","0.06","Ōrongomauri",NA,"clear, flat",NA
2025-06-23,"14:50","Lake Front","3","A",0.1,0,0,NA,NA,NA,"13.4",98,"1.29","0.06","Ōrongomauri",NA,"clear, flat",NA
2025-06-25,"13:40","Hannah's Bay","1","A",0.1,0,0,NA,NA,NA,"11.9",89.8,"1.58","0.14","Matariki transition","Overcast",NA,NA
2025-06-25,"13:40","Hannah's Bay","2","A",0.1,0,0,NA,NA,NA,"11.9",89.8,"1.58","0.14","Matariki transition","Overcast",NA,NA
2025-06-25,"13:40","Hannah's Bay","3","A",0.1,0,0,NA,NA,NA,"11.9",89.8,"1.58","0.14","Matariki transition","Overcast",NA,NA
2025-06-25,"14:10","Te Pōhue","1","A",13.91,0.21,0.23,NA,NA,NA,"11.8",83.8,"2.47","0.17","Matariki transition",NA,NA,NA
2025-06-25,"14:10","Te Pōhue","2","A",35.04,0.45,77.86,NA,NA,NA,"11.8",83.8,"2.47","0.17","Matariki transition",NA,NA,NA
2025-06-25,"14:10","Te Pōhue","3","A",53.8,0,0,NA,NA,NA,"11.8",83.8,"2.47","0.17","Matariki transition",NA,NA,NA
2025-06-25,"14:26","Ohau Channel","1","A",0.1,0,0,NA,NA,NA,"11.1",93.1,"1.26","0.11","Matariki transition",NA,NA,NA
2025-06-25,"14:26","Ohau Channel","2","A",0.1,0,0,NA,NA,NA,"11.1",93.1,"1.26","0.11","Matariki transition",NA,NA,NA
2025-06-25,"14:26","Ohau Channel","3","A",0.1,0,0,NA,NA,NA,"11.1",93.1,"1.26","0.11","Matariki transition",NA,NA,NA
2025-06-25,"14:47","Hamurana (East)","1","A",77.3,0,0,NA,NA,NA,"10.8",109,"0.91","0.32","Matariki transition",NA,NA,NA
2025-06-25,"14:47","Hamurana (East)","2","A",130.38,0,0,NA,NA,NA,"10.8",109,"0.91","0.32","Matariki transition",NA,NA,NA
2025-06-25,"14:47","Hamurana (East)","3","A",0.1,0,0,NA,NA,NA,"10.8",109,"0.91","0.32","Matariki transition",NA,NA,NA
2025-06-25,"15:00","Hamurana (bridge)","1","A",0.1,0,0,NA,NA,NA,"11",103.1,"0.84","0.33","Matariki transition",NA,NA,NA
2025-06-25,"15:00","Hamurana (bridge)","2","A",119.48,0,0,NA,NA,NA,"11",103.1,"0.84","0.33","Matariki transition",NA,NA,NA
2025-06-25,"15:00","Hamurana (bridge)","3","A",109.35,0,0,NA,NA,NA,"11",103.1,"0.84","0.33","Matariki transition",NA,NA,NA
2025-06-25,"15:10","Hamurana (West)","1","A",28,0,0,NA,NA,NA,"10.6",101.4,"0.85","0.2","Matariki transition",NA,NA,NA
2025-06-25,"15:10","Hamurana (West)","2","A",129.61,0,0,NA,NA,NA,"10.6",101.4,"0.85","0.2","Matariki transition",NA,NA,NA
2025-06-25,"15:10","Hamurana (West)","3","A",148.31,0,0,NA,NA,NA,"10.6",101.4,"0.85","0.2","Matariki transition",NA,NA,NA
2025-06-25,"15:20","Awahou (Tarimano)","1","A",95.3,0,0,NA,NA,NA,"12.5",90.4,"0.74","0.15","Matariki transition",NA,NA,NA
2025-06-25,"15:20","Awahou (Tarimano)","2","A",93.73,0,0,NA,NA,NA,"12.5",90.4,"0.74","0.15","Matariki transition",NA,NA,NA
2025-06-25,"15:20","Awahou (Tarimano)","3","A",153.76,0,0,NA,NA,NA,"12.5",90.4,"0.74","0.15","Matariki transition",NA,NA,NA
2025-06-25,"16:18","Ngongotaha","1","A",169.35,2.05,82.6,NA,NA,NA,"11",103.1,"3.17","1.25","Matariki transition",NA,NA,NA
2025-06-25,"16:18","Ngongotaha","2","A",131.94,2.12,62.23,NA,NA,NA,"11",103.1,"3.17","1.25","Matariki transition",NA,NA,NA
2025-06-25,"16:18","Ngongotaha","3","A",209.87,2.28,92.04,NA,NA,NA,"11",103.1,"3.17","1.25","Matariki transition",NA,NA,NA
2025-06-25,"16:45","Te Koutu","1","A",0.1,4,0.02,NA,NA,NA,"11.2",106.2,"2.01","1.68","Matariki transition",NA,NA,NA
2025-06-25,"16:45","Te Koutu","2","A",0.1,4.38,0.02,NA,NA,NA,"11.2",106.2,"2.01","1.68","Matariki transition",NA,NA,NA
2025-06-25,"16:45","Te Koutu","3","A",12.34,3.57,3.45,NA,NA,NA,"11.2",106.2,"2.01","1.68","Matariki transition",NA,NA,NA
2025-06-25,"16:30","Lake Front","1","A",0.1,1.62,0.06,NA,NA,NA,"13.4",75.1,"26.68","2.83","Matariki transition",NA,NA,NA
2025-06-25,"16:30","Lake Front","2","A",0.1,1.15,0.08,NA,NA,NA,"13.4",75.1,"26.68","2.83","Matariki transition",NA,NA,NA
2025-06-25,"16:30","Lake Front","3","A",0.1,1.66,0.06,NA,NA,NA,"13.4",75.1,"26.68","2.83","Matariki transition",NA,NA,NA
2025-06-27,"10:45","Hannah's Bay","1","A",0.1,0.45,0.22,NA,NA,NA,"14",95.9,"15.58","4.05","Ōtirea","Raining","Hihg wave action, murky.",NA
2025-06-27,"10:45","Hannah's Bay","2","A",0.1,1.54,0.06,NA,NA,NA,"14",95.9,"15.58","4.05","Ōtirea","Raining","Hihg wave action, murky.",NA
2025-06-27,"10:45","Hannah's Bay","3","A",0.1,1.5,0.06,NA,NA,NA,"14",95.9,"15.58","4.05","Ōtirea","Raining","Hihg wave action, murky.",NA
2025-06-27,"11:00","Te Pōhue","1","A",0.1,0.6,0.16,NA,NA,NA,"13.3",96.1,"4.33","3.53","Ōtirea",NA,"High wave action, murky",NA
2025-06-27,"11:00","Te Pōhue","2","A",0.1,0.64,0.15,NA,NA,NA,"13.3",96.1,"4.33","3.53","Ōtirea",NA,"High wave action, murky",NA
2025-06-27,"11:00","Te Pōhue","3","A",0.1,0.56,0.17,NA,NA,NA,"13.3",96.1,"4.33","3.53","Ōtirea",NA,"High wave action, murky",NA
2025-06-27,"11:30","Ohau Channel","1","A",0.1,1,0.1,NA,NA,NA,"12.3",99.4,"1.55","1.53","Ōtirea",NA,"Light wave action, clear",NA
2025-06-27,"11:30","Ohau Channel","2","A",0.1,1.27,0.07,NA,NA,NA,"12.3",99.4,"1.55","1.53","Ōtirea",NA,"Light wave action, clear",NA
2025-06-27,"11:30","Ohau Channel","3","A",0.1,0.88,0.11,NA,NA,NA,"12.3",99.4,"1.55","1.53","Ōtirea",NA,"Light wave action, clear",NA
2025-06-27,"12:00","Hamurana (East)","1","A",0.1,1.46,0.06,NA,NA,NA,"12.8",96.6,"1.13","5.27","Ōtirea",NA,"Light wave action, clear",NA
2025-06-27,"12:00","Hamurana (East)","2","A",0.1,2.16,0.04,NA,NA,NA,"12.8",96.6,"1.13","5.27","Ōtirea",NA,"Light wave action, clear",NA
2025-06-27,"12:00","Hamurana (East)","3","A",0.1,0.53,0.18,NA,NA,NA,"12.8",96.6,"1.13","5.27","Ōtirea",NA,"Light wave action, clear",NA
2025-06-27,"12:45","Hamurana (bridge)","1","A",0.1,0.02,0.01,NA,NA,NA,"12.8",95.4,"0.82","0.24","Ōtirea",NA,"Moderate wave action, clear",NA
2025-06-27,"12:45","Hamurana (bridge)","2","A",0.1,1.15,0.08,NA,NA,NA,"12.8",95.4,"0.82","0.24","Ōtirea",NA,"Moderate wave action, clear",NA
2025-06-27,"12:45","Hamurana (bridge)","3","A",0.1,1.07,0.09,NA,NA,NA,"12.8",95.4,"0.82","0.24","Ōtirea",NA,"Moderate wave action, clear",NA
2025-06-27,"13:15","Hamurana (West)","1","A",0.1,0.17,0.56,NA,NA,NA,"13.4",94.8,"6.3","0.31","Ōtirea",NA,"Moderate wave action, clear",NA
2025-06-27,"13:15","Hamurana (West)","2","A",0.1,0,0,NA,NA,NA,"13.4",94.8,"6.3","0.31","Ōtirea",NA,"Moderate wave action, clear",NA
2025-06-27,"13:15","Hamurana (West)","3","A",0.1,1,0.1,NA,NA,NA,"13.4",94.8,"6.3","0.31","Ōtirea",NA,"Moderate wave action, clear",NA
2025-06-27,"13:45","Awahou (Tarimano)","1","A",0.1,0.64,0.15,NA,NA,NA,"12.9",90.3,"12.32","0.48","Ōtirea",NA,"High wave action, clear",NA
2025-06-27,"13:45","Awahou (Tarimano)","2","A",0.1,0,0,NA,NA,NA,"12.9",90.3,"12.32","0.48","Ōtirea",NA,"High wave action, clear",NA
2025-06-27,"13:45","Awahou (Tarimano)","3","A",0.1,0,0,NA,NA,NA,"12.9",90.3,"12.32","0.48","Ōtirea",NA,"High wave action, clear",NA
2025-06-27,"14:00","Ngongotaha","1","A",0.1,5.51,0.01,NA,NA,NA,"13.8",93.4,"48.58","170.09","Ōtirea",NA,"High wave action, clear",NA
2025-06-27,"14:00","Ngongotaha","2","A",0.1,6.68,0.01,NA,NA,NA,"13.8",93.4,"48.58","170.09","Ōtirea",NA,"High wave action, clear",NA
2025-06-27,"14:00","Ngongotaha","3","A",0.1,6.25,0.01,NA,NA,NA,"13.8",93.4,"48.58","170.09","Ōtirea",NA,"High wave action, clear",NA
2025-06-27,"14:30","Te Koutu","1","A",0.1,0.76,0.13,NA,NA,NA,"13.1",94.8,"63.05","9.89","Ōtirea",NA,"High wave action",NA
2025-06-27,"14:30","Te Koutu","2","A",0.1,1.89,0.05,NA,NA,NA,"13.1",94.8,"63.05","9.89","Ōtirea",NA,"High wave action",NA
2025-06-27,"14:30","Te Koutu","3","A",0.1,1.27,0.07,NA,NA,NA,"13.1",94.8,"63.05","9.89","Ōtirea",NA,"High wave action",NA
2025-06-27,"14:30","Lake Front","1","A",0.1,3.1,0.03,NA,NA,NA,"15.2",91.5,"232.25","7.69","Ōtirea",NA,"High wave actio,, murky",NA
2025-06-27,"14:30","Lake Front","2","A",0.1,3.14,0.03,NA,NA,NA,"15.2",91.5,"232.25","7.69","Ōtirea",NA,"High wave actio,, murky",NA
2025-06-27,"14:30","Lake Front","3","A",0.1,2.67,0.03,NA,NA,NA,"15.2",91.5,"232.25","7.69","Ōtirea",NA,"High wave actio,, murky",NA
2025-06-30,"11:00","Hannah's Bay","1","A",0.1,0.6,0.16,NA,NA,NA,"12.7",85.3,"8.98","0.35","Huna","Overcast","High wave action, murky",NA
2025-06-30,"11:00","Hannah's Bay","2","A",0.1,0,0,NA,NA,NA,"12.7",85.3,"8.98","0.35","Huna","Overcast","High wave action, murky",NA
2025-06-30,"11:00","Hannah's Bay","3","A",0.1,0.06,1.66,NA,NA,NA,"12.7",85.3,"8.98","0.35","Huna","Overcast","High wave action, murky",NA
2025-06-30,"11:20","Te Pōhue","1","A",0.1,0.45,0.22,NA,NA,NA,"11.9",96.8,"11.23","0.53","Huna",NA,"High wave action, murky",NA
2025-06-30,"11:20","Te Pōhue","2","A",0.1,0,0,NA,NA,NA,"11.9",96.8,"11.23","0.53","Huna",NA,"High wave action, murky",NA
2025-06-30,"11:20","Te Pōhue","3","A",0.1,0.2,0.34,NA,NA,NA,"11.9",96.8,"11.23","0.53","Huna",NA,"High wave action, murky",NA
2025-06-30,"11:40","Ohau Channel","1","A",0.1,0.4,0.22,NA,NA,NA,"11.1",98.6,"1030.93","6.12","Huna",NA,"High wave action, murky",NA
2025-06-30,"11:40","Ohau Channel","2","A",0.1,0.4,0.2,NA,NA,NA,"11.1",98.6,"1030.93","6.12","Huna",NA,"High wave action, murky",NA
2025-06-30,"11:40","Ohau Channel","3","A",0.1,0.6,0.15,NA,NA,NA,"11.1",98.6,"1030.93","6.12","Huna",NA,"High wave action, murky",NA
2025-06-30,"12:00","Hamurana (East)","1","A",0.1,0,0,NA,NA,NA,"11.1",98,"33.56","1.72","Huna",NA,"High wave action",NA
2025-06-30,"12:00","Hamurana (East)","2","A",0.1,0,0,NA,NA,NA,"11.1",98,"33.56","1.72","Huna",NA,"High wave action",NA
2025-06-30,"12:00","Hamurana (East)","3","A",0.1,0,0,NA,NA,NA,"11.1",98,"33.56","1.72","Huna",NA,"High wave action",NA
2025-06-30,"12:20","Hamurana (bridge)","1","A",0.1,0.05,1.66,NA,NA,NA,"11.2",97.8,"15.53","4.94","Huna",NA,"High wave action",NA
2025-06-30,"12:20","Hamurana (bridge)","2","A",0.1,0,0,NA,NA,NA,"11.2",97.8,"15.53","4.94","Huna",NA,"High wave action",NA
2025-06-30,"12:20","Hamurana (bridge)","3","A",0.1,0,0,NA,NA,NA,"11.2",97.8,"15.53","4.94","Huna",NA,"High wave action",NA
2025-06-30,"12:40","Hamurana (West)","1","A",0.1,0,0,NA,NA,NA,"11.5",97.6,"4.6","1.48","Huna",NA,"Moderate wave action, clear",NA
2025-06-30,"12:40","Hamurana (West)","2","A",0.1,0,0,NA,NA,NA,"11.5",97.6,"4.6","1.48","Huna",NA,"Moderate wave action, clear",NA
2025-06-30,"12:40","Hamurana (West)","3","A",0.1,0.37,0.07,NA,NA,NA,"11.5",97.6,"4.6","1.48","Huna",NA,"Moderate wave action, clear",NA
2025-06-30,"13:00","Awahou (Tarimano)","1","A",0.1,0.41,0.24,NA,NA,NA,"14.7",99.2,"3.64","0.15","Huna",NA,"Moderate wave action",NA
2025-06-30,"13:00","Awahou (Tarimano)","2","A",0.1,0.53,0.18,NA,NA,NA,"14.7",99.2,"3.64","0.15","Huna",NA,"Moderate wave action",NA
2025-06-30,"13:00","Awahou (Tarimano)","3","A",0.1,0.25,0.4,NA,NA,NA,"14.7",99.2,"3.64","0.15","Huna",NA,"Moderate wave action",NA
2025-06-30,"13:20","Ngongotaha","1","A",0.1,0,0,NA,NA,NA,"12.1",98,"4.96","0.7","Huna",NA,"Moderate wave action",NA
2025-06-30,"13:20","Ngongotaha","2","A",0.1,0.03,3.33,NA,NA,NA,"12.1",98,"4.96","0.7","Huna",NA,"Moderate wave action",NA
2025-06-30,"13:20","Ngongotaha","3","A",0.1,0.16,3.33,NA,NA,NA,"12.1",98,"4.96","0.7","Huna",NA,"Moderate wave action",NA
2025-06-30,"13:40","Te Koutu","1","A",0.1,0,0,NA,NA,NA,"12.4",94.5,"3.06","0.85","Huna",NA,"flat, clear",NA
2025-06-30,"13:40","Te Koutu","2","A",0.1,0,0,NA,NA,NA,"12.4",94.5,"3.06","0.85","Huna",NA,"flat, clear",NA
2025-06-30,"13:40","Te Koutu","3","A",0.1,0,0,NA,NA,NA,"12.4",94.5,"3.06","0.85","Huna",NA,"flat, clear",NA
2025-06-30,"14:00","Lake Front","1","A",0.1,0,0,NA,NA,NA,"13.6",100.2,"2.8","0.45","Huna",NA,"High wave action, dirty",NA
2025-06-30,"14:00","Lake Front","2","A",0.1,0,0,NA,NA,NA,"13.6",100.2,"2.8","0.45","Huna",NA,"High wave action, dirty",NA
2025-06-30,"14:00","Lake Front","3","A",0.1,0,0,NA,NA,NA,"13.6",100.2,"2.8","0.45","Huna",NA,"High wave action, dirty",NA
2025-07-02,"11:00","Hannah's Bay","1","B",0.1,0.56,0.17,NA,NA,NA,"11.4",80.8,"3.44","0.15","Tamateaāio","Overcast","Flat, murky",NA
2025-07-02,"11:00","Hannah's Bay","2","B",0.1,0.49,0.2,NA,NA,NA,"11.4",80.8,"3.44","0.15","Tamateaāio","Overcast","Flat, murky",NA
2025-07-02,"11:00","Hannah's Bay","3","B",0.1,0.25,0.4,NA,NA,NA,"11.4",80.8,"3.44","0.15","Tamateaāio","Overcast","Flat, murky",NA
2025-07-02,"11:30","Te Pōhue","1","B",0.1,0.49,0.2,NA,NA,NA,"10.9",92.9,"6.34","0.56","Tamateaāio",NA,"Flat, clear",NA
2025-07-02,"11:30","Te Pōhue","2","B",0.1,0.68,0.14,NA,NA,NA,"10.9",92.9,"6.34","0.56","Tamateaāio",NA,"Flat, clear",NA
2025-07-02,"11:30","Te Pōhue","3","B",0.1,0,0,NA,NA,NA,"10.9",92.9,"6.34","0.56","Tamateaāio",NA,"Flat, clear",NA
2025-07-02,"11:45","Ohau Channel","1","B",0.1,0.1,1,NA,NA,NA,NA,NA,NA,NA,"Tamateaāio",NA,"Flat, clear",NA
2025-07-02,"11:45","Ohau Channel","2","B",0.1,0.21,0.47,NA,NA,NA,NA,NA,NA,NA,"Tamateaāio",NA,"Flat, clear",NA
2025-07-02,"11:45","Ohau Channel","3","B",0.1,0.25,0.4,NA,NA,NA,NA,NA,NA,NA,"Tamateaāio",NA,"Flat, clear",NA
2025-07-02,"12:15","Hamurana (East)","1","B",0.1,0.03,3.33,NA,NA,NA,"11",99.6,"1.16","0.52","Tamateaāio",NA,"Flat, clear",NA
2025-07-02,"12:15","Hamurana (East)","2","B",0.1,4.28,0.02,NA,NA,NA,"11",99.6,"1.16","0.52","Tamateaāio",NA,"Flat, clear",NA
2025-07-02,"12:15","Hamurana (East)","3","B",0.1,1.58,0.06,NA,NA,NA,"11",99.6,"1.16","0.52","Tamateaāio",NA,"Flat, clear",NA
2025-07-02,"12:30","Hamurana (bridge)","1","B",0.1,0,0,NA,NA,NA,"10.7",100.4,"0.73","0.3","Tamateaāio",NA,"Flat, clear",NA
2025-07-02,"12:30","Hamurana (bridge)","2","B",0.1,0,0,NA,NA,NA,"10.7",100.4,"0.73","0.3","Tamateaāio",NA,"Flat, clear",NA
2025-07-02,"12:30","Hamurana (bridge)","3","B",0.1,1.07,0.09,NA,NA,NA,"10.7",100.4,"0.73","0.3","Tamateaāio",NA,"Flat, clear",NA
2025-07-02,"13:15","Hamurana (West)","1","B",0.1,1.07,0.09,NA,NA,NA,"10.6",99.9,"3.81","1.83","Tamateaāio",NA,"Flat, clear",NA
2025-07-02,"13:15","Hamurana (West)","2","B",0.1,1.03,0.09,NA,NA,NA,"10.6",99.9,"3.81","1.83","Tamateaāio",NA,"Flat, clear",NA
2025-07-02,"13:15","Hamurana (West)","3","B",0.1,1.07,0.09,NA,NA,NA,"10.6",99.9,"3.81","1.83","Tamateaāio",NA,"Flat, clear",NA
2025-07-02,"13:45","Awahou (Tarimano)","1","B",0.1,0.96,0.1,NA,NA,NA,"12.5",94.6,"9.16","1.08","Tamateaāio",NA,"Moderate wave action, murky",NA
2025-07-02,"13:45","Awahou (Tarimano)","2","B",0.1,1.03,0.09,NA,NA,NA,"12.5",94.6,"9.16","1.08","Tamateaāio",NA,"Moderate wave action, murky",NA
2025-07-02,"13:45","Awahou (Tarimano)","3","B",0.1,8.24,0.01,NA,NA,NA,"12.5",94.6,"9.16","1.08","Tamateaāio",NA,"Moderate wave action, murky",NA
2025-07-02,"14:00","Ngongotaha","1","B",0.1,2.16,0.04,NA,NA,NA,"10.8",96.9,"59.79","3.47","Tamateaāio",NA,"High wave action, murky",NA
2025-07-02,"14:00","Ngongotaha","2","B",0.1,8.16,0.01,NA,NA,NA,"10.8",96.9,"59.79","3.47","Tamateaāio",NA,"High wave action, murky",NA
2025-07-02,"14:00","Ngongotaha","3","B",53.82,44.13,1.21,NA,NA,NA,"10.8",96.9,"59.79","3.47","Tamateaāio",NA,"High wave action, murky",NA
2025-07-02,"14:30","Te Koutu","1","B",0.1,3.34,0.02,NA,NA,NA,"11.6",97.4,"64.92","10.38","Tamateaāio",NA,"High wave action, murky",NA
2025-07-02,"14:30","Te Koutu","2","B",0.1,1.7,0.05,NA,NA,NA,"11.6",97.4,"64.92","10.38","Tamateaāio",NA,"High wave action, murky",NA
2025-07-02,"14:30","Te Koutu","3","B",0.1,1.62,0.06,NA,NA,NA,"11.6",97.4,"64.92","10.38","Tamateaāio",NA,"High wave action, murky",NA
2025-07-02,"13:00","Lake Front","1","B",0.1,1.7,0.05,NA,NA,NA,"13.1",85.2,"45.93","2.43","Tamateaāio",NA,"High wave action, murky",NA
2025-07-02,"13:00","Lake Front","2","B",0.1,1.7,0.05,NA,NA,NA,"13.1",85.2,"45.93","2.43","Tamateaāio",NA,"High wave action, murky",NA
2025-07-02,"13:00","Lake Front","3","B",0.1,1.81,0.05,NA,NA,NA,"13.1",85.2,"45.93","2.43","Tamateaāio",NA,"High wave action, murky",NA
2025-07-04,"11:00","Hannah's Bay","1","B",0.1,1.46,0.06,NA,NA,NA,"14",88.9,"2.42","1","Huna","Overcast","Moderate wave action",NA
2025-07-04,"11:00","Hannah's Bay","2","B",0.1,1.56,0.06,NA,NA,NA,"14",88.9,"2.42","1","Huna","Overcast","Moderate wave action",NA
2025-07-04,"11:00","Hannah's Bay","3","B",0.1,1.81,0.05,NA,NA,NA,"14",88.9,"2.42","1","Huna","Overcast","Moderate wave action",NA
2025-07-04,"11:20","Te Pōhue","1","B",0.1,1.54,0.06,NA,NA,NA,"13.2",95.4,"2","1.02","Huna",NA,"Flat",NA
2025-07-04,"11:20","Te Pōhue","2","B",0.1,1.66,0.06,NA,NA,NA,"13.2",95.4,"2","1.02","Huna",NA,"Flat",NA
2025-07-04,"11:20","Te Pōhue","3","B",0.1,1.74,0.05,NA,NA,NA,"13.2",95.4,"2","1.02","Huna",NA,"Flat",NA
2025-07-04,"11:45","Ohau Channel","1","B",0.1,1.31,0.07,NA,NA,NA,"12.7",97.7,"1.61","1.79","Huna",NA,"Flat",NA
2025-07-04,"11:45","Ohau Channel","2","B",0.1,2.44,0.04,NA,NA,NA,"12.7",97.7,"1.61","1.79","Huna",NA,"Flat",NA
2025-07-04,"11:45","Ohau Channel","3","B",0.1,1.77,0.05,NA,NA,NA,"12.7",97.7,"1.61","1.79","Huna",NA,"Flat",NA
2025-07-04,"12:10","Hamurana (East)","1","B",0.1,1.7,0.05,NA,NA,NA,"12.5",100.5,"6.23","2.36","Huna",NA,"Flat",NA
2025-07-04,"12:10","Hamurana (East)","2","B",0.1,2.16,0.04,NA,NA,NA,"12.5",100.5,"6.23","2.36","Huna",NA,"Flat",NA
2025-07-04,"12:10","Hamurana (East)","3","B",0.1,2.71,0.03,NA,NA,NA,"12.5",100.5,"6.23","2.36","Huna",NA,"Flat",NA
2025-07-04,"12:40","Hamurana (bridge)","1","B",0.1,1.58,0.06,NA,NA,NA,"13.1",92.9,"1.81","0.99","Huna",NA,"Flat",NA
2025-07-04,"12:40","Hamurana (bridge)","2","B",0.1,1,0.1,NA,NA,NA,"13.1",92.9,"1.81","0.99","Huna",NA,"Flat",NA
2025-07-04,"12:40","Hamurana (bridge)","3","B",0.1,1.27,0.07,NA,NA,NA,"13.1",92.9,"1.81","0.99","Huna",NA,"Flat",NA
2025-07-04,"13:00","Hamurana (West)","1","B",0.1,0.53,0.3,NA,NA,NA,"13",93.4,"3.93","0.42","Huna",NA,"Flat",NA
2025-07-04,"13:00","Hamurana (West)","2","B",0.1,0.49,0.2,NA,NA,NA,"13",93.4,"3.93","0.42","Huna",NA,"Flat",NA
2025-07-04,"13:00","Hamurana (West)","3","B",0.1,0.49,0.2,NA,NA,NA,"13",93.4,"3.93","0.42","Huna",NA,"Flat",NA
2025-07-04,"13:30","Awahou (Tarimano)","1","B",0.17,0.37,0.27,NA,NA,NA,"13.1",91.7,NA,"0.66","Huna",NA,"Flat",NA
2025-07-04,"13:30","Awahou (Tarimano)","2","B",0.1,0.49,0.2,NA,NA,NA,"13.1",91.7,NA,"0.66","Huna",NA,"Flat",NA
2025-07-04,"13:30","Awahou (Tarimano)","3","B",0.1,0.6,0.15,NA,NA,NA,"13.1",91.7,NA,"0.66","Huna",NA,"Flat",NA
2025-07-04,"13:50","Ngongotaha","1","B",0.1,0.21,0.44,NA,NA,NA,"13.6",93.7,NA,"0.4","Huna",NA,"Moderate wave action",NA
2025-07-04,"13:50","Ngongotaha","2","B",0.1,0.41,0.41,NA,NA,NA,"13.6",93.7,NA,"0.4","Huna",NA,"Moderate wave action",NA
2025-07-04,"13:50","Ngongotaha","3","B",0.1,0.24,0.41,NA,NA,NA,"13.6",93.7,NA,"0.4","Huna",NA,"Moderate wave action",NA
2025-07-04,"14:20","Te Koutu","1","B",0.1,0.56,0.17,NA,NA,NA,"13.6",92.3,NA,"1.7","Huna",NA,"Moderate wave action",NA
2025-07-04,"14:20","Te Koutu","2","B",0.1,0.33,0.2,NA,NA,NA,"13.6",92.3,NA,"1.7","Huna",NA,"Moderate wave action",NA
2025-07-04,"14:20","Te Koutu","3","B",0.1,0.33,0.3,NA,NA,NA,"13.6",92.3,NA,"1.7","Huna",NA,"Moderate wave action",NA
2025-07-04,"14:20","Lake Front","1","B",0.1,0.45,0.22,NA,NA,NA,"16.7",81.7,NA,"1.2","Huna",NA,NA,NA
2025-07-04,"14:20","Lake Front","2","B",0.1,0.88,0.11,NA,NA,NA,"16.7",81.7,NA,"1.2","Huna",NA,NA,NA
2025-07-04,"14:20","Lake Front","3","B",0.1,0.6,0.16,NA,NA,NA,"16.7",81.7,NA,"1.2","Huna",NA,NA,NA
2025-07-07,"13:00","Hannah's Bay","1","B",0.1,0.06,1.66,NA,NA,NA,"12",95.2,NA,"0.31","Atuahaehae","Clear skies","Light wave action","Logged samples came up as 0 on the missing values on the proDSS?"
2025-07-07,"13:00","Hannah's Bay","2","B",0.1,0.03,3.33,NA,NA,NA,"12",95.2,NA,"0.31","Atuahaehae","Clear skies","Light wave action",NA
2025-07-07,"13:00","Hannah's Bay","3","B",0.1,0.37,0.27,NA,NA,NA,"12",95.2,NA,"0.31","Atuahaehae","Clear skies","Light wave action",NA
2025-07-07,"13:30","Te Pōhue","1","B",0.1,0.13,0.75,NA,NA,NA,"12",95.1,"4.17","0.21","Atuahaehae",NA,"Flat",NA
2025-07-07,"13:30","Te Pōhue","2","B",0.1,0.37,0.25,NA,NA,NA,"12",95.1,"4.17","0.21","Atuahaehae",NA,"Flat",NA
2025-07-07,"13:30","Te Pōhue","3","B",0.1,0.13,0.76,NA,NA,NA,"12",95.1,"4.17","0.21","Atuahaehae",NA,"Flat",NA
2025-07-07,"14:00","Ohau Channel","1","B",0.1,0.17,0.58,NA,NA,NA,"11.2",100,"7.09","55.87","Atuahaehae",NA,"Light wave action",NA
2025-07-07,"14:00","Ohau Channel","2","B",0.1,0.21,0.47,NA,NA,NA,"11.2",100,"7.09","55.87","Atuahaehae",NA,"Light wave action",NA
2025-07-07,"14:00","Ohau Channel","3","B",0.1,0.21,0.47,NA,NA,NA,"11.2",100,"7.09","55.87","Atuahaehae",NA,"Light wave action",NA
2025-07-07,"14:30","Hamurana (East)","1","B",0.1,0.53,0.18,NA,NA,NA,"10.5",98.8,NA,"0.53","Atuahaehae",NA,"Moderate wave action",NA
2025-07-07,"14:30","Hamurana (East)","2","B",0.1,0.64,0.15,NA,NA,NA,"10.5",98.8,NA,"0.53","Atuahaehae",NA,"Moderate wave action",NA
2025-07-07,"14:30","Hamurana (East)","3","B",0.1,1.33,0.07,NA,NA,NA,"10.5",98.8,NA,"0.53","Atuahaehae",NA,"Moderate wave action",NA
2025-07-07,"15:00","Hamurana (bridge)","1","B",0.1,0.53,0.18,NA,NA,NA,"10.5",98.4,NA,"0.52","Atuahaehae",NA,"Moderate wave action",NA
2025-07-07,"15:00","Hamurana (bridge)","2","B",0.1,0.56,0.17,NA,NA,NA,"10.5",98.4,NA,"0.52","Atuahaehae",NA,"Moderate wave action",NA
2025-07-07,"15:30","Hamurana (West)","1","B",0.1,0.92,0.1,NA,NA,NA,"11.3",99.6,NA,"0.44","Atuahaehae",NA,"Moderate wave action",NA
2025-07-07,"15:30","Hamurana (West)","2","B",0.1,0.55,0.17,NA,NA,NA,"11.3",99.6,NA,"0.44","Atuahaehae",NA,"Moderate wave action",NA
2025-07-07,"15:30","Hamurana (West)","3","B",0.1,0.37,0.27,NA,NA,NA,"11.3",99.6,NA,"0.44","Atuahaehae",NA,"Moderate wave action",NA
2025-07-07,"15:30","Awahou (Tarimano)","1","B",0.1,0.41,0.24,NA,NA,NA,"12.2",99.5,NA,"0.4","Atuahaehae",NA,"Moderate wave action",NA
2025-07-07,"15:30","Awahou (Tarimano)","2","B",0.1,1.07,0.09,NA,NA,NA,"12.2",99.5,NA,"0.4","Atuahaehae",NA,"Moderate wave action",NA
2025-07-07,"15:30","Awahou (Tarimano)","3","B",0.1,0.27,0.47,NA,NA,NA,"12.2",99.5,NA,"0.4","Atuahaehae",NA,"Moderate wave action",NA
2025-07-07,"16:15","Ngongotaha","1","B",0.1,0,0,NA,NA,NA,NA,NA,NA,NA,"Atuahaehae",NA,"Moderate wave action",NA
2025-07-07,"16:15","Ngongotaha","2","B",0.1,0.6,0.16,NA,NA,NA,NA,NA,NA,NA,"Atuahaehae",NA,"Moderate wave action",NA
2025-07-07,"16:15","Ngongotaha","3","B",0.1,0.41,0.24,NA,NA,NA,NA,NA,NA,NA,"Atuahaehae",NA,"Moderate wave action",NA
2025-07-07,"16:45","Te Koutu","1","B",0.1,0.21,0.47,NA,NA,NA,NA,NA,NA,NA,"Atuahaehae",NA,"Moderate wave action",NA
2025-07-07,"16:45","Te Koutu","2","B",0.1,0.6,0.16,NA,NA,NA,NA,NA,NA,NA,"Atuahaehae",NA,"Moderate wave action",NA
2025-07-07,"16:45","Te Koutu","3","B",0.1,0.41,0.24,NA,NA,NA,NA,NA,NA,NA,"Atuahaehae",NA,"Moderate wave action",NA
2025-07-07,"17:00","Lake Front","1","B",0.1,0.17,0.58,NA,NA,NA,"12.8",94.1,"10.11","0.47","Atuahaehae",NA,"Moderate wave action, dirty","Sewage leak warning"
2025-07-07,"17:00","Lake Front","2","B",0.1,0.49,0.2,NA,NA,NA,"12.8",94.1,"10.11","0.47","Atuahaehae",NA,"Moderate wave action, dirty",NA
2025-07-07,"17:00","Lake Front","3","B",0.1,0.03,3.33,NA,NA,NA,"12.8",94.1,"10.11","0.47","Atuahaehae",NA,"Moderate wave action, dirty",NA
2025-07-09,"10:00","Hannah's Bay","1","B",0.1,0.72,0.13,NA,NA,NA,"10.5",90.8,"1.9","0.29","Ōturuturu","Overcast","Light wave action",NA
2025-07-09,"10:00","Hannah's Bay","2","B",0.1,0.41,0.41,NA,NA,NA,"10.5",90.8,"1.9","0.29","Ōturuturu","Overcast","Light wave action",NA
2025-07-09,"10:00","Hannah's Bay","3","B",0.1,0,0,NA,NA,NA,"10.5",90.8,"1.9","0.29","Ōturuturu","Overcast","Light wave action",NA
2025-07-09,"10:30","Te Pōhue","1","B",0.1,0,0,NA,NA,NA,"10.5",88.5,"1.9","0.31","Ōturuturu",NA,"High wave action",NA
2025-07-09,"10:30","Te Pōhue","2","B",0.1,0.76,0.13,NA,NA,NA,"10.5",88.5,"1.9","0.31","Ōturuturu",NA,"High wave action",NA
2025-07-09,"10:30","Te Pōhue","3","B",0.1,1.31,0.07,NA,NA,NA,"10.5",88.5,"1.9","0.31","Ōturuturu",NA,"High wave action",NA
2025-07-09,"10:50","Ohau Channel","1","B",0.1,1,0.1,NA,NA,NA,"10.7",93.7,"2.22","0.8","Ōturuturu",NA,"Light wave action",NA
2025-07-09,"10:50","Ohau Channel","2","B",0.1,1.37,0.07,NA,NA,NA,"10.7",93.7,"2.22","0.8","Ōturuturu",NA,"Light wave action",NA
2025-07-09,"10:50","Ohau Channel","3","B",0.1,1.15,0.08,NA,NA,NA,"10.7",93.7,"2.22","0.8","Ōturuturu",NA,"Light wave action",NA
2025-07-09,"11:30","Hamurana (East)","1","B",0.1,0.64,0.15,NA,NA,NA,"10.4",100.3,"2.07","0.74","Ōturuturu",NA,"Light wave action",NA
2025-07-09,"11:30","Hamurana (East)","2","B",0.1,1.11,0.09,NA,NA,NA,"10.4",100.3,"2.07","0.74","Ōturuturu",NA,"Light wave action",NA
2025-07-09,"11:30","Hamurana (East)","3","B",0.1,0.96,0.1,NA,NA,NA,"10.4",100.3,"2.07","0.74","Ōturuturu",NA,"Light wave action",NA
2025-07-09,"11:50","Hamurana (bridge)","1","B",0.1,0.64,0.15,NA,NA,NA,"10.7",96.1,"0.72","0.2","Ōturuturu",NA,"Light wave action",NA
2025-07-09,"11:50","Hamurana (bridge)","2","B",0.1,1.19,0,NA,NA,NA,"10.7",96.1,"0.72","0.2","Ōturuturu",NA,"Light wave action",NA
2025-07-09,"11:50","Hamurana (bridge)","3","B",0.1,1,0.1,NA,NA,NA,"10.7",96.1,"0.72","0.2","Ōturuturu",NA,"Light wave action",NA
2025-07-09,"12:00","Hamurana (West)","1","B",0.1,1.27,0.07,NA,NA,NA,"9.9",98.7,"1.46","0.34","Ōturuturu",NA,"Light wave action",NA
2025-07-09,"12:00","Hamurana (West)","2","B",0.1,1.3,0.07,NA,NA,NA,"9.9",98.7,"1.46","0.34","Ōturuturu",NA,"Light wave action",NA
2025-07-09,"12:00","Hamurana (West)","3","B",0.1,1.11,0.09,NA,NA,NA,"9.9",98.7,"1.46","0.34","Ōturuturu",NA,"Light wave action",NA
2025-07-09,"12:30","Awahou (Tarimano)","1","B",0.1,0.41,0.24,NA,NA,NA,"11.8",94.3,"0.91","0","Ōturuturu",NA,"Light wave action",NA
2025-07-09,"12:30","Awahou (Tarimano)","2","B",0.1,0.45,0.22,NA,NA,NA,"11.8",94.3,"0.91","0","Ōturuturu",NA,"Light wave action",NA
2025-07-09,"12:30","Awahou (Tarimano)","3","B",0.1,0.76,0.13,NA,NA,NA,"11.8",94.3,"0.91","0","Ōturuturu",NA,"Light wave action",NA
2025-07-09,"12:45","Ngongotaha","1","B",0.1,1.45,0.06,NA,NA,NA,"10.5",89.6,"1.01","0.24","Ōturuturu",NA,"Light wave action",NA
2025-07-09,"12:45","Ngongotaha","2","B",0.1,0.96,0.1,NA,NA,NA,"10.5",89.6,"1.01","0.24","Ōturuturu",NA,"Light wave action",NA
2025-07-09,"12:45","Ngongotaha","3","B",0.1,1.15,0.08,NA,NA,NA,"10.5",89.6,"1.01","0.24","Ōturuturu",NA,"Light wave action",NA
2025-07-09,"13:00","Te Koutu","1","B",0.1,0.8,0.12,NA,NA,NA,"10.8",95.4,"1.36","0.09","Ōturuturu",NA,"Light wave action",NA
2025-07-09,"13:00","Te Koutu","2","B",0.1,1,0.1,NA,NA,NA,"10.8",95.4,"1.36","0.09","Ōturuturu",NA,"Light wave action",NA
2025-07-09,"13:00","Te Koutu","3","B",0.1,1.11,0.09,NA,NA,NA,"10.8",95.4,"1.36","0.09","Ōturuturu",NA,"Light wave action",NA
2025-07-09,"13:30","Lake Front","1","B",0.1,1.19,0.08,NA,NA,NA,"11.9",83,"1.99","0.01","Ōturuturu",NA,NA,NA
2025-07-09,"13:30","Lake Front","2","B",0.1,0.64,0.15,NA,NA,NA,"11.9",83,"1.99","0.01","Ōturuturu",NA,NA,NA
2025-07-09,"13:30","Lake Front","3","B",0.1,0.64,0.15,NA,NA,NA,"11.9",83,"1.99","0.01","Ōturuturu",NA,NA,NA
2025-07-16,"11:30","Hannah's Bay","1","A",0.1,1.24,0.08,NA,NA,NA,"12",91.2,"5.79","0.68","Korekore-piri-ki-ngā-Tangaroa",NA,NA,"Water disription???? idk what good/green/alright means! Follow up maybe"
2025-07-16,"11:30","Hannah's Bay","2","A",0.1,1.68,0.05,NA,NA,NA,"12",91.2,"5.79","0.68","Korekore-piri-ki-ngā-Tangaroa",NA,NA,NA
2025-07-16,"11:30","Hannah's Bay","3","A",0.1,1.44,0.06,NA,NA,NA,"12",91.2,"5.79","0.68","Korekore-piri-ki-ngā-Tangaroa",NA,NA,NA
2025-07-16,"11:46","Te Pōhue","1","A",0.1,2.08,0.04,NA,NA,NA,"11.7",94.9,"1056.06","1.18","Korekore-piri-ki-ngā-Tangaroa",NA,NA,NA
2025-07-16,"11:46","Te Pōhue","2","A",0.1,1.73,0.05,NA,NA,NA,"11.7",94.9,"1056.06","1.18","Korekore-piri-ki-ngā-Tangaroa",NA,NA,NA
2025-07-16,"11:46","Te Pōhue","3","A",0.1,1.54,0.06,NA,NA,NA,"11.7",94.9,"1056.06","1.18","Korekore-piri-ki-ngā-Tangaroa",NA,NA,NA
2025-07-16,"12:04","Ohau Channel","1","A",0.1,2.67,0.03,NA,NA,NA,"11.1",96.8,"10.3","0.89","Korekore-piri-ki-ngā-Tangaroa",NA,NA,NA
2025-07-16,"12:04","Ohau Channel","2","A",0.1,2.03,0.04,NA,NA,NA,"11.1",96.8,"10.3","0.89","Korekore-piri-ki-ngā-Tangaroa",NA,NA,NA
2025-07-16,"12:04","Ohau Channel","3","A",0.1,1.63,0.06,NA,NA,NA,"11.1",96.8,"10.3","0.89","Korekore-piri-ki-ngā-Tangaroa",NA,NA,NA
2025-07-16,"12:25","Hamurana (East)","1","A",0.1,7.8,0.02,NA,NA,NA,"11",95.5,"175.63","2.23","Korekore-piri-ki-ngā-Tangaroa",NA,NA,NA
2025-07-16,"12:25","Hamurana (East)","2","A",0.1,4.68,0.02,NA,NA,NA,"11",95.5,"175.63","2.23","Korekore-piri-ki-ngā-Tangaroa",NA,NA,NA
2025-07-16,"12:25","Hamurana (East)","3","A",0.1,2.86,0.03,NA,NA,NA,"11",95.5,"175.63","2.23","Korekore-piri-ki-ngā-Tangaroa",NA,NA,NA
2025-07-16,"13:00","Hamurana (bridge)","1","A",0.1,0.1,1,NA,NA,NA,"10.9",97.6,"2.51","0.42","Korekore-piri-ki-ngā-Tangaroa",NA,NA,NA
2025-07-16,"13:00","Hamurana (bridge)","2","A",0.1,1.88,0.05,NA,NA,NA,"10.9",97.6,"2.51","0.42","Korekore-piri-ki-ngā-Tangaroa",NA,NA,NA
2025-07-16,"13:00","Hamurana (bridge)","3","A",0.1,0,0,NA,NA,NA,"10.9",97.6,"2.51","0.42","Korekore-piri-ki-ngā-Tangaroa",NA,NA,NA
2025-07-16,"13:12","Hamurana (West)","1","A",0.1,0.7,0.14,NA,NA,NA,"11",98.5,"1.26","0.31","Korekore-piri-ki-ngā-Tangaroa",NA,NA,NA
2025-07-16,"13:12","Hamurana (West)","2","A",0.1,0,0,NA,NA,NA,"11",98.5,"1.26","0.31","Korekore-piri-ki-ngā-Tangaroa",NA,NA,NA
2025-07-16,"13:12","Hamurana (West)","3","A",0.1,1.59,0.06,NA,NA,NA,"11",98.5,"1.26","0.31","Korekore-piri-ki-ngā-Tangaroa",NA,NA,NA
2025-07-16,"13:35","Awahou (Tarimano)","1","A",0.1,1.73,0.05,NA,NA,NA,"12.5",94.4,"0.51","0.05","Korekore-piri-ki-ngā-Tangaroa",NA,NA,NA
2025-07-16,"13:35","Awahou (Tarimano)","2","A",0.1,0.15,0.66,NA,NA,NA,"12.5",94.4,"0.51","0.05","Korekore-piri-ki-ngā-Tangaroa",NA,NA,NA
2025-07-16,"13:35","Awahou (Tarimano)","3","A",0.1,2.52,0.03,NA,NA,NA,"12.5",94.4,"0.51","0.05","Korekore-piri-ki-ngā-Tangaroa",NA,NA,NA
2025-07-16,"13:50","Ngongotaha","1","A",0.1,2.13,0.04,NA,NA,NA,"11.7",98.9,"1.21","0.55","Korekore-piri-ki-ngā-Tangaroa",NA,NA,NA
2025-07-16,"13:50","Ngongotaha","2","A",0.1,0.15,0.66,NA,NA,NA,"11.7",98.9,"1.21","0.55","Korekore-piri-ki-ngā-Tangaroa",NA,NA,NA
2025-07-16,"13:50","Ngongotaha","3","A",0.1,1.78,0.05,NA,NA,NA,"11.7",98.9,"1.21","0.55","Korekore-piri-ki-ngā-Tangaroa",NA,NA,NA
2025-07-16,"14:53","Te Koutu","1","A",0.1,0,0,NA,NA,NA,"12",97.6,"2.42","0.65","Korekore-piri-ki-ngā-Tangaroa",NA,NA,NA
2025-07-16,"14:53","Te Koutu","2","A",0.1,0,0,NA,NA,NA,"12",97.6,"2.42","0.65","Korekore-piri-ki-ngā-Tangaroa",NA,NA,NA
2025-07-16,"14:53","Te Koutu","3","A",0.1,0,0,NA,NA,NA,"12",97.6,"2.42","0.65","Korekore-piri-ki-ngā-Tangaroa",NA,NA,NA
2025-07-16,"14:15","Lake Front","1","A",0.1,1.49,0.06,NA,NA,NA,"13.7",93.4,"2.43","0.16","Korekore-piri-ki-ngā-Tangaroa",NA,NA,NA
2025-07-16,"14:15","Lake Front","2","A",0.1,1.49,0.06,NA,NA,NA,"13.7",93.4,"2.43","0.16","Korekore-piri-ki-ngā-Tangaroa",NA,NA,NA
2025-07-16,"14:15","Lake Front","3","A",0.1,0.6,0.16,NA,NA,NA,"13.7",93.4,"2.43","0.16","Korekore-piri-ki-ngā-Tangaroa",NA,NA,NA
2025-07-18,"11:00","Hannah's Bay","1","A",0.1,0,0,NA,NA,NA,"11",87.4,"3.6","0.33","Tangaroa-ā-roto","Overcast","Light wave action",NA
2025-07-18,"11:00","Hannah's Bay","2","A",0.1,0,0,NA,NA,NA,"11",87.4,"3.6","0.33","Tangaroa-ā-roto","Overcast","Light wave action",NA
2025-07-18,"11:00","Hannah's Bay","3","A",0.1,0,0,NA,NA,NA,"11",87.4,"3.6","0.33","Tangaroa-ā-roto","Overcast","Light wave action",NA
2025-07-18,"11:20","Te Pōhue","1","A",0.1,0.5,0.2,NA,NA,NA,"10.4",93.5,"7.09","0.81","Tangaroa-ā-roto",NA,"Moderate wave action",NA
2025-07-18,"11:20","Te Pōhue","2","A",0.1,0.95,0.1,NA,NA,NA,"10.4",93.5,"7.09","0.81","Tangaroa-ā-roto",NA,"Moderate wave action",NA
2025-07-18,"11:20","Te Pōhue","3","A",0.1,0.7,0.14,NA,NA,NA,"10.4",93.5,"7.09","0.81","Tangaroa-ā-roto",NA,"Moderate wave action",NA
2025-07-18,"11:45","Ohau Channel","1","A",0.1,1.49,0.05,NA,NA,NA,"9.7",97.2,"12.32","6.1","Tangaroa-ā-roto",NA,"High wave action",NA
2025-07-18,"11:45","Ohau Channel","2","A",0.1,0,0,NA,NA,NA,"9.7",97.2,"12.32","6.1","Tangaroa-ā-roto",NA,"High wave action",NA
2025-07-18,"11:45","Ohau Channel","3","A",0.1,8.57,0.14,NA,NA,NA,"9.7",97.2,"12.32","6.1","Tangaroa-ā-roto",NA,"High wave action",NA
2025-07-18,"12:00","Hamurana (East)","1","A",0.1,0,0,NA,NA,NA,"10",97.5,"7.89","2.55","Tangaroa-ā-roto",NA,"Moderate wave action",NA
2025-07-18,"12:00","Hamurana (East)","2","A",0.1,0,0,NA,NA,NA,"10",97.5,"7.89","2.55","Tangaroa-ā-roto",NA,"Moderate wave action",NA
2025-07-18,"12:00","Hamurana (East)","3","A",0.1,0.05,2,NA,NA,NA,"10",97.5,"7.89","2.55","Tangaroa-ā-roto",NA,"Moderate wave action",NA
2025-07-18,"12:30","Hamurana (bridge)","1","A",0.1,3.15,0.03,NA,NA,NA,"9.4",97.1,"17.28","3.76","Tangaroa-ā-roto",NA,"Moderate wave action",NA
2025-07-18,"12:30","Hamurana (bridge)","2","A",0.1,2.95,0.03,NA,NA,NA,"9.4",97.1,"17.28","3.76","Tangaroa-ā-roto",NA,"Moderate wave action",NA
2025-07-18,"12:30","Hamurana (bridge)","3","A",0.1,2.95,0.03,NA,NA,NA,"9.4",97.1,"17.28","3.76","Tangaroa-ā-roto",NA,"Moderate wave action",NA
2025-07-18,"12:45","Hamurana (West)","1","A",0.1,1,0.1,NA,NA,NA,"9.8",94.7,"14.39","2.78","Tangaroa-ā-roto",NA,"Moderate wave action",NA
2025-07-18,"12:45","Hamurana (West)","2","A",0.1,1.04,0.09,NA,NA,NA,"9.8",94.7,"14.39","2.78","Tangaroa-ā-roto",NA,"Moderate wave action",NA
2025-07-18,"12:45","Hamurana (West)","3","A",0.1,2.72,0.03,NA,NA,NA,"9.8",94.7,"14.39","2.78","Tangaroa-ā-roto",NA,"Moderate wave action",NA
2025-07-18,"13:00","Awahou (Tarimano)","1","A",0.1,0.2,0.5,NA,NA,NA,"9.6",96.6,"95.26","1.14","Tangaroa-ā-roto",NA,"Moderate wave action",NA
2025-07-18,"13:00","Awahou (Tarimano)","2","A",0.1,0.65,0.15,NA,NA,NA,"9.6",96.6,"95.26","1.14","Tangaroa-ā-roto",NA,"Moderate wave action",NA
2025-07-18,"13:00","Awahou (Tarimano)","3","A",0.1,0,0,NA,NA,NA,"9.6",96.6,"95.26","1.14","Tangaroa-ā-roto",NA,"Moderate wave action",NA
2025-07-18,"13:30","Ngongotaha","1","A",0.1,0,0,NA,NA,NA,"9.7",95,"7.23","0.35","Tangaroa-ā-roto",NA,"Moderate wave action",NA
2025-07-18,"13:30","Ngongotaha","2","A",0.1,0,0,NA,NA,NA,"9.7",95,"7.23","0.35","Tangaroa-ā-roto",NA,"Moderate wave action",NA
2025-07-18,"13:30","Ngongotaha","3","A",0.1,0,0,NA,NA,NA,"9.7",95,"7.23","0.35","Tangaroa-ā-roto",NA,"Moderate wave action",NA
2025-07-18,"13:45","Te Koutu","1","A",0.1,0,0,NA,NA,NA,"11",99,"2.04","0.23","Tangaroa-ā-roto",NA,"Moderate wave action",NA
2025-07-18,"13:45","Te Koutu","2","A",0.1,0,0,NA,NA,NA,"11",99,"2.04","0.23","Tangaroa-ā-roto",NA,"Moderate wave action",NA
2025-07-18,"13:45","Te Koutu","3","A",0.1,0,0,NA,NA,NA,"11",99,"2.04","0.23","Tangaroa-ā-roto",NA,"Moderate wave action",NA
2025-07-18,"14:00","Lake Front","1","A",0.1,0,0,NA,NA,NA,"11.8",84.9,"1.49","0.04","Tangaroa-ā-roto",NA,"Light wave action",NA
2025-07-18,"14:00","Lake Front","2","A",0.1,0,0,NA,NA,NA,"11.8",84.9,"1.49","0.04","Tangaroa-ā-roto",NA,"Light wave action",NA
2025-07-18,"14:00","Lake Front","3","A",0.1,0,0,NA,NA,NA,"11.8",84.9,"1.49","0.04","Tangaroa-ā-roto",NA,"Light wave action",NA
2025-07-21,"12:06","Hannah's Bay","1","A",0.1,0,0,NA,NA,NA,"10.6",83.8,"2.04","0.07","Ōrongonui","Clear skies","Flat, clear",NA
2025-07-21,"12:06","Hannah's Bay","2","A",0.1,0,0,NA,NA,NA,"10.6",83.8,"2.04","0.07","Ōrongonui","Clear skies","Flat, clear",NA
2025-07-21,"12:06","Hannah's Bay","3","A",0.1,0,0,NA,NA,NA,"10.6",83.8,"2.04","0.07","Ōrongonui","Clear skies","Flat, clear",NA
2025-07-21,"12:33","Te Pōhue","1","A",0.1,0,0,NA,NA,NA,"10.8",97.4,"2.02","0.08","Ōrongonui",NA,"Moderate wave action, clear",NA
2025-07-21,"12:33","Te Pōhue","2","A",0.1,0.25,0.4,NA,NA,NA,"10.8",97.4,"2.02","0.08","Ōrongonui",NA,"Moderate wave action, clear",NA
2025-07-21,"12:33","Te Pōhue","3","A",0.1,0,0,NA,NA,NA,"10.8",97.4,"2.02","0.08","Ōrongonui",NA,"Moderate wave action, clear",NA
2025-07-21,"12:50","Ohau Channel","1","A",0.1,1.93,0.05,NA,NA,NA,"9.9",96.6,"1.61","0.05","Ōrongonui",NA,"Moderate wave action, hazy",NA
2025-07-21,"12:50","Ohau Channel","2","A",0.1,0.6,0.16,NA,NA,NA,"9.9",96.6,"1.61","0.05","Ōrongonui",NA,"Moderate wave action, hazy",NA
2025-07-21,"12:50","Ohau Channel","3","A",0.1,0.2,0.5,NA,NA,NA,"9.9",96.6,"1.61","0.05","Ōrongonui",NA,"Moderate wave action, hazy",NA
2025-07-21,"13:10","Hamurana (East)","1","A",0.1,2.96,0.03,NA,NA,NA,"9.2",96.9,"18.97","55.41","Ōrongonui",NA,"Light wave action, hazy",NA
2025-07-21,"13:10","Hamurana (East)","2","A",0.1,0.7,0.14,NA,NA,NA,"9.2",96.9,"18.97","55.41","Ōrongonui",NA,"Light wave action, hazy",NA
2025-07-21,"13:10","Hamurana (East)","3","A",0.1,0,0,NA,NA,NA,"9.2",96.9,"18.97","55.41","Ōrongonui",NA,"Light wave action, hazy",NA
2025-07-21,"13:31","Hamurana (bridge)","1","A",0.1,1.24,0.08,NA,NA,NA,"10.3",101.4,"2.9","0.2","Ōrongonui",NA,"Light wave action, murky",NA
2025-07-21,"13:31","Hamurana (bridge)","2","A",0.1,1.29,0.07,NA,NA,NA,"10.3",101.4,"2.9","0.2","Ōrongonui",NA,"Light wave action, murky",NA
2025-07-21,"13:31","Hamurana (bridge)","3","A",0.1,0,0,NA,NA,NA,"10.3",101.4,"2.9","0.2","Ōrongonui",NA,"Light wave action, murky",NA
2025-07-21,"13:45","Hamurana (West)","1","A",0.1,1.88,0.05,NA,NA,NA,"9.2",96.8,"4.99","0.44","Ōrongonui",NA,"Moderate wave action, murky",NA
2025-07-21,"13:45","Hamurana (West)","2","A",0.1,3.11,0.03,NA,NA,NA,"9.2",96.8,"4.99","0.44","Ōrongonui",NA,"Moderate wave action, murky",NA
2025-07-21,"13:45","Hamurana (West)","3","A",0.1,3.05,0.03,NA,NA,NA,"9.2",96.8,"4.99","0.44","Ōrongonui",NA,"Moderate wave action, murky",NA
2025-07-21,"14:03","Awahou (Tarimano)","1","A",0.1,3.5,0.02,NA,NA,NA,"9.8",98.2,"8.7","0.57","Ōrongonui",NA,"High wave action, murky",NA
2025-07-21,"14:03","Awahou (Tarimano)","2","A",0.1,3.55,0.02,NA,NA,NA,"9.8",98.2,"8.7","0.57","Ōrongonui",NA,"High wave action, murky",NA
2025-07-21,"14:03","Awahou (Tarimano)","3","A",0.1,3.26,0.03,NA,NA,NA,"9.8",98.2,"8.7","0.57","Ōrongonui",NA,"High wave action, murky",NA
2025-07-21,"14:25","Ngongotaha","1","A",0.1,2.22,0.04,NA,NA,NA,"10.1",100.1,"5.86","0.27","Ōrongonui",NA,"Moderate wave action, hazy",NA
2025-07-21,"14:25","Ngongotaha","2","A",0.1,2.27,0.04,NA,NA,NA,"10.1",100.1,"5.86","0.27","Ōrongonui",NA,"Moderate wave action, hazy",NA
2025-07-21,"14:25","Ngongotaha","3","A",0.1,2.77,0.03,NA,NA,NA,"10.1",100.1,"5.86","0.27","Ōrongonui",NA,"Moderate wave action, hazy",NA
2025-07-21,"14:49","Te Koutu","1","A",0.1,1.29,0.07,NA,NA,NA,"11.3",102.4,"1.2","0.12","Ōrongonui",NA,"Moderate wave action, hazy",NA
2025-07-21,"14:49","Te Koutu","2","A",0.1,1.49,0.06,NA,NA,NA,"11.3",102.4,"1.2","0.12","Ōrongonui",NA,"Moderate wave action, hazy",NA
2025-07-21,"14:49","Te Koutu","3","A",0.1,1,0.1,NA,NA,NA,"11.3",102.4,"1.2","0.12","Ōrongonui",NA,"Moderate wave action, hazy",NA
2025-07-21,"13:01","Lake Front","1","A",0.1,1.39,0.07,NA,NA,NA,"11.6",91.2,"1.23","0.03","Ōrongonui",NA,"Flat, clear",NA
2025-07-21,"13:01","Lake Front","2","A",0.1,1.39,0.07,NA,NA,NA,"11.6",91.2,"1.23","0.03","Ōrongonui",NA,"Flat, clear",NA
2025-07-21,"13:01","Lake Front","3","A",0.1,0,0,NA,NA,NA,"11.6",91.2,"1.23","0.03","Ōrongonui",NA,"Flat, clear",NA
2025-07-23,NA,"Hannah's Bay","1","A",0.1,2.13,0.04,NA,NA,NA,"10.3",92.3,"1.49","0.08","Ōmutu","Clear skies","flat, clear",NA
2025-07-23,NA,"Hannah's Bay","2","A",0.1,1.44,0.06,NA,NA,NA,"10.3",92.3,"1.49","0.08","Ōmutu","Clear skies","flat, clear",NA
2025-07-23,NA,"Hannah's Bay","3","A",0.1,0.95,0.1,NA,NA,NA,"10.3",92.3,"1.49","0.08","Ōmutu","Clear skies","flat, clear",NA
2025-07-23,NA,"Te Pōhue","1","A",0.1,1.59,0.06,NA,NA,NA,"10.4",96.3,"2.09","0.04","Ōmutu",NA,"light wave action, clear",NA
2025-07-23,NA,"Te Pōhue","2","A",0.1,0.65,0.15,NA,NA,NA,"10.4",96.3,"2.09","0.04","Ōmutu",NA,"light wave action, clear",NA
2025-07-23,NA,"Te Pōhue","3","A",0.1,0.85,0.11,NA,NA,NA,"10.4",96.3,"2.09","0.04","Ōmutu",NA,"light wave action, clear",NA
2025-07-23,NA,"Ohau Channel","1","A",0.1,2.22,0.04,NA,NA,NA,"9.9",98.4,"2.27","0.08","Ōmutu",NA,"light wwave action, clear",NA
2025-07-23,NA,"Ohau Channel","2","A",0.1,1.49,0.06,NA,NA,NA,"9.9",98.4,"2.27","0.08","Ōmutu",NA,"light wwave action, clear",NA
2025-07-23,NA,"Ohau Channel","3","A",0.1,1.59,0.06,NA,NA,NA,"9.9",98.4,"2.27","0.08","Ōmutu",NA,"light wwave action, clear",NA
2025-07-23,NA,"Hamurana (East)","1","A",0.1,17.68,0,NA,NA,NA,"10.8",98.6,"160.7","2.38","Ōmutu",NA,"flat, murky","Lots of lake weed wash up and ststirred sediment etc"
2025-07-23,NA,"Hamurana (East)","2","A",0.1,3.7,0.02,NA,NA,NA,"10.8",98.6,"160.7","2.38","Ōmutu",NA,"flat, murky",NA
2025-07-23,NA,"Hamurana (East)","3","A",0.1,7.09,0.01,NA,NA,NA,"10.8",98.6,"160.7","2.38","Ōmutu",NA,"flat, murky",NA
2025-07-23,NA,"Hamurana (bridge)","1","A",0.1,1.49,0.06,NA,NA,NA,"9.2",101.7,"2.68","0.31","Ōmutu",NA,"flat. hazy",NA
2025-07-23,NA,"Hamurana (bridge)","2","A",0.1,1.73,0.05,NA,NA,NA,"9.2",101.7,"2.68","0.31","Ōmutu",NA,"flat. hazy",NA
2025-07-23,NA,"Hamurana (bridge)","3","A",0.1,1.29,0.07,NA,NA,NA,"9.2",101.7,"2.68","0.31","Ōmutu",NA,"flat. hazy",NA
2025-07-23,NA,"Hamurana (West)","1","A",0.1,1.88,0.05,NA,NA,NA,"8.9",99.6,"2.84","0.3","Ōmutu",NA,"ripples, hazy",NA
2025-07-23,NA,"Hamurana (West)","2","A",0.1,1.59,0.06,NA,NA,NA,"8.9",99.6,"2.84","0.3","Ōmutu",NA,"ripples, hazy",NA
2025-07-23,NA,"Hamurana (West)","3","A",0.1,0.9,0.11,NA,NA,NA,"8.9",99.6,"2.84","0.3","Ōmutu",NA,"ripples, hazy",NA
2025-07-23,NA,"Awahou (Tarimano)","1","A",0.1,2.13,0.04,NA,NA,NA,"9.6",100.7,"1.8","0.35","Ōmutu",NA,"flat, clear",NA
2025-07-23,NA,"Awahou (Tarimano)","2","A",0.1,0.4,0.25,NA,NA,NA,"9.6",100.7,"1.8","0.35","Ōmutu",NA,"flat, clear",NA
2025-07-23,NA,"Awahou (Tarimano)","3","A",0.1,2.08,0.04,NA,NA,NA,"9.6",100.7,"1.8","0.35","Ōmutu",NA,"flat, clear",NA
2025-07-23,NA,"Ngongotaha","1","A",0.1,0,0,NA,NA,NA,"9.9",100.2,"1.22","0.12","Ōmutu",NA,"flat, clear",NA
2025-07-23,NA,"Ngongotaha","2","A",0.1,0,0,NA,NA,NA,"9.9",100.2,"1.22","0.12","Ōmutu",NA,"flat, clear",NA
2025-07-23,NA,"Ngongotaha","3","A",0.1,0,0,NA,NA,NA,"9.9",100.2,"1.22","0.12","Ōmutu",NA,"flat, clear",NA
2025-07-23,NA,"Te Koutu","1","A",0.1,0.35,0.28,NA,NA,NA,"11.6",102.2,"0.86","0.03","Ōmutu",NA,"light wave action, clear",NA
2025-07-23,NA,"Te Koutu","2","A",0.1,0,0,NA,NA,NA,"11.6",102.2,"0.86","0.03","Ōmutu",NA,"light wave action, clear",NA
2025-07-23,NA,"Te Koutu","3","A",0.1,0,0,NA,NA,NA,"11.6",102.2,"0.86","0.03","Ōmutu",NA,"light wave action, clear",NA
2025-07-23,NA,"Lake Front","1","A",0.1,0,0,NA,NA,NA,"11.4",93.2,"0.99","0.02","Ōmutu",NA,"flat, clear",NA
2025-07-23,NA,"Lake Front","2","A",0.1,0,0,NA,NA,NA,"11.4",93.2,"0.99","0.02","Ōmutu",NA,"flat, clear",NA
2025-07-23,NA,"Lake Front","3","A",0.1,0,0,NA,NA,NA,"11.4",93.2,"0.99","0.02","Ōmutu",NA,"flat, clear",NA
2025-07-28,"10:00","Hannah's Bay","1","A",0.1,0,0,NA,NA,NA,"10.8",98.6,"0.85","0.53","Ōuenuku","Clear skies","Ripples",NA
2025-07-28,"10:00","Hannah's Bay","2","A",0.1,0,0,NA,NA,NA,"10.8",98.6,"0.85","0.53","Ōuenuku","Clear skies","Ripples",NA
2025-07-28,"10:00","Hannah's Bay","3","A",0.1,0.2,0.5,NA,NA,NA,"10.8",98.6,"0.85","0.53","Ōuenuku","Clear skies","Ripples",NA
2025-07-28,"10:37","Te Pōhue","1","A",0.1,0,0,NA,NA,NA,"10.7",94,"0.67","0.25","Ōuenuku",NA,NA,NA
2025-07-28,"10:37","Te Pōhue","2","A",0.1,0,0,NA,NA,NA,"10.7",94,"0.67","0.25","Ōuenuku",NA,NA,NA
2025-07-28,"10:37","Te Pōhue","3","A",0.1,0,0,NA,NA,NA,"10.7",94,"0.67","0.25","Ōuenuku",NA,NA,NA
2025-07-28,"11:00","Ohau Channel","1","A",0.1,0.2,0.5,NA,NA,NA,"10.5",97.5,"1.22","0.69","Ōuenuku",NA,NA,NA
2025-07-28,"11:00","Ohau Channel","2","A",0.1,0,0,NA,NA,NA,"10.5",97.5,"1.22","0.69","Ōuenuku",NA,NA,NA
2025-07-28,"11:00","Ohau Channel","3","A",0.1,0,0,NA,NA,NA,"10.5",97.5,"1.22","0.69","Ōuenuku",NA,NA,NA
2025-07-28,"11:15","Hamurana (East)","1","A",0.1,0,0,NA,NA,NA,"10.7",98.3,"1.02","0.61","Ōuenuku",NA,NA,NA
2025-07-28,"11:15","Hamurana (East)","2","A",0.1,0,0,NA,NA,NA,"10.7",98.3,"1.02","0.61","Ōuenuku",NA,NA,NA
2025-07-28,"11:15","Hamurana (East)","3","A",0.1,0,0,NA,NA,NA,"10.7",98.3,"1.02","0.61","Ōuenuku",NA,NA,NA
2025-07-28,"11:33","Hamurana (bridge)","1","A",0.1,0,0,NA,NA,NA,"10.9",104.4,"0.6","0.15","Ōuenuku",NA,NA,NA
2025-07-28,"11:33","Hamurana (bridge)","2","A",0.1,0,0,NA,NA,NA,"10.9",104.4,"0.6","0.15","Ōuenuku",NA,NA,NA
2025-07-28,"11:33","Hamurana (bridge)","3","A",0.1,0,0,NA,NA,NA,"10.9",104.4,"0.6","0.15","Ōuenuku",NA,NA,NA
2025-07-28,"11:41","Hamurana (West)","1","A",0.1,0,0,NA,NA,NA,"11",109.9,"0.55","0.1","Ōuenuku",NA,NA,NA
2025-07-28,"11:41","Hamurana (West)","2","A",0.1,0,0,NA,NA,NA,"11",109.9,"0.55","0.1","Ōuenuku",NA,NA,NA
2025-07-28,"11:41","Hamurana (West)","3","A",0.1,0,0,NA,NA,NA,"11",109.9,"0.55","0.1","Ōuenuku",NA,NA,NA
2025-07-28,"12:00","Awahou (Tarimano)","1","A",0.1,0,0,NA,NA,NA,"12.3",100.3,"0.81","0.08","Ōuenuku",NA,NA,NA
2025-07-28,"12:00","Awahou (Tarimano)","2","A",0.1,0,0,NA,NA,NA,"12.3",100.3,"0.81","0.08","Ōuenuku",NA,NA,NA
2025-07-28,"12:00","Awahou (Tarimano)","3","A",0.1,0,0,NA,NA,NA,"12.3",100.3,"0.81","0.08","Ōuenuku",NA,NA,NA
2025-07-28,"12:31","Ngongotaha","1","A",0.1,0,0,NA,NA,NA,"10.9",98.7,"4.06","0.37","Ōuenuku",NA,NA,NA
2025-07-28,"12:31","Ngongotaha","2","A",0.1,0,0,NA,NA,NA,"10.9",98.7,"4.06","0.37","Ōuenuku",NA,NA,NA
2025-07-28,"12:31","Ngongotaha","3","A",0.1,0.55,0.18,NA,NA,NA,"10.9",98.7,"4.06","0.37","Ōuenuku",NA,NA,NA
2025-07-28,"12:42","Te Koutu","1","A",0.1,0.55,0.18,NA,NA,NA,"10.7",103.8,"7.49","1.21","Ōuenuku",NA,NA,NA
2025-07-28,"12:42","Te Koutu","2","A",0.1,0,0,NA,NA,NA,"10.7",103.8,"7.49","1.21","Ōuenuku",NA,NA,NA
2025-07-28,"12:42","Te Koutu","3","A",0.1,0.15,0.66,NA,NA,NA,"10.7",103.8,"7.49","1.21","Ōuenuku",NA,NA,NA
2025-07-28,"13:00","Lake Front","1","A",0.1,1.39,0.07,NA,NA,NA,"13.2",85.6,"30.49","2.15","Ōuenuku",NA,NA,NA
2025-07-28,"13:00","Lake Front","2","A",0.1,1.83,0.05,NA,NA,NA,"13.2",85.6,"30.49","2.15","Ōuenuku",NA,NA,NA
2025-07-28,"13:00","Lake Front","3","A",0.1,0.8,0.12,NA,NA,NA,"13.2",85.6,"30.49","2.15","Ōuenuku",NA,NA,NA
2025-07-31,NA,"Hannah's Bay","1","A",0.1,0,0,NA,NA,NA,"12",94,"3.05","2.04","Tamateangana","Blue skies, partly cloudy.","flat, murky","Sampling after heavy rains"
2025-07-31,NA,"Hannah's Bay","2","A",0.1,0,0,NA,NA,NA,"12",94,"3.05","2.04","Tamateangana","Blue skies, partly cloudy.","flat, murky",NA
2025-07-31,NA,"Hannah's Bay","3","A",0.1,0,0,NA,NA,NA,"12",94,"3.05","2.04","Tamateangana","Blue skies, partly cloudy.","flat, murky",NA
2025-07-31,NA,"Te Pōhue","1","A",0.1,0,0,NA,NA,NA,"13.3",93.5,"4.09","0.31","Tamateangana",NA,"light wave action, murky",NA
2025-07-31,NA,"Te Pōhue","2","A",0.1,0,0,NA,NA,NA,"13.3",93.5,"4.09","0.31","Tamateangana",NA,"light wave action, murky",NA
2025-07-31,NA,"Te Pōhue","3","A",0.1,0,0,NA,NA,NA,"13.3",93.5,"4.09","0.31","Tamateangana",NA,"light wave action, murky",NA
2025-07-31,NA,"Ohau Channel","1","A",0.1,0,0,NA,NA,NA,"12.5",99.7,"1.27","0.25","Tamateangana",NA,"light wave action, hazy",NA
2025-07-31,NA,"Ohau Channel","2","A",0.1,0,0,NA,NA,NA,"12.5",99.7,"1.27","0.25","Tamateangana",NA,"light wave action, hazy",NA
2025-07-31,NA,"Ohau Channel","3","A",0.1,0,0,NA,NA,NA,"12.5",99.7,"1.27","0.25","Tamateangana",NA,"light wave action, hazy",NA
2025-07-31,NA,"Hamurana (East)","1","A",0.1,0,0,NA,NA,NA,"12.8",92.1,"3.01","0.46","Tamateangana",NA,"flat, murky",NA
2025-07-31,NA,"Hamurana (East)","2","A",0.1,0,0,NA,NA,NA,"12.8",92.1,"3.01","0.46","Tamateangana",NA,"flat, murky",NA
2025-07-31,NA,"Hamurana (East)","3","A",0.1,0,0,NA,NA,NA,"12.8",92.1,"3.01","0.46","Tamateangana",NA,"flat, murky",NA
2025-07-31,NA,"Hamurana (bridge)","1","A",0.1,0,0,NA,NA,NA,"12.3",102.2,"1.11","0.25","Tamateangana",NA,"light wave action, murky",NA
2025-07-31,NA,"Hamurana (bridge)","2","A",0.1,0,0,NA,NA,NA,"12.3",102.2,"1.11","0.25","Tamateangana",NA,"light wave action, murky",NA
2025-07-31,NA,"Hamurana (bridge)","3","A",0.1,0,0,NA,NA,NA,"12.3",102.2,"1.11","0.25","Tamateangana",NA,"light wave action, murky",NA
2025-07-31,NA,"Hamurana (West)","1","A",0.1,0,0,NA,NA,NA,"11.7",94.5,"1.12","0.35","Tamateangana",NA,"light wave action, murky",NA
2025-07-31,NA,"Hamurana (West)","2","A",0.1,0,0,NA,NA,NA,"11.7",94.5,"1.12","0.35","Tamateangana",NA,"light wave action, murky",NA
2025-07-31,NA,"Hamurana (West)","3","A",0.1,0,0,NA,NA,NA,"11.7",94.5,"1.12","0.35","Tamateangana",NA,"light wave action, murky",NA
2025-07-31,NA,"Awahou (Tarimano)","1","A",0.1,0,0,NA,NA,NA,"12.2",92.5,"1.92","0.28","Tamateangana",NA,"light wave action, hazy",NA
2025-07-31,NA,"Awahou (Tarimano)","2","A",0.1,0,0,NA,NA,NA,"12.2",92.5,"1.92","0.28","Tamateangana",NA,"light wave action, hazy",NA
2025-07-31,NA,"Awahou (Tarimano)","3","A",0.1,0,0,NA,NA,NA,"12.2",92.5,"1.92","0.28","Tamateangana",NA,"light wave action, hazy",NA
2025-07-31,NA,"Ngongotaha","1","A",0.1,0,0,NA,NA,NA,"11.2",91.5,"5.43","0.73","Tamateangana",NA,"flat, murky",NA
2025-07-31,NA,"Ngongotaha","2","A",0.1,0,0,NA,NA,NA,"11.2",91.5,"5.43","0.73","Tamateangana",NA,"flat, murky",NA
2025-07-31,NA,"Ngongotaha","3","A",0.1,0,0,NA,NA,NA,"11.2",91.5,"5.43","0.73","Tamateangana",NA,"flat, murky",NA
2025-07-31,NA,"Te Koutu","1","A",0.1,0,0,NA,NA,NA,"12",90.2,"6.84","0.79","Tamateangana",NA,"flat, murky",NA
2025-07-31,NA,"Te Koutu","2","A",0.1,0,0,NA,NA,NA,"12",90.2,"6.84","0.79","Tamateangana",NA,"flat, murky",NA
2025-07-31,NA,"Te Koutu","3","A",0.1,0,0,NA,NA,NA,"12",90.2,"6.84","0.79","Tamateangana",NA,"flat, murky",NA
2025-07-31,NA,"Lake Front","1","A",0.1,0,0,NA,NA,NA,"13.9",88.8,"10.12","0.96","Tamateangana",NA,"flat, murky",NA
2025-07-31,NA,"Lake Front","2","A",0.1,0,0,NA,NA,NA,"13.9",88.8,"10.12","0.96","Tamateangana",NA,"flat, murky",NA
2025-07-31,NA,"Lake Front","3","A",0.1,0,0,NA,NA,NA,"13.9",88.8,"10.12","0.96","Tamateangana",NA,"flat, murky",NA
2025-08-01,"12:00","Hannah's Bay","1","A",0.1,0,0,NA,NA,NA,"11.6",98.2,"1.71","0.36","Tamateaaio","Blue skies, high winds","High wave action, hazy",NA
2025-08-01,"12:00","Hannah's Bay","2","A",0.1,0,0,NA,NA,NA,"11.6",98.2,"1.71","0.36","Tamateaaio","Blue skies, high winds","High wave action, hazy",NA
2025-08-01,"12:00","Hannah's Bay","3","A",0.1,0,0,NA,NA,NA,"11.6",98.2,"1.71","0.36","Tamateaaio","Blue skies, high winds","High wave action, hazy",NA
2025-08-01,"12:29","Te Pōhue","1","A",0.1,0,0,NA,NA,NA,"11.8",94,"5.06","0.18","Tamateaaio",NA,"high wave action, murky",NA
2025-08-01,"12:29","Te Pōhue","2","A",0.1,0,0,NA,NA,NA,"11.8",94,"5.06","0.18","Tamateaaio",NA,"high wave action, murky",NA
2025-08-01,"12:29","Te Pōhue","3","A",0.1,0,0,NA,NA,NA,"11.8",94,"5.06","0.18","Tamateaaio",NA,"high wave action, murky",NA
2025-08-01,"12:44","Ohau Channel","1","A",24.86,0.45,55.24,NA,NA,NA,"11.1",97.9,"4.69","0.23","Tamateaaio",NA,"high wave action, murky",NA
2025-08-01,"12:44","Ohau Channel","2","A",16.26,0,0,NA,NA,NA,"11.1",97.9,"4.69","0.23","Tamateaaio",NA,"high wave action, murky",NA
2025-08-01,"12:44","Ohau Channel","3","A",0.1,0.45,0.22,NA,NA,NA,"11.1",97.9,"4.69","0.23","Tamateaaio",NA,"high wave action, murky",NA
2025-08-01,"13:06","Hamurana (East)","1","A",28.78,1.29,22.31,NA,NA,NA,"10.7",95.8,"14.83","0.6","Tamateaaio",NA,"high wave action, murky",NA
2025-08-01,"13:06","Hamurana (East)","2","A",0.1,1.39,0.07,NA,NA,NA,"10.7",95.8,"14.83","0.6","Tamateaaio",NA,"high wave action, murky",NA
2025-08-01,"13:06","Hamurana (East)","3","A",0.1,0.5,0.2,NA,NA,NA,"10.7",95.8,"14.83","0.6","Tamateaaio",NA,"high wave action, murky",NA
2025-08-01,"13:24","Hamurana (bridge)","1","A",0.1,1.63,0.06,NA,NA,NA,"10.9",97.3,"8.4","1.33","Tamateaaio",NA,"moderate wave action, murky",NA
2025-08-01,"13:24","Hamurana (bridge)","2","A",0.1,2.03,0.04,NA,NA,NA,"10.9",97.3,"8.4","1.33","Tamateaaio",NA,"moderate wave action, murky",NA
2025-08-01,"13:24","Hamurana (bridge)","3","A",0.1,2.86,0.03,NA,NA,NA,"10.9",97.3,"8.4","1.33","Tamateaaio",NA,"moderate wave action, murky",NA
2025-08-01,"13:32","Hamurana (West)","1","A",0.1,4.19,0.02,NA,NA,NA,"10.7",96.7,"46.47","2.46","Tamateaaio",NA,"moderate wave action, murky",NA
2025-08-01,"13:32","Hamurana (West)","2","A",0.1,3.85,0.02,NA,NA,NA,"10.7",96.7,"46.47","2.46","Tamateaaio",NA,"moderate wave action, murky",NA
2025-08-01,"13:32","Hamurana (West)","3","A",0.1,2.6,0.02,NA,NA,NA,"10.7",96.7,"46.47","2.46","Tamateaaio",NA,"moderate wave action, murky",NA
2025-08-01,"13:50","Awahou (Tarimano)","1","A",0.1,3.85,0.02,NA,NA,NA,"11",100,"38.33","0.33","Tamateaaio",NA,"high wave action, murky",NA
2025-08-01,"13:50","Awahou (Tarimano)","2","A",3.25,4.59,0.7,NA,NA,NA,"11",100,"38.33","0.33","Tamateaaio",NA,"high wave action, murky",NA
2025-08-01,"13:50","Awahou (Tarimano)","3","A",8.5,4.83,1.75,NA,NA,NA,"11",100,"38.33","0.33","Tamateaaio",NA,"high wave action, murky",NA
2025-08-01,"14:08","Ngongotaha","1","A",8.5,3.06,2.77,NA,NA,NA,"11.5",96.2,"19.7","0.55","Tamateaaio",NA,"high wave action, murky",NA
2025-08-01,"14:08","Ngongotaha","2","A",17.82,2.72,5.55,NA,NA,NA,"11.5",96.2,"19.7","0.55","Tamateaaio",NA,"high wave action, murky",NA
2025-08-01,"14:08","Ngongotaha","3","A",323.44,3.45,93.75,NA,NA,NA,"11.5",96.2,"19.7","0.55","Tamateaaio",NA,"high wave action, murky",NA
2025-08-01,"14:22","Te Koutu","1","A",0.1,3.36,0.02,NA,NA,NA,"12",100.2,"15.93","2.11","Tamateaaio",NA,"high wave action, murky",NA
2025-08-01,"14:22","Te Koutu","2","A",0.1,3.21,0.03,NA,NA,NA,"12",100.2,"15.93","2.11","Tamateaaio",NA,"high wave action, murky",NA
2025-08-01,"14:22","Te Koutu","3","A",0.1,3.8,0.02,NA,NA,NA,"12",100.2,"15.93","2.11","Tamateaaio",NA,"high wave action, murky",NA
2025-08-01,"14:42","Lake Front","1","A",0.1,1.98,0.05,NA,NA,NA,"13",92.9,"7.11","0.57","Tamateaaio",NA,"moderate wave action, murky",NA
2025-08-01,"14:42","Lake Front","2","A",0.1,1.63,0.06,NA,NA,NA,"13",92.9,"7.11","0.57","Tamateaaio",NA,"moderate wave action, murky",NA
2025-08-01,"14:42","Lake Front","3","A",0.1,1.54,0.06,NA,NA,NA,"13",92.9,"7.11","0.57","Tamateaaio",NA,"moderate wave action, murky",NA
2025-08-04,"12:00","Hannah's Bay","1","A",0.1,0,0,NA,NA,NA,"10.3",92.3,"2.6","0.27","Arimatanui","Cloudy, light winds","flat, hazy",NA
2025-08-04,"12:00","Hannah's Bay","2","A",0.1,0,0,NA,NA,NA,"10.3",92.3,"2.6","0.27","Arimatanui","Cloudy, light winds","flat, hazy",NA
2025-08-04,"12:00","Hannah's Bay","3","A",0.1,0,0,NA,NA,NA,"10.3",92.3,"2.6","0.27","Arimatanui","Cloudy, light winds","flat, hazy",NA
2025-08-04,"12:27","Te Pōhue","1","A",22.52,22.22,10.14,NA,NA,NA,"10.5",88.8,"1.57","0.14","Arimatanui",NA,"ripples, clear",NA
2025-08-04,"12:27","Te Pōhue","2","A",0.1,0.05,2,NA,NA,NA,"10.5",88.8,"1.57","0.14","Arimatanui",NA,"ripples, clear",NA
2025-08-04,"12:27","Te Pōhue","3","A",0.1,0,0,NA,NA,NA,"10.5",88.8,"1.57","0.14","Arimatanui",NA,"ripples, clear",NA
2025-08-04,"12:57","Ohau Channel","1","A",0.1,0.5,0.2,NA,NA,NA,"10.3",97,"1.34","0.11","Arimatanui",NA,"light wave action, clear",NA
2025-08-04,"12:57","Ohau Channel","2","A",0.1,0.75,0.13,NA,NA,NA,"10.3",97,"1.34","0.11","Arimatanui",NA,"light wave action, clear",NA
2025-08-04,"12:57","Ohau Channel","3","A",0.1,0,0,NA,NA,NA,"10.3",97,"1.34","0.11","Arimatanui",NA,"light wave action, clear",NA
2025-08-04,"13:15","Hamurana (East)","1","A",0.1,1.59,0.06,NA,NA,NA,"11.3",95.9,"23","0.71","Arimatanui",NA,"light wave action, hazy",NA
2025-08-04,"13:15","Hamurana (East)","2","A",0.1,0.4,0.25,NA,NA,NA,"11.3",95.9,"23","0.71","Arimatanui",NA,"light wave action, hazy",NA
2025-08-04,"13:15","Hamurana (East)","3","A",0.1,0,0,NA,NA,NA,"11.3",95.9,"23","0.71","Arimatanui",NA,"light wave action, hazy",NA
2025-08-04,"13:43","Hamurana (bridge)","1","A",0.1,0,0,NA,NA,NA,"10.3",101.9,"2.03","0.25","Arimatanui",NA,"moderate wave action, murky",NA
2025-08-04,"13:43","Hamurana (bridge)","2","A",0.1,0,0,NA,NA,NA,"10.3",101.9,"2.03","0.25","Arimatanui",NA,"moderate wave action, murky",NA
2025-08-04,"13:43","Hamurana (bridge)","3","A",0.1,0,0,NA,NA,NA,"10.3",101.9,"2.03","0.25","Arimatanui",NA,"moderate wave action, murky",NA
2025-08-04,"14:04","Hamurana (West)","1","A",0.1,0,0,NA,NA,NA,"9.6",102.1,"11.91","0.71","Arimatanui",NA,"moderate wave action, murky",NA
2025-08-04,"14:04","Hamurana (West)","2","A",0.1,0.3,0.33,NA,NA,NA,"9.6",102.1,"11.91","0.71","Arimatanui",NA,"moderate wave action, murky",NA
2025-08-04,"14:04","Hamurana (West)","3","A",0.1,0,0,NA,NA,NA,"9.6",102.1,"11.91","0.71","Arimatanui",NA,"moderate wave action, murky",NA
2025-08-04,"14:20","Awahou (Tarimano)","1","A",0.1,0,0,NA,NA,NA,"10.1",99.9,"4.45","0.21","Arimatanui",NA,"moderate wave action, murky",NA
2025-08-04,"14:20","Awahou (Tarimano)","2","A",0.1,0,0,NA,NA,NA,"10.1",99.9,"4.45","0.21","Arimatanui",NA,"moderate wave action, murky",NA
2025-08-04,"14:20","Awahou (Tarimano)","3","A",0.1,0,0,NA,NA,NA,"10.1",99.9,"4.45","0.21","Arimatanui",NA,"moderate wave action, murky",NA
2025-08-04,"14:35","Ngongotaha","1","A",0.1,0,0,NA,NA,NA,"10.6",97.5,"13.45","0.41","Arimatanui",NA,"light wave action, hazy",NA
2025-08-04,"14:35","Ngongotaha","2","A",0.1,0,0,NA,NA,NA,"10.6",97.5,"13.45","0.41","Arimatanui",NA,"light wave action, hazy",NA
2025-08-04,"14:35","Ngongotaha","3","A",0.1,0,0,NA,NA,NA,"10.6",97.5,"13.45","0.41","Arimatanui",NA,"light wave action, hazy",NA
2025-08-04,"14:48","Te Koutu","1","A",0.1,0,0,NA,NA,NA,"11.1",101.4,"3.43","0.32","Arimatanui",NA,"light wave action, clear",NA
2025-08-04,"14:48","Te Koutu","2","A",0.1,0,0,NA,NA,NA,"11.1",101.4,"3.43","0.32","Arimatanui",NA,"light wave action, clear",NA
2025-08-04,"14:48","Te Koutu","3","A",0.1,0,0,NA,NA,NA,"11.1",101.4,"3.43","0.32","Arimatanui",NA,"light wave action, clear",NA
2025-08-04,"15:00","Lake Front","1","A",0.1,0,0,NA,NA,NA,"11.3",94.7,"1.47","0.07","Arimatanui",NA,"flat, hazy",NA
2025-08-04,"15:00","Lake Front","2","A",0.1,0,0,NA,NA,NA,"11.3",94.7,"1.47","0.07","Arimatanui",NA,"flat, hazy",NA
2025-08-04,"15:00","Lake Front","3","A",0.1,0,0,NA,NA,NA,"11.3",94.7,"1.47","0.07","Arimatanui",NA,"flat, hazy",NA
2025-08-06,"12:03","Hannah's Bay","1","A",0.1,0,0,NA,NA,NA,"10.2",97.2,"1.93","0.2","Atuahaehae","Cloudy","Light wave action, hazy","Sensor unscrewed from probe, couldn't open chamber to rescrew and fix so was advised to not use it until fixed!"
2025-08-06,"12:03","Hannah's Bay","2","A",0.1,0,0,NA,NA,NA,"10.2",97.2,"1.93","0.2","Atuahaehae","Cloudy","Light wave action, hazy",NA
2025-08-06,"12:03","Hannah's Bay","3","A",0.1,0,0,NA,NA,NA,"10.2",97.2,"1.93","0.2","Atuahaehae","Cloudy","Light wave action, hazy",NA
2025-08-06,"12:31","Te Pōhue","1","A",0.25,0.9,6.94,NA,NA,NA,"10.9",87.7,"2.36","0.12","Atuahaehae",NA,"light wave action, clear",NA
2025-08-06,"12:31","Te Pōhue","2","A",0.1,0.5,0.2,NA,NA,NA,"10.9",87.7,"2.36","0.12","Atuahaehae",NA,"light wave action, clear",NA
2025-08-06,"12:31","Te Pōhue","3","A",0.1,0.1,1,NA,NA,NA,"10.9",87.7,"2.36","0.12","Atuahaehae",NA,"light wave action, clear",NA
2025-08-06,"12:58","Ohau Channel","1","A",22.52,0.65,34.64,NA,NA,NA,"10.6",97.6,"0.92","0.08","Atuahaehae",NA,"moderate wave action, clear",NA
2025-08-06,"12:58","Ohau Channel","2","A",0.1,0.15,0.66,NA,NA,NA,"10.6",97.6,"0.92","0.08","Atuahaehae",NA,"moderate wave action, clear",NA
2025-08-06,"12:58","Ohau Channel","3","A",0.1,0,0,NA,NA,NA,"10.6",97.6,"0.92","0.08","Atuahaehae",NA,"moderate wave action, clear",NA
2025-08-06,"13:16","Hamurana (East)","1","A",0.1,0.3,0.33,NA,NA,NA,"11",98.2,"5.42","0.44","Atuahaehae",NA,"high wave action, murky",NA
2025-08-06,"13:16","Hamurana (East)","2","A",0.1,0,0,NA,NA,NA,"11",98.2,"5.42","0.44","Atuahaehae",NA,"high wave action, murky",NA
2025-08-06,"13:16","Hamurana (East)","3","A",3.25,0,0,NA,NA,NA,"11",98.2,"5.42","0.44","Atuahaehae",NA,"high wave action, murky",NA
2025-08-06,"13:29","Hamurana (bridge)","1","A",0.1,0,0,NA,NA,NA,"10.8",97.7,"1.95","0.15","Atuahaehae",NA,"High wave action, murky",NA
2025-08-06,"13:29","Hamurana (bridge)","2","A",0.1,0,0,NA,NA,NA,"10.8",97.7,"1.95","0.15","Atuahaehae",NA,"High wave action, murky",NA
2025-08-06,"13:29","Hamurana (bridge)","3","A",0.1,0,0,NA,NA,NA,"10.8",97.7,"1.95","0.15","Atuahaehae",NA,"High wave action, murky",NA
2025-08-06,"13:38","Hamurana (West)","1","A",0.1,0,0,NA,NA,NA,"10.5",105.4,"1.15","0.11","Atuahaehae",NA,"High wave action, murky",NA
2025-08-06,"13:38","Hamurana (West)","2","A",0.1,0,0,NA,NA,NA,"10.5",105.4,"1.15","0.11","Atuahaehae",NA,"High wave action, murky",NA
2025-08-06,"13:38","Hamurana (West)","3","A",0.1,0,0,NA,NA,NA,"10.5",105.4,"1.15","0.11","Atuahaehae",NA,"High wave action, murky",NA
2025-08-06,"14:01","Awahou (Tarimano)","1","A",0.1,0,0,NA,NA,NA,NA,NA,NA,NA,"Atuahaehae",NA,"moderate wave action, murky",NA
2025-08-06,"14:01","Awahou (Tarimano)","2","A",0.1,0,0,NA,NA,NA,NA,NA,NA,NA,"Atuahaehae",NA,"moderate wave action, murky",NA
2025-08-06,"14:01","Awahou (Tarimano)","3","A",0.1,0,0,NA,NA,NA,NA,NA,NA,NA,"Atuahaehae",NA,"moderate wave action, murky",NA
2025-08-06,"14:19","Ngongotaha","1","A",0.1,0,0,NA,NA,NA,NA,NA,NA,NA,"Atuahaehae",NA,"light wave action, clear",NA
2025-08-06,"14:19","Ngongotaha","2","A",0.1,0.3,0.33,NA,NA,NA,NA,NA,NA,NA,"Atuahaehae",NA,"light wave action, clear",NA
2025-08-06,"14:19","Ngongotaha","3","A",0.1,0.1,1,NA,NA,NA,NA,NA,NA,NA,"Atuahaehae",NA,"light wave action, clear",NA
2025-08-06,"14:31","Te Koutu","1","A",0.1,0,0,NA,NA,NA,NA,NA,NA,NA,"Atuahaehae",NA,"light wave action, clear",NA
2025-08-06,"14:31","Te Koutu","2","A",0.1,0,0,NA,NA,NA,NA,NA,NA,NA,"Atuahaehae",NA,"light wave action, clear",NA
2025-08-06,"14:31","Te Koutu","3","A",0.1,0,0,NA,NA,NA,NA,NA,NA,NA,"Atuahaehae",NA,"light wave action, clear",NA
2025-08-06,"14:55","Lake Front","1","A",0.1,0,0,NA,NA,NA,NA,NA,NA,NA,"Atuahaehae",NA,"light wave action, hazy",NA
2025-08-06,"14:55","Lake Front","2","A",0.1,0,0,NA,NA,NA,NA,NA,NA,NA,"Atuahaehae",NA,"light wave action, hazy",NA
2025-08-06,"14:55","Lake Front","3","A",0.1,0,0,NA,NA,NA,NA,NA,NA,NA,"Atuahaehae",NA,"light wave action, hazy",NA
2025-08-09,"15:01","Hannah's Bay","1","A",0.1,0.95,0.1,NA,NA,NA,"11.4",88.5,"4.47","0.15","Rākaunui","Clear skies","flat, hazy","After heavy rains"
2025-08-09,"15:01","Hannah's Bay","2","A",0.1,0,0,NA,NA,NA,"11.4",88.5,"4.47","0.15","Rākaunui","Clear skies","flat, hazy",NA
2025-08-09,"15:01","Hannah's Bay","3","A",0.1,0,0,NA,NA,NA,"11.4",88.5,"4.47","0.15","Rākaunui","Clear skies","flat, hazy",NA
2025-08-09,"15:31","Te Pōhue","1","A",0.1,0,0,NA,NA,NA,"10.4",101.5,"7.22","0.26","Rākaunui",NA,"light wave action, clear",NA
2025-08-09,"15:31","Te Pōhue","2","A",0.1,0,0,NA,NA,NA,"10.4",101.5,"7.22","0.26","Rākaunui",NA,"light wave action, clear",NA
2025-08-09,"15:31","Te Pōhue","3","A",0.1,0.25,0.4,NA,NA,NA,"10.4",101.5,"7.22","0.26","Rākaunui",NA,"light wave action, clear",NA
2025-08-09,"15:51","Ohau Channel","1","A",0.1,0.35,0.28,NA,NA,NA,"9.8",100.1,"5.34","0.31","Rākaunui",NA,"moderate wave action, clear",NA
2025-08-09,"15:51","Ohau Channel","2","A",0.1,0,0,NA,NA,NA,"9.8",100.1,"5.34","0.31","Rākaunui",NA,"moderate wave action, clear",NA
2025-08-09,"15:51","Ohau Channel","3","A",0.1,0,0,NA,NA,NA,"9.8",100.1,"5.34","0.31","Rākaunui",NA,"moderate wave action, clear",NA
2025-08-09,"16:16","Hamurana (East)","1","A",0.1,0,0,NA,NA,NA,"9.8",101.2,"7.59","0.43","Rākaunui",NA,"high wave action, murky",NA
2025-08-09,"16:16","Hamurana (East)","2","A",0.1,0,0,NA,NA,NA,"9.8",101.2,"7.59","0.43","Rākaunui",NA,"high wave action, murky",NA
2025-08-09,"16:16","Hamurana (East)","3","A",0.1,0,0,NA,NA,NA,"9.8",101.2,"7.59","0.43","Rākaunui",NA,"high wave action, murky",NA
2025-08-09,"16:30","Hamurana (bridge)","1","A",0.1,0,0,NA,NA,NA,"9.5",105.3,"12.24","6.52","Rākaunui",NA,"high wave action, murky",NA
2025-08-09,"16:30","Hamurana (bridge)","2","A",0.1,0,0,NA,NA,NA,"9.5",105.3,"12.24","6.52","Rākaunui",NA,"high wave action, murky",NA
2025-08-09,"16:30","Hamurana (bridge)","3","A",0.1,0,0,NA,NA,NA,"9.5",105.3,"12.24","6.52","Rākaunui",NA,"high wave action, murky",NA
2025-08-09,"16:57","Hamurana (West)","1","A",0.1,0,0,NA,NA,NA,"9.1",106.7,"14.56","0.78","Rākaunui",NA,"high wave action, murky",NA
2025-08-09,"16:57","Hamurana (West)","2","A",0.1,0,0,NA,NA,NA,"9.1",106.7,"14.56","0.78","Rākaunui",NA,"high wave action, murky",NA
2025-08-09,"16:57","Hamurana (West)","3","A",0.1,0,0,NA,NA,NA,"9.1",106.7,"14.56","0.78","Rākaunui",NA,"high wave action, murky",NA
2025-08-09,"17:22","Awahou (Tarimano)","1","A",0.1,0,0,NA,NA,NA,"9.6",99.8,"9.14","1.42","Rākaunui",NA,"high wave action, murky",NA
2025-08-09,"17:22","Awahou (Tarimano)","2","A",0.1,0,0,NA,NA,NA,"9.6",99.8,"9.14","1.42","Rākaunui",NA,"high wave action, murky",NA
2025-08-09,"17:22","Awahou (Tarimano)","3","A",0.1,0,0,NA,NA,NA,"9.6",99.8,"9.14","1.42","Rākaunui",NA,"high wave action, murky",NA
2025-08-09,"17:46","Ngongotaha","1","A",0.1,0,0,NA,NA,NA,"9.7",101.1,"4.03","0.16","Rākaunui",NA,"light wave action, murky",NA
2025-08-09,"17:46","Ngongotaha","2","A",0.1,0,0,NA,NA,NA,"9.7",101.1,"4.03","0.16","Rākaunui",NA,"light wave action, murky",NA
2025-08-09,"17:46","Ngongotaha","3","A",0.1,0,0,NA,NA,NA,"9.7",101.1,"4.03","0.16","Rākaunui",NA,"light wave action, murky",NA
2025-08-09,"16:08","Te Koutu","1","A",0.1,0,0,NA,NA,NA,"10.5",90.9,"3.03","0.29","Rākaunui",NA,"light wave action, clear",NA
2025-08-09,"16:08","Te Koutu","2","A",0.1,0,0,NA,NA,NA,"10.5",90.9,"3.03","0.29","Rākaunui",NA,"light wave action, clear",NA
2025-08-09,"16:08","Te Koutu","3","A",0.1,0,0,NA,NA,NA,"10.5",90.9,"3.03","0.29","Rākaunui",NA,"light wave action, clear",NA
2025-08-09,"14:30","Lake Front","1","A",0.1,1,0.1,NA,NA,NA,"11.1",96.6,"1.33","0.07","Rākaunui",NA,"flat, murky",NA
2025-08-09,"14:30","Lake Front","2","A",0.1,1,0.1,NA,NA,NA,"11.1",96.6,"1.33","0.07","Rākaunui",NA,"flat, murky",NA
2025-08-09,"14:30","Lake Front","3","A",0.1,0.05,2,NA,NA,NA,"11.1",96.6,"1.33","0.07","Rākaunui",NA,"flat, murky",NA
2025-08-13,"12:49","Hannah's Bay","1","A",0.1,0,0,NA,NA,NA,"10.6",97.3,"1.34","0.13","Korekore-te-whiawhia","Clear skies","ripples, hazy",NA
2025-08-13,"12:49","Hannah's Bay","2","A",0.1,0,0,NA,NA,NA,"10.6",97.3,"1.34","0.13","Korekore-te-whiawhia","Clear skies","ripples, hazy",NA
2025-08-13,"12:49","Hannah's Bay","3","A",0.1,0,0,NA,NA,NA,"10.6",97.3,"1.34","0.13","Korekore-te-whiawhia","Clear skies","ripples, hazy",NA
2025-08-13,"13:10","Te Pōhue","1","A",0.1,0,0,NA,NA,NA,"13",91.6,"2.2","0.04","Korekore-te-whiawhia",NA,"ripples, clear",NA
2025-08-13,"13:10","Te Pōhue","2","A",0.1,0,0,NA,NA,NA,"13",91.6,"2.2","0.04","Korekore-te-whiawhia",NA,"ripples, clear",NA
2025-08-13,"13:10","Te Pōhue","3","A",0.1,0,0,NA,NA,NA,"13",91.6,"2.2","0.04","Korekore-te-whiawhia",NA,"ripples, clear",NA
2025-08-13,"13:28","Ohau Channel","1","A",0.1,0,0,NA,NA,NA,"10.9",95.2,"1.34","0.05","Korekore-te-whiawhia",NA,"light wave action, clear",NA
2025-08-13,"13:28","Ohau Channel","2","A",0.1,0,0,NA,NA,NA,"10.9",95.2,"1.34","0.05","Korekore-te-whiawhia",NA,"light wave action, clear",NA
2025-08-13,"13:28","Ohau Channel","3","A",0.1,0,0,NA,NA,NA,"10.9",95.2,"1.34","0.05","Korekore-te-whiawhia",NA,"light wave action, clear",NA
2025-08-13,"13:38","Hamurana (East)","1","A",0.1,1.39,0.07,NA,NA,NA,"11.4",97.6,"5.15","0.63","Korekore-te-whiawhia",NA,"light wave action, hazy",NA
2025-08-13,"13:38","Hamurana (East)","2","A",0.1,1.78,0.05,NA,NA,NA,"11.4",97.6,"5.15","0.63","Korekore-te-whiawhia",NA,"light wave action, hazy",NA
2025-08-13,"13:38","Hamurana (East)","3","A",0.1,2.03,0.04,NA,NA,NA,"11.4",97.6,"5.15","0.63","Korekore-te-whiawhia",NA,"light wave action, hazy",NA
2025-08-13,"14:12","Hamurana (bridge)","1","A",0.1,0.2,0.5,NA,NA,NA,"10.6",109.7,"3.16","0.3","Korekore-te-whiawhia",NA,"light wave action, murky",NA
2025-08-13,"14:12","Hamurana (bridge)","2","A",0.1,0.1,1,NA,NA,NA,"10.6",109.7,"3.16","0.3","Korekore-te-whiawhia",NA,"light wave action, murky",NA
2025-08-13,"14:12","Hamurana (bridge)","3","A",0.1,0.7,0.14,NA,NA,NA,"10.6",109.7,"3.16","0.3","Korekore-te-whiawhia",NA,"light wave action, murky",NA
2025-08-13,"14:26","Hamurana (West)","1","A",0.1,0,0,NA,NA,NA,"11.2",101.7,"0.82","0.04","Korekore-te-whiawhia",NA,"light wave action, clear",NA
2025-08-13,"14:26","Hamurana (West)","2","A",0.1,0,0,NA,NA,NA,"11.2",101.7,"0.82","0.04","Korekore-te-whiawhia",NA,"light wave action, clear",NA
2025-08-13,"14:26","Hamurana (West)","3","A",0.1,0.3,0.33,NA,NA,NA,"11.2",101.7,"0.82","0.04","Korekore-te-whiawhia",NA,"light wave action, clear",NA
2025-08-13,"14:39","Awahou (Tarimano)","1","A",0.1,0.35,0.28,NA,NA,NA,"11.6",104,"2.95","0.8","Korekore-te-whiawhia",NA,"flat, clear",NA
2025-08-13,"14:39","Awahou (Tarimano)","2","A",0.1,0,0,NA,NA,NA,"11.6",104,"2.95","0.8","Korekore-te-whiawhia",NA,"flat, clear",NA
2025-08-13,"14:39","Awahou (Tarimano)","3","A",0.1,0,0,NA,NA,NA,"11.6",104,"2.95","0.8","Korekore-te-whiawhia",NA,"flat, clear",NA
2025-08-13,"15:03","Ngongotaha","1","A",0.1,0,0,NA,NA,NA,"12",99.6,"0.84","0.06","Korekore-te-whiawhia",NA,"flat, clear",NA
2025-08-13,"15:03","Ngongotaha","2","A",0.1,0,0,NA,NA,NA,"12",99.6,"0.84","0.06","Korekore-te-whiawhia",NA,"flat, clear",NA
2025-08-13,"15:03","Ngongotaha","3","A",0.1,0,0,NA,NA,NA,"12",99.6,"0.84","0.06","Korekore-te-whiawhia",NA,"flat, clear",NA
2025-08-13,"12:13","Te Koutu","1","A",0.1,0,0,NA,NA,NA,"11.3",98.4,"0.88","0.07","Korekore-te-whiawhia",NA,"flat, clear",NA
2025-08-13,"12:13","Te Koutu","2","A",0.1,0,0,NA,NA,NA,"11.3",98.4,"0.88","0.07","Korekore-te-whiawhia",NA,"flat, clear",NA
2025-08-13,"12:13","Te Koutu","3","A",0.1,0,0,NA,NA,NA,"11.3",98.4,"0.88","0.07","Korekore-te-whiawhia",NA,"flat, clear",NA
2025-08-13,"12:30","Lake Front","1","A",0.1,0,0,NA,NA,NA,"10.8",93.1,"0.95","0.04","Korekore-te-whiawhia",NA,"flat, clear",NA
2025-08-13,"12:30","Lake Front","2","A",0.1,0,0,NA,NA,NA,"10.8",93.1,"0.95","0.04","Korekore-te-whiawhia",NA,"flat, clear",NA
2025-08-13,"12:30","Lake Front","3","A",0.1,0,0,NA,NA,NA,"10.8",93.1,"0.95","0.04","Korekore-te-whiawhia",NA,"flat, clear",NA
2025-08-14,"12:01","Hannah's Bay","1","A",0.1,1.09,0.09,NA,NA,NA,"12.7",98.1,"2","0.12","Korekore-te-ngangana","Partly cloudy","flat, clear",NA
2025-08-14,"12:01","Hannah's Bay","2","A",0.1,0.5,0.2,NA,NA,NA,"12.7",98.1,"2","0.12","Korekore-te-ngangana","Partly cloudy","flat, clear",NA
2025-08-14,"12:01","Hannah's Bay","3","A",0.1,1.14,0.08,NA,NA,NA,"12.7",98.1,"2","0.12","Korekore-te-ngangana","Partly cloudy","flat, clear",NA
2025-08-14,"12:32","Te Pōhue","1","A",0.1,1.34,0.07,NA,NA,NA,"11.6",95.1,"2.7","0.13","Korekore-te-ngangana",NA,"flat, clear",NA
2025-08-14,"12:32","Te Pōhue","2","A",0.1,1.39,0.07,NA,NA,NA,"11.6",95.1,"2.7","0.13","Korekore-te-ngangana",NA,"flat, clear",NA
2025-08-14,"12:32","Te Pōhue","3","A",0.1,0.45,0.22,NA,NA,NA,"11.6",95.1,"2.7","0.13","Korekore-te-ngangana",NA,"flat, clear",NA
2025-08-14,"13:05","Ohau Channel","1","A",295.41,2.86,103.29,NA,NA,NA,"11.6",102.5,"1.49","0.19","Korekore-te-ngangana",NA,"Light wave action, clear",NA
2025-08-14,"13:05","Ohau Channel","2","A",193.42,1.68,115.13,NA,NA,NA,"11.6",102.5,"1.49","0.19","Korekore-te-ngangana",NA,"Light wave action, clear",NA
2025-08-14,"13:05","Ohau Channel","3","A",395.06,2.91,135.75,NA,NA,NA,"11.6",102.5,"1.49","0.19","Korekore-te-ngangana",NA,"Light wave action, clear",NA
2025-08-14,"13:22","Hamurana (East)","1","A",1.75,1.54,1.13,NA,NA,NA,"12.5",103.2,"2.7","0.13","Korekore-te-ngangana",NA,"flat, clear-hazy",NA
2025-08-14,"13:22","Hamurana (East)","2","A",6.25,0,0,NA,NA,NA,"12.5",103.2,"2.7","0.13","Korekore-te-ngangana",NA,"flat, clear-hazy",NA
2025-08-14,"13:22","Hamurana (East)","3","A",1,0.3,3.33,NA,NA,NA,"12.5",103.2,"2.7","0.13","Korekore-te-ngangana",NA,"flat, clear-hazy",NA
2025-08-14,"13:35","Hamurana (bridge)","1","A",0.1,0,0,NA,NA,NA,"12",107,"4.99","1.13","Korekore-te-ngangana",NA,"light wave action, hazy",NA
2025-08-14,"13:35","Hamurana (bridge)","2","A",0.1,0.55,0.18,NA,NA,NA,"12",107,"4.99","1.13","Korekore-te-ngangana",NA,"light wave action, hazy",NA
2025-08-14,"13:35","Hamurana (bridge)","3","A",0.1,0.5,0.2,NA,NA,NA,"12",107,"4.99","1.13","Korekore-te-ngangana",NA,"light wave action, hazy",NA
2025-08-14,"13:41","Hamurana (West)","1","A",0.1,0.8,0.12,NA,NA,NA,"10.9",102.5,"2.53","0.25","Korekore-te-ngangana",NA,"light wave action, clear",NA
2025-08-14,"13:41","Hamurana (West)","2","A",0.1,0.3,0.33,NA,NA,NA,"10.9",102.5,"2.53","0.25","Korekore-te-ngangana",NA,"light wave action, clear",NA
2025-08-14,"13:41","Hamurana (West)","3","A",0.1,1.19,0.08,NA,NA,NA,"10.9",102.5,"2.53","0.25","Korekore-te-ngangana",NA,"light wave action, clear",NA
2025-08-14,"14:02","Awahou (Tarimano)","1","A",0.1,0,0,NA,NA,NA,"13",100.6,"1.23","0.01","Korekore-te-ngangana",NA,"light wave action, clear",NA
2025-08-14,"14:02","Awahou (Tarimano)","2","A",0.1,0.55,0.18,NA,NA,NA,"13",100.6,"1.23","0.01","Korekore-te-ngangana",NA,"light wave action, clear",NA
2025-08-14,"14:02","Awahou (Tarimano)","3","A",0.1,0.2,0.5,NA,NA,NA,"13",100.6,"1.23","0.01","Korekore-te-ngangana",NA,"light wave action, clear",NA
2025-08-14,NA,"Ngongotaha","1","A",0.1,0,0,NA,NA,NA,"11.8",101.9,"0.92","0.19","Korekore-te-ngangana",NA,"ripples, clear",NA
2025-08-14,NA,"Ngongotaha","2","A",0.1,0.35,0.28,NA,NA,NA,"11.8",101.9,"0.92","0.19","Korekore-te-ngangana",NA,"ripples, clear",NA
2025-08-14,NA,"Ngongotaha","3","A",0.1,0,0,NA,NA,NA,"11.8",101.9,"0.92","0.19","Korekore-te-ngangana",NA,"ripples, clear",NA
2025-08-14,NA,"Te Koutu","1","A",0.1,0,0,NA,NA,NA,"11.3",100.3,"0.73","0.08","Korekore-te-ngangana",NA,"Ripples, clear",NA
2025-08-14,NA,"Te Koutu","2","A",0.1,0,0,NA,NA,NA,"11.3",100.3,"0.73","0.08","Korekore-te-ngangana",NA,"Ripples, clear",NA
2025-08-14,NA,"Te Koutu","3","A",0.1,0,0,NA,NA,NA,"11.3",100.3,"0.73","0.08","Korekore-te-ngangana",NA,"Ripples, clear",NA
2025-08-14,NA,"Lake Front","1","A",0.1,0,0,NA,NA,NA,"11.7",94.7,"0.99","0.01","Korekore-te-ngangana",NA,"flat, clear",NA
2025-08-14,NA,"Lake Front","2","A",0.1,0,0,NA,NA,NA,"11.7",94.7,"0.99","0.01","Korekore-te-ngangana",NA,"flat, clear",NA
2025-08-14,NA,"Lake Front","3","A",0.1,0,0,NA,NA,NA,"11.7",94.7,"0.99","0.01","Korekore-te-ngangana",NA,"flat, clear",NA
2025-08-15,"12:00","Hannah's Bay","1","A",0.1,0,0,NA,NA,NA,"11.7",97.3,"1.75","0.39","Korekore-piri-ki-nga-tangaroa","Sunny with partial cloud","Ripples, clear","Unsafe activity happening at Lake Front, decided to skip sample site"
2025-08-15,"12:00","Hannah's Bay","2","A",211.22,0.45,478.26,NA,NA,NA,"11.7",97.3,"1.75","0.39","Korekore-piri-ki-nga-tangaroa","Sunny with partial cloud","Ripples, clear",NA
2025-08-15,"12:00","Hannah's Bay","3","A",0.1,0.2,0.5,NA,NA,NA,"11.7",97.3,"1.75","0.39","Korekore-piri-ki-nga-tangaroa","Sunny with partial cloud","Ripples, clear",NA
2025-08-15,NA,"Te Pōhue","1","A",0.1,0.55,0.18,NA,NA,NA,"11.6",93.2,"3.06","0.08","Korekore-piri-ki-nga-tangaroa",NA,"Flat, clear",NA
2025-08-15,NA,"Te Pōhue","2","A",0.1,0.5,0.2,NA,NA,NA,"11.6",93.2,"3.06","0.08","Korekore-piri-ki-nga-tangaroa",NA,"Flat, clear",NA
2025-08-15,NA,"Te Pōhue","3","A",0.1,0,0,NA,NA,NA,"11.6",93.2,"3.06","0.08","Korekore-piri-ki-nga-tangaroa",NA,"Flat, clear",NA
2025-08-15,NA,"Ohau Channel","1","A",0.1,0,0,NA,NA,NA,"11.4",95.6,"0.82","0.1","Korekore-piri-ki-nga-tangaroa",NA,"light wave action, clear",NA
2025-08-15,NA,"Ohau Channel","2","A",0.1,0,0,NA,NA,NA,"11.4",95.6,"0.82","0.1","Korekore-piri-ki-nga-tangaroa",NA,"light wave action, clear",NA
2025-08-15,NA,"Ohau Channel","3","A",0.1,0,0,NA,NA,NA,"11.4",95.6,"0.82","0.1","Korekore-piri-ki-nga-tangaroa",NA,"light wave action, clear",NA
2025-08-15,NA,"Hamurana (East)","1","A",0.1,0,0,NA,NA,NA,"11.1",102.8,"1.5","0.18","Korekore-piri-ki-nga-tangaroa",NA,"flat, hazy",NA
2025-08-15,NA,"Hamurana (East)","2","A",0.1,0,0,NA,NA,NA,"11.1",102.8,"1.5","0.18","Korekore-piri-ki-nga-tangaroa",NA,"flat, hazy",NA
2025-08-15,NA,"Hamurana (East)","3","A",0.1,0,0,NA,NA,NA,"11.1",102.8,"1.5","0.18","Korekore-piri-ki-nga-tangaroa",NA,"flat, hazy",NA
2025-08-15,NA,"Hamurana (bridge)","1","A",0.1,0,0,NA,NA,NA,"11.7",122.4,"0.98","0.06","Korekore-piri-ki-nga-tangaroa",NA,"light wave action, hazy",NA
2025-08-15,NA,"Hamurana (bridge)","2","A",0.1,0,0,NA,NA,NA,"11.7",122.4,"0.98","0.06","Korekore-piri-ki-nga-tangaroa",NA,"light wave action, hazy",NA
2025-08-15,NA,"Hamurana (bridge)","3","A",0.1,0,0,NA,NA,NA,"11.7",122.4,"0.98","0.06","Korekore-piri-ki-nga-tangaroa",NA,"light wave action, hazy",NA
2025-08-15,NA,"Hamurana (West)","1","A",0.1,0,0,NA,NA,NA,"11.3",101.7,"0.72","0.08","Korekore-piri-ki-nga-tangaroa",NA,"light wave action, hazy",NA
2025-08-15,NA,"Hamurana (West)","2","A",0.1,0.1,1,NA,NA,NA,"11.3",101.7,"0.72","0.08","Korekore-piri-ki-nga-tangaroa",NA,"light wave action, hazy",NA
2025-08-15,NA,"Hamurana (West)","3","A",0.1,0.05,2,NA,NA,NA,"11.3",101.7,"0.72","0.08","Korekore-piri-ki-nga-tangaroa",NA,"light wave action, hazy",NA
2025-08-15,NA,"Awahou (Tarimano)","1","A",0.1,0,0,NA,NA,NA,"12.9",104.8,"0.96","0.2","Korekore-piri-ki-nga-tangaroa",NA,"flat, clear",NA
2025-08-15,NA,"Awahou (Tarimano)","2","A",0.1,0.45,0.22,NA,NA,NA,"12.9",104.8,"0.96","0.2","Korekore-piri-ki-nga-tangaroa",NA,"flat, clear",NA
2025-08-15,NA,"Awahou (Tarimano)","3","A",0.1,0.45,0.22,NA,NA,NA,"12.9",104.8,"0.96","0.2","Korekore-piri-ki-nga-tangaroa",NA,"flat, clear",NA
2025-08-15,NA,"Ngongotaha","1","A",0.1,1.63,0.06,NA,NA,NA,"12.6",100.8,"0.63","0.09","Korekore-piri-ki-nga-tangaroa",NA,"flat, clear",NA
2025-08-15,NA,"Ngongotaha","2","A",58.52,1.98,29.55,NA,NA,NA,"12.6",100.8,"0.63","0.09","Korekore-piri-ki-nga-tangaroa",NA,"flat, clear",NA
2025-08-15,NA,"Ngongotaha","3","A",17.04,2.47,6.89,NA,NA,NA,"12.6",100.8,"0.63","0.09","Korekore-piri-ki-nga-tangaroa",NA,"flat, clear",NA
2025-08-15,NA,"Te Koutu","1","A",0.1,2.13,0.04,NA,NA,NA,"11.6",104.4,"1.51","0.29","Korekore-piri-ki-nga-tangaroa",NA,"Ripples, clear",NA
2025-08-15,NA,"Te Koutu","2","A",1.75,1.98,0.88,NA,NA,NA,"11.6",104.4,"1.51","0.29","Korekore-piri-ki-nga-tangaroa",NA,"Ripples, clear",NA
2025-08-15,NA,"Te Koutu","3","A",13.13,2.03,6.46,NA,NA,NA,"11.6",104.4,"1.51","0.29","Korekore-piri-ki-nga-tangaroa",NA,"Ripples, clear",NA
2025-08-18,"10:27","Hannah's Bay","1","A",0.1,0,0,NA,NA,NA,"11.3",98.4,"1.01","0.34","Tangaroa-ā-kiokio","Overcast, periods of rain","ripples, clear",NA
2025-08-18,"10:27","Hannah's Bay","2","A",0.1,0,0,NA,NA,NA,"11.3",98.4,"1.01","0.34","Tangaroa-ā-kiokio","Overcast, periods of rain","ripples, clear",NA
2025-08-18,"10:27","Hannah's Bay","3","A",0.1,0,0,NA,NA,NA,"11.3",98.4,"1.01","0.34","Tangaroa-ā-kiokio","Overcast, periods of rain","ripples, clear",NA
2025-08-18,"10:58","Te Pōhue","1","A",0.1,0,0,NA,NA,NA,"12.6",88.4,"2.84","0.17","Tangaroa-ā-kiokio",NA,"light wave action, clear",NA
2025-08-18,"10:58","Te Pōhue","2","A",0.1,0,0,NA,NA,NA,"12.6",88.4,"2.84","0.17","Tangaroa-ā-kiokio",NA,"light wave action, clear",NA
2025-08-18,"10:58","Te Pōhue","3","A",0.1,0,0,NA,NA,NA,"12.6",88.4,"2.84","0.17","Tangaroa-ā-kiokio",NA,"light wave action, clear",NA
2025-08-18,"11:23","Ohau Channel","1","A",0.1,1.09,0.09,NA,NA,NA,"11.3",99,"2.12","0.22","Tangaroa-ā-kiokio",NA,"light wave action, clear",NA
2025-08-18,"11:23","Ohau Channel","2","A",0.1,1.09,0.09,NA,NA,NA,"11.3",99,"2.12","0.22","Tangaroa-ā-kiokio",NA,"light wave action, clear",NA
2025-08-18,"11:23","Ohau Channel","3","A",0.1,2.37,0.04,NA,NA,NA,"11.3",99,"2.12","0.22","Tangaroa-ā-kiokio",NA,"light wave action, clear",NA
2025-08-18,"11:49","Hamurana (East)","1","A",0.1,0.05,2,NA,NA,NA,"11.7",90.6,"7.08","4.43","Tangaroa-ā-kiokio",NA,"moderate wave action, murky",NA
2025-08-18,"11:49","Hamurana (East)","2","A",0.1,0,0,NA,NA,NA,"11.7",90.6,"7.08","4.43","Tangaroa-ā-kiokio",NA,"moderate wave action, murky",NA
2025-08-18,"11:49","Hamurana (East)","3","A",0.1,0.2,0.5,NA,NA,NA,"11.7",90.6,"7.08","4.43","Tangaroa-ā-kiokio",NA,"moderate wave action, murky",NA
2025-08-18,"12:10","Hamurana (bridge)","1","A",0.1,0,0,NA,NA,NA,"11.8",111.2,"0.86","0.17","Tangaroa-ā-kiokio",NA,"flat, clear",NA
2025-08-18,"12:10","Hamurana (bridge)","2","A",0.1,0,0,NA,NA,NA,"11.8",111.2,"0.86","0.17","Tangaroa-ā-kiokio",NA,"flat, clear",NA
2025-08-18,"12:10","Hamurana (bridge)","3","A",0.1,0,0,NA,NA,NA,"11.8",111.2,"0.86","0.17","Tangaroa-ā-kiokio",NA,"flat, clear",NA
2025-08-18,"12:23","Hamurana (West)","1","A",0.1,0,0,NA,NA,NA,"11.9",105,"0.54","0.13","Tangaroa-ā-kiokio",NA,"flat, clear",NA
2025-08-18,"12:23","Hamurana (West)","2","A",0.1,0,0,NA,NA,NA,"11.9",105,"0.54","0.13","Tangaroa-ā-kiokio",NA,"flat, clear",NA
2025-08-18,"12:23","Hamurana (West)","3","A",0.1,0,0,NA,NA,NA,"11.9",105,"0.54","0.13","Tangaroa-ā-kiokio",NA,"flat, clear",NA
2025-08-18,"12:42","Awahou (Tarimano)","1","A",0.1,0,0,NA,NA,NA,"12.3",102.9,"0.31","0.15","Tangaroa-ā-kiokio",NA,"flat, clear",NA
2025-08-18,"12:42","Awahou (Tarimano)","2","A",0.1,0,0,NA,NA,NA,"12.3",102.9,"0.31","0.15","Tangaroa-ā-kiokio",NA,"flat, clear",NA
2025-08-18,"12:42","Awahou (Tarimano)","3","A",0.1,0,0,NA,NA,NA,"12.3",102.9,"0.31","0.15","Tangaroa-ā-kiokio",NA,"flat, clear",NA
2025-08-18,"13:02","Ngongotaha","1","A",0.1,2.52,0.03,NA,NA,NA,"11.9",100.4,"0.87","0.16","Tangaroa-ā-kiokio",NA,"ripples, clear",NA
2025-08-18,"13:02","Ngongotaha","2","A",0.1,0,0,NA,NA,NA,"11.9",100.4,"0.87","0.16","Tangaroa-ā-kiokio",NA,"ripples, clear",NA
2025-08-18,"13:02","Ngongotaha","3","A",0.1,0,0,NA,NA,NA,"11.9",100.4,"0.87","0.16","Tangaroa-ā-kiokio",NA,"ripples, clear",NA
2025-08-18,"13:36","Te Koutu","1","A",0.1,0,0,NA,NA,NA,"12.5",103.4,"1.34","0.15","Tangaroa-ā-kiokio",NA,"flat, clear",NA
2025-08-18,"13:36","Te Koutu","2","A",0.1,0,0,NA,NA,NA,"12.5",103.4,"1.34","0.15","Tangaroa-ā-kiokio",NA,"flat, clear",NA
2025-08-18,"13:36","Te Koutu","3","A",0.1,0,0,NA,NA,NA,"12.5",103.4,"1.34","0.15","Tangaroa-ā-kiokio",NA,"flat, clear",NA
2025-08-18,"13:49","Lake Front","1","A",0.1,0,0,NA,NA,NA,"13.2",94.1,"2.47","0.27","Tangaroa-ā-kiokio",NA,"ripples, clear",NA
2025-08-18,"13:49","Lake Front","2","A",0.1,0,0,NA,NA,NA,"13.2",94.1,"2.47","0.27","Tangaroa-ā-kiokio",NA,"ripples, clear",NA
2025-08-18,"13:49","Lake Front","3","A",0.1,0,0,NA,NA,NA,"13.2",94.1,"2.47","0.27","Tangaroa-ā-kiokio",NA,"ripples, clear",NA
2025-08-20,"11:45","Hannah's Bay","1","A",0.1,0,0,NA,NA,NA,"10.8",90.6,"4.15","0.08","Ōrongonui","Overcast","moderate wave action, murky","16,000L oil spill in the Puarenga, stream connected to Lake Rototua"
2025-08-20,"11:45","Hannah's Bay","2","A",0.1,0,0,NA,NA,NA,"10.8",90.6,"4.15","0.08","Ōrongonui","Overcast","moderate wave action, murky",NA
2025-08-20,"11:45","Hannah's Bay","3","A",0.1,0,0,NA,NA,NA,"10.8",90.6,"4.15","0.08","Ōrongonui","Overcast","moderate wave action, murky",NA
2025-08-20,"12:01","Te Pōhue","1","A",0.1,0,0,NA,NA,NA,"10.8",95.8,"4.93","0.15","Ōrongonui",NA,"moderate wave action, hazy",NA
2025-08-20,"12:01","Te Pōhue","2","A",0.1,0,0,NA,NA,NA,"10.8",95.8,"4.93","0.15","Ōrongonui",NA,"moderate wave action, hazy",NA
2025-08-20,"12:01","Te Pōhue","3","A",0.1,0,0,NA,NA,NA,"10.8",95.8,"4.93","0.15","Ōrongonui",NA,"moderate wave action, hazy",NA
2025-08-20,"12:23","Ohau Channel","1","A",0.1,0,0,NA,NA,NA,"9.9",97.1,"10.51","0.28","Ōrongonui",NA,"high wave action, murky",NA
2025-08-20,"12:23","Ohau Channel","2","A",0.1,0.25,0.4,NA,NA,NA,"9.9",97.1,"10.51","0.28","Ōrongonui",NA,"high wave action, murky",NA
2025-08-20,"12:23","Ohau Channel","3","A",0.1,0.3,0.33,NA,NA,NA,"9.9",97.1,"10.51","0.28","Ōrongonui",NA,"high wave action, murky",NA
2025-08-20,"12:37","Hamurana (East)","1","A",0.1,0.65,0.15,NA,NA,NA,"9.3",99.3,"13.22","0.91","Ōrongonui",NA,"high wave action, murky",NA
2025-08-20,"12:37","Hamurana (East)","2","A",0.1,0,0,NA,NA,NA,"9.3",99.3,"13.22","0.91","Ōrongonui",NA,"high wave action, murky",NA
2025-08-20,"12:37","Hamurana (East)","3","A",0.1,0,0,NA,NA,NA,"9.3",99.3,"13.22","0.91","Ōrongonui",NA,"high wave action, murky",NA
2025-08-20,"12:52","Hamurana (bridge)","1","A",0.1,1.29,0.07,NA,NA,NA,"9.3",101.3,"15.49","2.31","Ōrongonui",NA,"high wave action, murky",NA
2025-08-20,"12:52","Hamurana (bridge)","2","A",0.1,1.19,0.08,NA,NA,NA,"9.3",101.3,"15.49","2.31","Ōrongonui",NA,"high wave action, murky",NA
2025-08-20,"12:52","Hamurana (bridge)","3","A",0.1,1.24,0.08,NA,NA,NA,"9.3",101.3,"15.49","2.31","Ōrongonui",NA,"high wave action, murky",NA
2025-08-20,"13:07","Hamurana (West)","1","A",13.17,0.7,18.75,NA,NA,NA,"9.3",96.7,"20.26","3.07","Ōrongonui",NA,"moderate wave action, murky",NA
2025-08-20,"13:07","Hamurana (West)","2","A",10.78,1.19,9.05,NA,NA,NA,"9.3",96.7,"20.26","3.07","Ōrongonui",NA,"moderate wave action, murky",NA
2025-08-20,"13:07","Hamurana (West)","3","A",0.1,1,0.1,NA,NA,NA,"9.3",96.7,"20.26","3.07","Ōrongonui",NA,"moderate wave action, murky",NA
2025-08-20,"13:18","Awahou (Tarimano)","1","A",0.1,0,0,NA,NA,NA,"12.6",102.8,"3.31","0.18","Ōrongonui",NA,"high wave action, clear-hazyish",NA
2025-08-20,"13:18","Awahou (Tarimano)","2","A",0.1,0,0,NA,NA,NA,"12.6",102.8,"3.31","0.18","Ōrongonui",NA,"high wave action, clear-hazyish",NA
2025-08-20,"13:18","Awahou (Tarimano)","3","A",0.1,0,0,NA,NA,NA,"12.6",102.8,"3.31","0.18","Ōrongonui",NA,"high wave action, clear-hazyish",NA
2025-08-20,"13:28","Ngongotaha","1","A",0.1,0,0,NA,NA,NA,"10.4",98.8,"9.12","0.32","Ōrongonui",NA,"moderate wave action, murky",NA
2025-08-20,"13:28","Ngongotaha","2","A",0.1,0,0,NA,NA,NA,"10.4",98.8,"9.12","0.32","Ōrongonui",NA,"moderate wave action, murky",NA
2025-08-20,"13:28","Ngongotaha","3","A",0.1,0,0,NA,NA,NA,"10.4",98.8,"9.12","0.32","Ōrongonui",NA,"moderate wave action, murky",NA
2025-08-20,"13:51","Te Koutu","1","A",0.1,0,0,NA,NA,NA,"11.5",105.1,"1.66","0.15","Ōrongonui",NA,"light wave action, clear",NA
2025-08-20,"13:51","Te Koutu","2","A",0.1,0,0,NA,NA,NA,"11.5",105.1,"1.66","0.15","Ōrongonui",NA,"light wave action, clear",NA
2025-08-20,"13:51","Te Koutu","3","A",0.1,0,0,NA,NA,NA,"11.5",105.1,"1.66","0.15","Ōrongonui",NA,"light wave action, clear",NA
2025-08-20,"14:00","Lake Front","1","A",0.1,0,0,NA,NA,NA,"11",96.6,"1.94","0.04","Ōrongonui",NA,"light wave action, hazy",NA
2025-08-20,"14:00","Lake Front","2","A",0.1,0,0,NA,NA,NA,"11",96.6,"1.94","0.04","Ōrongonui",NA,"light wave action, hazy",NA
2025-08-20,"14:00","Lake Front","3","A",0.1,0,0,NA,NA,NA,"11",96.6,"1.94","0.04","Ōrongonui",NA,"light wave action, hazy",NA
2025-08-22,"12:01","Hannah's Bay","1","A",0.1,0,0,NA,NA,NA,"12.2",95.7,"1.14","0.08","Ōmutu","Cloudy","ripples, clear",NA
2025-08-22,"12:01","Hannah's Bay","2","A",0.1,0,0,NA,NA,NA,"12.2",95.7,"1.14","0.08","Ōmutu","Cloudy","ripples, clear",NA
2025-08-22,"12:01","Hannah's Bay","3","A",0.1,0,0,NA,NA,NA,"12.2",95.7,"1.14","0.08","Ōmutu","Cloudy","ripples, clear",NA
2025-08-22,"12:26","Te Pōhue","1","A",0.1,0,0,NA,NA,NA,"11.3",100.3,"1.94","0.15","Ōmutu",NA,"light wave action, clear",NA
2025-08-22,"12:26","Te Pōhue","2","A",0.1,0,0,NA,NA,NA,"11.3",100.3,"1.94","0.15","Ōmutu",NA,"light wave action, clear",NA
2025-08-22,"12:26","Te Pōhue","3","A",0.1,0,0,NA,NA,NA,"11.3",100.3,"1.94","0.15","Ōmutu",NA,"light wave action, clear",NA
2025-08-22,"13:43","Ohau Channel","1","A",0.1,0,0,NA,NA,NA,"11.5",92.8,"1.75","0.06","Ōmutu",NA,"light wave action, hazy",NA
2025-08-22,"13:43","Ohau Channel","2","A",0.1,0,0,NA,NA,NA,"11.5",92.8,"1.75","0.06","Ōmutu",NA,"light wave action, hazy",NA
2025-08-22,"13:43","Ohau Channel","3","A",0.1,0,0,NA,NA,NA,"11.5",92.8,"1.75","0.06","Ōmutu",NA,"light wave action, hazy",NA
2025-08-22,"14:09","Hamurana (East)","1","A",0.1,0,0,NA,NA,NA,"10.9",102.5,"1.41","0.05","Ōmutu",NA,"flat, clear",NA
2025-08-22,"14:09","Hamurana (East)","2","A",0.1,0,0,NA,NA,NA,"10.9",102.5,"1.41","0.05","Ōmutu",NA,"flat, clear",NA
2025-08-22,"14:09","Hamurana (East)","3","A",0.1,0,0,NA,NA,NA,"10.9",102.5,"1.41","0.05","Ōmutu",NA,"flat, clear",NA
2025-08-22,"14:43","Hamurana (bridge)","1","A",0.1,0,0,NA,NA,NA,"10.7",103.6,"4.34","0.39","Ōmutu",NA,"moderate wave action, hazy",NA
2025-08-22,"14:43","Hamurana (bridge)","2","A",0.1,0,0,NA,NA,NA,"10.7",103.6,"4.34","0.39","Ōmutu",NA,"moderate wave action, hazy",NA
2025-08-22,"14:43","Hamurana (bridge)","3","A",0.1,0,0,NA,NA,NA,"10.7",103.6,"4.34","0.39","Ōmutu",NA,"moderate wave action, hazy",NA
2025-08-22,"15:10","Hamurana (West)","1","A",0.1,0.35,0.28,NA,NA,NA,"11",104.3,"2.39","0.15","Ōmutu",NA,"moderate wave action, hazy",NA
2025-08-22,"15:10","Hamurana (West)","2","A",0.1,0,0,NA,NA,NA,"11",104.3,"2.39","0.15","Ōmutu",NA,"moderate wave action, hazy",NA
2025-08-22,"15:10","Hamurana (West)","3","A",31.91,2.42,13.18,NA,NA,NA,"11",104.3,"2.39","0.15","Ōmutu",NA,"moderate wave action, hazy",NA
2025-08-22,"15:29","Awahou (Tarimano)","1","A",0.1,0,0,NA,NA,NA,"12",101.6,"1.49","0.18","Ōmutu",NA,"moderate wave action, clear",NA
2025-08-22,"15:29","Awahou (Tarimano)","2","A",0.1,0,0,NA,NA,NA,"12",101.6,"1.49","0.18","Ōmutu",NA,"moderate wave action, clear",NA
2025-08-22,"15:29","Awahou (Tarimano)","3","A",0.1,0,0,NA,NA,NA,"12",101.6,"1.49","0.18","Ōmutu",NA,"moderate wave action, clear",NA
2025-08-22,"15:48","Ngongotaha","1","A",0.1,0,0,NA,NA,NA,"11.6",105.6,"1.98","0.19","Ōmutu",NA,"light wave action, clear",NA
2025-08-22,"15:48","Ngongotaha","2","A",0.1,0,0,NA,NA,NA,"11.6",105.6,"1.98","0.19","Ōmutu",NA,"light wave action, clear",NA
2025-08-22,"15:48","Ngongotaha","3","A",0.1,0.35,0.28,NA,NA,NA,"11.6",105.6,"1.98","0.19","Ōmutu",NA,"light wave action, clear",NA
2025-08-22,"16:08","Te Koutu","1","A",0.1,2.13,0.04,NA,NA,NA,"12.6",105.8,"6.63","0.92","Ōmutu",NA,"moderate wave action, murky",NA
2025-08-22,"16:08","Te Koutu","2","A",0.1,0.65,0.15,NA,NA,NA,"12.6",105.8,"6.63","0.92","Ōmutu",NA,"moderate wave action, murky",NA
2025-08-22,"16:08","Te Koutu","3","A",0.1,3.31,0.03,NA,NA,NA,"12.6",105.8,"6.63","0.92","Ōmutu",NA,"moderate wave action, murky",NA
2025-08-22,NA,"Lake Front","1","A",0.1,0,0,NA,NA,NA,"14.3",106.6,"9.81","0.82","Ōmutu",NA,"moderate wave action, murky",NA
2025-08-22,NA,"Lake Front","2","A",0.1,0,0,NA,NA,NA,"14.3",106.6,"9.81","0.82","Ōmutu",NA,"moderate wave action, murky",NA
2025-08-22,NA,"Lake Front","3","A",0.1,0,0,NA,NA,NA,"14.3",106.6,"9.81","0.82","Ōmutu",NA,"moderate wave action, murky",NA
2025-08-25,"13:24","Hannah's Bay","1","A",0.1,0,0,NA,NA,NA,"12.5",97.5,"0.98","0.13","Hoata","Cloudy","ripples, clear",NA
2025-08-25,"13:24","Hannah's Bay","2","A",0.1,0,0,NA,NA,NA,"12.5",97.5,"0.98","0.13","Hoata","Cloudy","ripples, clear",NA
2025-08-25,"13:24","Hannah's Bay","3","A",0.1,0,0,NA,NA,NA,"12.5",97.5,"0.98","0.13","Hoata","Cloudy","ripples, clear",NA
2025-08-25,"13:41","Te Pōhue","1","A",0.1,0,0,NA,NA,NA,"11.7",95.2,"3.69","0.14","Hoata",NA,"moderate wave action, hazy",NA
2025-08-25,"13:41","Te Pōhue","2","A",0.1,0,0,NA,NA,NA,"11.7",95.2,"3.69","0.14","Hoata",NA,"moderate wave action, hazy",NA
2025-08-25,"13:41","Te Pōhue","3","A",0.1,0,0,NA,NA,NA,"11.7",95.2,"3.69","0.14","Hoata",NA,"moderate wave action, hazy",NA
2025-08-25,"13:55","Ohau Channel","1","A",0.1,0,0,NA,NA,NA,"11.1",100.1,"0.76","0.44","Hoata",NA,"light wave action, clear",NA
2025-08-25,"13:55","Ohau Channel","2","A",0.1,0,0,NA,NA,NA,"11.1",100.1,"0.76","0.44","Hoata",NA,"light wave action, clear",NA
2025-08-25,"13:55","Ohau Channel","3","A",0.1,0,0,NA,NA,NA,"11.1",100.1,"0.76","0.44","Hoata",NA,"light wave action, clear",NA
2025-08-25,"14:11","Hamurana (East)","1","A",0.1,0,0,NA,NA,NA,"11.5",101.3,"0.64","0.12","Hoata",NA,"light wave action, clear",NA
2025-08-25,"14:11","Hamurana (East)","2","A",0.1,0,0,NA,NA,NA,"11.5",101.3,"0.64","0.12","Hoata",NA,"light wave action, clear",NA
2025-08-25,"14:11","Hamurana (East)","3","A",0.1,0,0,NA,NA,NA,"11.5",101.3,"0.64","0.12","Hoata",NA,"light wave action, clear",NA
2025-08-25,"14:28","Hamurana (bridge)","1","A",0.1,0,0,NA,NA,NA,"11.4",108.2,"0.68","0.11","Hoata",NA,"ripples. clear",NA
2025-08-25,"14:28","Hamurana (bridge)","2","A",0.1,0,0,NA,NA,NA,"11.4",108.2,"0.68","0.11","Hoata",NA,"ripples. clear",NA
2025-08-25,"14:28","Hamurana (bridge)","3","A",0.1,0,0,NA,NA,NA,"11.4",108.2,"0.68","0.11","Hoata",NA,"ripples. clear",NA
2025-08-25,"14:36","Hamurana (West)","1","A",0.1,0,0,NA,NA,NA,"11.3",103.9,"0.67","0.13","Hoata",NA,"light wave action, clear",NA
2025-08-25,"14:36","Hamurana (West)","2","A",0.1,0,0,NA,NA,NA,"11.3",103.9,"0.67","0.13","Hoata",NA,"light wave action, clear",NA
2025-08-25,"14:36","Hamurana (West)","3","A",0.1,0,0,NA,NA,NA,"11.3",103.9,"0.67","0.13","Hoata",NA,"light wave action, clear",NA
2025-08-25,"14:50","Awahou (Tarimano)","1","A",0.1,0,0,NA,NA,NA,"12.9",100.4,"0.23","0.01","Hoata",NA,"light wave action, clear",NA
2025-08-25,"14:50","Awahou (Tarimano)","2","A",0.1,0,0,NA,NA,NA,"12.9",100.4,"0.23","0.01","Hoata",NA,"light wave action, clear",NA
2025-08-25,"14:50","Awahou (Tarimano)","3","A",0.1,0,0,NA,NA,NA,"12.9",100.4,"0.23","0.01","Hoata",NA,"light wave action, clear",NA
2025-08-25,"15:13","Ngongotaha","1","A",0.1,0,0,NA,NA,NA,"11.6",96.7,"1.28","0.13","Hoata",NA,"light wave action, hazy",NA
2025-08-25,"15:13","Ngongotaha","2","A",0.1,0,0,NA,NA,NA,"11.6",96.7,"1.28","0.13","Hoata",NA,"light wave action, hazy",NA
2025-08-25,"15:13","Ngongotaha","3","A",0.1,0,0,NA,NA,NA,"11.6",96.7,"1.28","0.13","Hoata",NA,"light wave action, hazy",NA
2025-08-25,"15:36","Te Koutu","1","A",0.1,10.78,0,NA,NA,NA,"12.6",101.4,"3.71","2.68","Hoata",NA,"light wave action, hazy",NA
2025-08-25,"15:36","Te Koutu","2","A",0,9.01,0.01,NA,NA,NA,"12.6",101.4,"3.71","2.68","Hoata",NA,"light wave action, hazy",NA
2025-08-25,"15:36","Te Koutu","3","A",0.1,3.01,0.03,NA,NA,NA,"12.6",101.4,"3.71","2.68","Hoata",NA,"light wave action, hazy",NA
2025-08-25,"15:55","Lake Front","1","A",0.1,1.04,0.09,NA,NA,NA,"13.9",98.9,"2.31","1.69","Hoata",NA,"light wave action, hazy",NA
2025-08-25,"15:55","Lake Front","2","A",0.1,5.37,0.01,NA,NA,NA,"13.9",98.9,"2.31","1.69","Hoata",NA,"light wave action, hazy",NA
2025-08-25,"15:55","Lake Front","3","A",0.1,7.44,0.01,NA,NA,NA,"13.9",98.9,"2.31","1.69","Hoata",NA,"light wave action, hazy",NA
2025-08-29,"13:43","Hannah's Bay","1",NA,0.1,2.27,0.04,NA,NA,NA,"13.1",96.8,"13.21","3.25","Tamateaangana","Ovcast, periods of rain","High wave action, murky",NA
2025-08-29,"13:43","Hannah's Bay","2",NA,0.1,1.73,0.05,NA,NA,NA,"13.1",96.8,"13.21","3.25","Tamateaangana","Ovcast, periods of rain","High wave action, murky",NA
2025-08-29,"13:43","Hannah's Bay","3",NA,0.1,2.81,0.03,NA,NA,NA,"13.1",96.8,"13.21","3.25","Tamateaangana","Ovcast, periods of rain","High wave action, murky",NA
2025-08-29,"13:16","Te Pōhue","1",NA,0.1,1.39,0.07,NA,NA,NA,"12.9",95.4,"21.71","1.48","Tamateaangana",NA,"high wave action,m murky",NA
2025-08-29,"13:16","Te Pōhue","2",NA,0.1,1.04,0.09,NA,NA,NA,"12.9",95.4,"21.71","1.48","Tamateaangana",NA,"high wave action,m murky",NA
2025-08-29,"13:16","Te Pōhue","3",NA,0.1,2.27,0.04,NA,NA,NA,"12.9",95.4,"21.71","1.48","Tamateaangana",NA,"high wave action,m murky",NA
2025-08-29,"12:51","Ohau Channel","1",NA,19.39,0,0,NA,NA,NA,"11.8",93.9,"13.29","1.1","Tamateaangana",NA,"High wave action, murky",NA
2025-08-29,"12:51","Ohau Channel","2",NA,6.25,0,0,NA,NA,NA,"11.8",93.9,"13.29","1.1","Tamateaangana",NA,"High wave action, murky",NA
2025-08-29,"12:51","Ohau Channel","3",NA,0.1,1,0.1,NA,NA,NA,"11.8",93.9,"13.29","1.1","Tamateaangana",NA,"High wave action, murky",NA
2025-08-29,"12:29","Hamurana (East)","1",NA,6.25,3.01,2.07,NA,NA,NA,"12.2",88.4,"76.72","9.84","Tamateaangana",NA,"high wave action, murky",NA
2025-08-29,"12:29","Hamurana (East)","2",NA,35.82,1.34,26.73,NA,NA,NA,"12.2",88.4,"76.72","9.84","Tamateaangana",NA,"high wave action, murky",NA
2025-08-29,"12:29","Hamurana (East)","3",NA,96.08,4.63,20.75,NA,NA,NA,"12.2",88.4,"76.72","9.84","Tamateaangana",NA,"high wave action, murky",NA
2025-08-29,"11:44","Hamurana (bridge)","1",NA,0.1,0.05,2,NA,NA,NA,"12.6",96.1,"7.11","3.56","Tamateaangana",NA,"moderate wave action, murky",NA
2025-08-29,"11:44","Hamurana (bridge)","2",NA,0.1,2.77,0.03,NA,NA,NA,"12.6",96.1,"7.11","3.56","Tamateaangana",NA,"moderate wave action, murky",NA
2025-08-29,"11:44","Hamurana (bridge)","3",NA,0.1,3.95,0.02,NA,NA,NA,"12.6",96.1,"7.11","3.56","Tamateaangana",NA,"moderate wave action, murky",NA
2025-08-29,"11:35","Hamurana (West)","1",NA,0.1,0.05,2,NA,NA,NA,"12.2",99.2,"0.85","0.26","Tamateaangana",NA,"ripples, clear",NA
2025-08-29,"11:35","Hamurana (West)","2",NA,7.75,0.6,12.91,NA,NA,NA,"12.2",99.2,"0.85","0.26","Tamateaangana",NA,"ripples, clear",NA
2025-08-29,"11:35","Hamurana (West)","3",NA,20.17,0.75,26.89,NA,NA,NA,"12.2",99.2,"0.85","0.26","Tamateaangana",NA,"ripples, clear",NA
2025-08-29,"11:25","Awahou (Tarimano)","1",NA,20.95,0.8,26.18,NA,NA,NA,"12.4",98.6,"0.71","0.42","Tamateaangana",NA,"moderate wave action, clear",NA
2025-08-29,"11:25","Awahou (Tarimano)","2",NA,79.65,1.29,61.74,NA,NA,NA,"12.4",98.6,"0.71","0.42","Tamateaangana",NA,"moderate wave action, clear",NA
2025-08-29,"11:25","Awahou (Tarimano)","3",NA,25.65,1.04,24.66,NA,NA,NA,"12.4",98.6,"0.71","0.42","Tamateaangana",NA,"moderate wave action, clear",NA
2025-08-29,"9:51","Ngongotaha","1",NA,34.25,0.95,36.06,NA,NA,NA,"11",97.3,"0.92","0.21","Tamateaangana",NA,"moderate wave action, clear",NA
2025-08-29,"9:51","Ngongotaha","2",NA,7.75,0.4,19.37,NA,NA,NA,"11",97.3,"0.92","0.21","Tamateaangana",NA,"moderate wave action, clear",NA
2025-08-29,"9:51","Ngongotaha","3",NA,40.52,1.29,31.41,NA,NA,NA,"11",97.3,"0.92","0.21","Tamateaangana",NA,"moderate wave action, clear",NA
2025-08-29,"10:55","Te Koutu","1",NA,0.1,0.3,0.33,NA,NA,NA,"12.2",98.7,"0.81","0.18","Tamateaangana",NA,"light wave action, clear",NA
2025-08-29,"10:55","Te Koutu","2",NA,36.6,0.75,48.8,NA,NA,NA,"12.2",98.7,"0.81","0.18","Tamateaangana",NA,"light wave action, clear",NA
2025-08-29,"10:55","Te Koutu","3",NA,39.73,0.85,46.74,NA,NA,NA,"12.2",98.7,"0.81","0.18","Tamateaangana",NA,"light wave action, clear",NA
2025-08-29,"14:08","Lake Front","1",NA,0.1,1.63,0.06,NA,NA,NA,"15.3",97.6,"0.84","0.66","Tamateaangana",NA,"ripples. clear",NA
2025-08-29,"14:08","Lake Front","2",NA,0.1,1.09,0.09,NA,NA,NA,"15.3",97.6,"0.84","0.66","Tamateaangana",NA,"ripples. clear",NA
2025-08-29,"14:08","Lake Front","3",NA,0.1,1.73,0.05,NA,NA,NA,"15.3",97.6,"0.84","0.66","Tamateaangana",NA,"ripples. clear",NA
2025-09-01,"11:59","Hannah's Bay","1",NA,0.1,0,0,NA,NA,NA,"12",90,"13.38","0.74","Huna","Overcast, slight rains","high wave action, murky","Remaining logged samples N/A? probe logged all remaining variables as 0?"
2025-09-01,"11:59","Hannah's Bay","2",NA,0.1,0,0,NA,NA,NA,"12",90,"13.38","0.74","Huna","Overcast, slight rains","high wave action, murky",NA
2025-09-01,"11:59","Hannah's Bay","3",NA,0.1,0,0,NA,NA,NA,"12",90,"13.38","0.74","Huna","Overcast, slight rains","high wave action, murky",NA
2025-09-01,NA,"Te Pōhue","1",NA,0.1,0,0,NA,NA,NA,"12.2",95.5,"13.21","0.72","Huna",NA,"high wave action, murky",NA
2025-09-01,NA,"Te Pōhue","2",NA,0.1,0,0,NA,NA,NA,"12.2",95.5,"13.21","0.72","Huna",NA,"high wave action, murky",NA
2025-09-01,NA,"Te Pōhue","3",NA,0.1,0,0,NA,NA,NA,"12.2",95.5,"13.21","0.72","Huna",NA,"high wave action, murky",NA
2025-09-01,NA,"Ohau Channel","1",NA,0.1,0.45,0.22,NA,NA,NA,"12.1",95.8,"18.23","1.29","Huna",NA,"high wave action, murky",NA
2025-09-01,NA,"Ohau Channel","2",NA,0.1,0,0,NA,NA,NA,"12.1",95.8,"18.23","1.29","Huna",NA,"high wave action, murky",NA
2025-09-01,NA,"Ohau Channel","3",NA,0.1,0,0,NA,NA,NA,"12.1",95.8,"18.23","1.29","Huna",NA,"high wave action, murky",NA
2025-09-01,NA,"Hamurana (East)","1",NA,478.37,28.46,16.8,NA,NA,NA,NA,NA,NA,NA,"Huna",NA,"high wave action, murky",NA
2025-09-01,NA,"Hamurana (East)","2",NA,546.1,29.79,18.33,NA,NA,NA,NA,NA,NA,NA,"Huna",NA,"high wave action, murky",NA
2025-09-01,NA,"Hamurana (East)","3",NA,544.55,28.65,19,NA,NA,NA,NA,NA,NA,NA,"Huna",NA,"high wave action, murky",NA
2025-09-01,NA,"Hamurana (bridge)","1",NA,0.1,0,0,NA,NA,NA,NA,NA,NA,NA,"Huna",NA,"moderare wave action, hazy",NA
2025-09-01,NA,"Hamurana (bridge)","2",NA,0.1,0.3,0.33,NA,NA,NA,NA,NA,NA,NA,"Huna",NA,"moderare wave action, hazy",NA
2025-09-01,NA,"Hamurana (bridge)","3",NA,0.1,0,0,NA,NA,NA,NA,NA,NA,NA,"Huna",NA,"moderare wave action, hazy",NA
2025-09-01,NA,"Hamurana (West)","1",NA,0.1,0,0,NA,NA,NA,NA,NA,NA,NA,"Huna",NA,"moderate wave action, hazy",NA
2025-09-01,NA,"Hamurana (West)","2",NA,0.1,0,0,NA,NA,NA,NA,NA,NA,NA,"Huna",NA,"moderate wave action, hazy",NA
2025-09-01,NA,"Hamurana (West)","3",NA,0.1,0,0,NA,NA,NA,NA,NA,NA,NA,"Huna",NA,"moderate wave action, hazy",NA
2025-09-01,NA,"Awahou (Tarimano)","1",NA,0.1,0,0,NA,NA,NA,NA,NA,NA,NA,"Huna",NA,"high wave action, hazy",NA
2025-09-01,NA,"Awahou (Tarimano)","2",NA,0.1,0,0,NA,NA,NA,NA,NA,NA,NA,"Huna",NA,"high wave action, hazy",NA
2025-09-01,NA,"Awahou (Tarimano)","3",NA,0.1,0,0,NA,NA,NA,NA,NA,NA,NA,"Huna",NA,"high wave action, hazy",NA
2025-09-01,NA,"Ngongotaha","1",NA,0.1,0,0,NA,NA,NA,NA,NA,NA,NA,"Huna",NA,"moderate wave action, hazy",NA
2025-09-01,NA,"Ngongotaha","2",NA,0.1,0,0,NA,NA,NA,NA,NA,NA,NA,"Huna",NA,"moderate wave action, hazy",NA
2025-09-01,NA,"Ngongotaha","3",NA,0.1,0,0,NA,NA,NA,NA,NA,NA,NA,"Huna",NA,"moderate wave action, hazy",NA
2025-09-01,NA,"Te Koutu","1",NA,0.1,0,0,NA,NA,NA,NA,NA,NA,NA,"Huna",NA,"moderate wave action, hazy",NA
2025-09-01,NA,"Te Koutu","2",NA,0.1,0,0,NA,NA,NA,NA,NA,NA,NA,"Huna",NA,"moderate wave action, hazy",NA
2025-09-01,NA,"Te Koutu","3",NA,0.1,0,0,NA,NA,NA,NA,NA,NA,NA,"Huna",NA,"moderate wave action, hazy",NA
2025-09-01,NA,"Lake Front","1",NA,0.1,0,0,NA,NA,NA,NA,NA,NA,NA,"Huna",NA,"high wave action, murky",NA
2025-09-01,NA,"Lake Front","2",NA,0.1,0,0,NA,NA,NA,NA,NA,NA,NA,"Huna",NA,"high wave action, murky",NA
2025-09-01,NA,"Lake Front","3",NA,0.1,0,0,NA,NA,NA,NA,NA,NA,NA,"Huna",NA,"high wave action, murky",NA
2025-09-03,"13:31","Hannah's Bay","1",NA,0.1,0,0,NA,NA,NA,"14.8",92.2,"3.32","0.1","Māure","overcast","light wave action, hazy",NA
2025-09-03,"13:31","Hannah's Bay","2",NA,0.1,0,0,NA,NA,NA,"14.8",92.2,"3.32","0.1","Māure","overcast","light wave action, hazy",NA
2025-09-03,"13:31","Hannah's Bay","3",NA,0.1,0,0,NA,NA,NA,"14.8",92.2,"3.32","0.1","Māure","overcast","light wave action, hazy",NA
2025-09-03,"13:19","Te Pōhue","1",NA,0.1,0,0,NA,NA,NA,"12.9",101.2,"2.81","0.19","Māure",NA,"moderate wave action, clear",NA
2025-09-03,"13:19","Te Pōhue","2",NA,0.1,0,0,NA,NA,NA,"12.9",101.2,"2.81","0.19","Māure",NA,"moderate wave action, clear",NA
2025-09-03,"13:19","Te Pōhue","3",NA,0.1,0,0,NA,NA,NA,"12.9",101.2,"2.81","0.19","Māure",NA,"moderate wave action, clear",NA
2025-09-03,"12.58","Ohau Channel","1",NA,0.1,0.05,2,NA,NA,NA,"12.7",94.4,"3.39","0.14","Māure",NA,"moderate wave action, hazy",NA
2025-09-03,"12.58","Ohau Channel","2",NA,0.1,0,0,NA,NA,NA,"12.7",94.4,"3.39","0.14","Māure",NA,"moderate wave action, hazy",NA
2025-09-03,"12.58","Ohau Channel","3",NA,0.1,0.55,0,NA,NA,NA,"12.7",94.4,"3.39","0.14","Māure",NA,"moderate wave action, hazy",NA
2025-09-03,"12:22","Hamurana (East)","1",NA,0.1,0,0,NA,NA,NA,"13.1",102.7,"1.11","0.07","Māure",NA,"moderate wave action, hazy",NA
2025-09-03,"12:22","Hamurana (East)","2",NA,0.1,0.15,0.66,NA,NA,NA,"13.1",102.7,"1.11","0.07","Māure",NA,"moderate wave action, hazy",NA
2025-09-03,"12:22","Hamurana (East)","3",NA,0.1,0.65,0.15,NA,NA,NA,"13.1",102.7,"1.11","0.07","Māure",NA,"moderate wave action, hazy",NA
2025-09-03,"12:05","Hamurana (bridge)","1",NA,0.1,0.7,0.14,NA,NA,NA,"12.4",98.9,"0.6","0.1","Māure",NA,"light wave action, clear",NA
2025-09-03,"12:05","Hamurana (bridge)","2",NA,0.1,0,0,NA,NA,NA,"12.4",98.9,"0.6","0.1","Māure",NA,"light wave action, clear",NA
2025-09-03,"12:05","Hamurana (bridge)","3",NA,0.1,0,0,NA,NA,NA,"12.4",98.9,"0.6","0.1","Māure",NA,"light wave action, clear",NA
2025-09-03,"11:52","Hamurana (West)","1",NA,0.1,0.1,1,NA,NA,NA,"12.3",100.3,"0.56","0.1","Māure",NA,"ripples, clear",NA
2025-09-03,"11:52","Hamurana (West)","2",NA,0.1,0.85,0.11,NA,NA,NA,"12.3",100.3,"0.56","0.1","Māure",NA,"ripples, clear",NA
2025-09-03,"11:52","Hamurana (West)","3",NA,0.1,1,0.1,NA,NA,NA,"12.3",100.3,"0.56","0.1","Māure",NA,"ripples, clear",NA
2025-09-03,"11:34","Awahou (Tarimano)","1",NA,0.1,1,0.1,NA,NA,NA,"13.1",117.6,"0.16","0.03","Māure",NA,"light wave action, clear",NA
2025-09-03,"11:34","Awahou (Tarimano)","2",NA,0.1,1,0.1,NA,NA,NA,"13.1",117.6,"0.16","0.03","Māure",NA,"light wave action, clear",NA
2025-09-03,"11:34","Awahou (Tarimano)","3",NA,0.1,1,0.1,NA,NA,NA,"13.1",117.6,"0.16","0.03","Māure",NA,"light wave action, clear",NA
2025-09-03,"11:27","Ngongotaha","1",NA,0.1,1,0.1,NA,NA,NA,"11.2",100.6,"1.19","0.53","Māure",NA,"ripples, clear",NA
2025-09-03,"11:27","Ngongotaha","2",NA,0.1,0.1,1,NA,NA,NA,"11.2",100.6,"1.19","0.53","Māure",NA,"ripples, clear",NA
2025-09-03,"11:27","Ngongotaha","3",NA,0.1,0,0,NA,NA,NA,"11.2",100.6,"1.19","0.53","Māure",NA,"ripples, clear",NA
2025-09-03,"11:59","Te Koutu","1",NA,0.1,0,0,NA,NA,NA,"12.9",115.2,"2.39","0.96","Māure",NA,"light wave action, hazy",NA
2025-09-03,"11:59","Te Koutu","2",NA,0.1,0,0,NA,NA,NA,"12.9",115.2,"2.39","0.96","Māure",NA,"light wave action, hazy",NA
2025-09-03,"11:59","Te Koutu","3",NA,0.1,0,0,NA,NA,NA,"12.9",115.2,"2.39","0.96","Māure",NA,"light wave action, hazy",NA
2025-09-03,"10:42","Lake Front","1",NA,0.1,0,0,NA,NA,NA,"12.8",96.4,"8.71","0.59","Māure",NA,"light wave action, hazy",NA
2025-09-03,"10:42","Lake Front","2",NA,0.1,0,0,NA,NA,NA,"12.8",96.4,"8.71","0.59","Māure",NA,"light wave action, hazy",NA
2025-09-03,"10:42","Lake Front","3",NA,0.1,0,0,NA,NA,NA,"12.8",96.4,"8.71","0.59","Māure",NA,"light wave action, hazy",NA
2025-09-05,"11:59","Hannah's Bay","1",NA,0.1,1.54,0.06,NA,NA,NA,"13.6",90.9,"2.22","0.32","Māwharau","Overcast, partial rains","ripples, hazy",NA
2025-09-05,"11:59","Hannah's Bay","2",NA,7.75,0.75,10.33,NA,NA,NA,"13.6",90.9,"2.22","0.32","Māwharau","Overcast, partial rains","ripples, hazy",NA
2025-09-05,"11:59","Hannah's Bay","3",NA,1,0.3,3.33,NA,NA,NA,"13.6",90.9,"2.22","0.32","Māwharau","Overcast, partial rains","ripples, hazy",NA
2025-09-05,"12:21","Te Pōhue","1",NA,0.1,0,0,NA,NA,NA,"14.2",98.1,"2.49","0.28","Māwharau",NA,"flat, clear",NA
2025-09-05,"12:21","Te Pōhue","2",NA,0.1,0.55,0.18,NA,NA,NA,"14.2",98.1,"2.49","0.28","Māwharau",NA,"flat, clear",NA
2025-09-05,"12:21","Te Pōhue","3",NA,13.13,1.49,8.81,NA,NA,NA,"14.2",98.1,"2.49","0.28","Māwharau",NA,"flat, clear",NA
2025-09-05,"12:54","Ohau Channel","1",NA,0.1,0.75,0.13,NA,NA,NA,"13.6",100.6,"2.28","0.16","Māwharau",NA,"moderate wave action, hazy",NA
2025-09-05,"12:54","Ohau Channel","2",NA,0.1,0,0,NA,NA,NA,"13.6",100.6,"2.28","0.16","Māwharau",NA,"moderate wave action, hazy",NA
2025-09-05,"12:54","Ohau Channel","3",NA,0.1,0,0,NA,NA,NA,"13.6",100.6,"2.28","0.16","Māwharau",NA,"moderate wave action, hazy",NA
2025-09-05,"13:19","Hamurana (East)","1",NA,0.1,0,0,NA,NA,NA,"13.9",97,"2.73","0.33","Māwharau",NA,"moderate wave action, murky",NA
2025-09-05,"13:19","Hamurana (East)","2",NA,0.1,0,0,NA,NA,NA,"13.9",97,"2.73","0.33","Māwharau",NA,"moderate wave action, murky",NA
2025-09-05,"13:19","Hamurana (East)","3",NA,0.1,0,0,NA,NA,NA,"13.9",97,"2.73","0.33","Māwharau",NA,"moderate wave action, murky",NA
2025-09-05,"13:28","Hamurana (bridge)","1",NA,0.1,0.75,0.13,NA,NA,NA,"14.4",107.5,"3.02","0.52","Māwharau",NA,"flat, clear",NA
2025-09-05,"13:28","Hamurana (bridge)","2",NA,0.1,0.25,0.4,NA,NA,NA,"14.4",107.5,"3.02","0.52","Māwharau",NA,"flat, clear",NA
2025-09-05,"13:28","Hamurana (bridge)","3",NA,0.1,0,0,NA,NA,NA,"14.4",107.5,"3.02","0.52","Māwharau",NA,"flat, clear",NA
2025-09-05,"13:40","Hamurana (West)","1",NA,0.1,0,0,NA,NA,NA,"13.5",102.6,"0.54","0.23","Māwharau",NA,"flat, clear",NA
2025-09-05,"13:40","Hamurana (West)","2",NA,31.91,0,0,NA,NA,NA,"13.5",102.6,"0.54","0.23","Māwharau",NA,"flat, clear",NA
2025-09-05,"13:40","Hamurana (West)","3",NA,0.1,0,0,NA,NA,NA,"13.5",102.6,"0.54","0.23","Māwharau",NA,"flat, clear",NA
2025-09-05,"14:18","Awahou (Tarimano)","1",NA,0.1,0,0,NA,NA,NA,"13.6",114.1,"0.57","0.46","Māwharau",NA,"flat, clear",NA
2025-09-05,"14:18","Awahou (Tarimano)","2",NA,0.1,0,0,NA,NA,NA,"13.6",114.1,"0.57","0.46","Māwharau",NA,"flat, clear",NA
2025-09-05,"14:18","Awahou (Tarimano)","3",NA,0.1,0,0,NA,NA,NA,"13.6",114.1,"0.57","0.46","Māwharau",NA,"flat, clear",NA
2025-09-05,"10:18","Ngongotaha","1",NA,0.1,0,0,NA,NA,NA,"11.7",97.7,"1.56","0.49","Māwharau",NA,"light wave action, clear",NA
2025-09-05,"10:18","Ngongotaha","2",NA,0.1,0.4,0.25,NA,NA,NA,"11.7",97.7,"1.56","0.49","Māwharau",NA,"light wave action, clear",NA
2025-09-05,"10:18","Ngongotaha","3",NA,0.1,2.42,0.02,NA,NA,NA,"11.7",97.7,"1.56","0.49","Māwharau",NA,"light wave action, clear",NA
2025-09-05,"11:03","Te Koutu","1",NA,0.1,1.14,0.08,NA,NA,NA,"12.5",105.3,"1.07","0.29","Māwharau",NA,"flat, clear",NA
2025-09-05,"11:03","Te Koutu","2",NA,0.1,2.32,0.04,NA,NA,NA,"12.5",105.3,"1.07","0.29","Māwharau",NA,"flat, clear",NA
2025-09-05,"11:03","Te Koutu","3",NA,0.1,0.85,0.11,NA,NA,NA,"12.5",105.3,"1.07","0.29","Māwharau",NA,"flat, clear",NA
2025-09-05,"9:57","Lake Front","1",NA,0.1,0,0,NA,NA,NA,"14.6",90.9,"5.48","0.56","Māwharau",NA,"flat, murky",NA
2025-09-05,"9:57","Lake Front","2",NA,0.1,0,0,NA,NA,NA,"14.6",90.9,"5.48","0.56","Māwharau",NA,"flat, murky",NA
2025-09-05,"9:57","Lake Front","3",NA,0.1,0,0,NA,NA,NA,"14.6",90.9,"5.48","0.56","Māwharau",NA,"flat, murky",NA
2025-09-08,NA,"Hannah's Bay","1",NA,0.1,0,0,NA,NA,NA,"12.3",101.5,"2.62","0.19","Rākaunui","Blue skies, partial cloud","flat, hazy",NA
2025-09-08,NA,"Hannah's Bay","2",NA,0.1,0,0,NA,NA,NA,"12.3",101.5,"2.62","0.19","Rākaunui","Blue skies, partial cloud","flat, hazy",NA
2025-09-08,NA,"Hannah's Bay","3",NA,0.1,0,0,NA,NA,NA,"12.3",101.5,"2.62","0.19","Rākaunui","Blue skies, partial cloud","flat, hazy",NA
2025-09-08,NA,"Te Pōhue","1",NA,0.1,0,0,NA,NA,NA,"12.8",97.7,"3.19","0.16","Rākaunui",NA,"flat, clear",NA
2025-09-08,NA,"Te Pōhue","2",NA,0.1,0,0,NA,NA,NA,"12.8",97.7,"3.19","0.16","Rākaunui",NA,"flat, clear",NA
2025-09-08,NA,"Te Pōhue","3",NA,0.1,0,0,NA,NA,NA,"12.8",97.7,"3.19","0.16","Rākaunui",NA,"flat, clear",NA
2025-09-08,NA,"Ohau Channel","1",NA,0.1,0,0,NA,NA,NA,"12.9",105.3,"3.54","0.18","Rākaunui",NA,"flat, clear",NA
2025-09-08,NA,"Ohau Channel","2",NA,0.1,0,0,NA,NA,NA,"12.9",105.3,"3.54","0.18","Rākaunui",NA,"flat, clear",NA
2025-09-08,NA,"Ohau Channel","3",NA,0.1,0,0,NA,NA,NA,"12.9",105.3,"3.54","0.18","Rākaunui",NA,"flat, clear",NA
2025-09-08,NA,"Hamurana (East)","1",NA,0.1,3.55,0.02,NA,NA,NA,"12.7",90.5,"17.78","3.82","Rākaunui",NA,"light wave action, murky",NA
2025-09-08,NA,"Hamurana (East)","2",NA,0.1,3.36,0.02,NA,NA,NA,"12.7",90.5,"17.78","3.82","Rākaunui",NA,"light wave action, murky",NA
2025-09-08,NA,"Hamurana (East)","3",NA,0.1,2.37,0.04,NA,NA,NA,"12.7",90.5,"17.78","3.82","Rākaunui",NA,"light wave action, murky",NA
2025-09-08,NA,"Hamurana (bridge)","1",NA,0.1,0,0,NA,NA,NA,"12.5",112.6,"1.21","0.14","Rākaunui",NA,"flat, clear",NA
2025-09-08,NA,"Hamurana (bridge)","2",NA,0.1,0,0,NA,NA,NA,"12.5",112.6,"1.21","0.14","Rākaunui",NA,"flat, clear",NA
2025-09-08,NA,"Hamurana (bridge)","3",NA,0.1,0,0,NA,NA,NA,"12.5",112.6,"1.21","0.14","Rākaunui",NA,"flat, clear",NA
2025-09-08,NA,"Hamurana (West)","1",NA,0.1,0.05,2,NA,NA,NA,"12.5",108.8,"2.46","0.27","Rākaunui",NA,"flat, clear",NA
2025-09-08,NA,"Hamurana (West)","2",NA,0.1,0.35,0.28,NA,NA,NA,"12.5",108.8,"2.46","0.27","Rākaunui",NA,"flat, clear",NA
2025-09-08,NA,"Hamurana (West)","3",NA,4.75,1.09,4.35,NA,NA,NA,"12.5",108.8,"2.46","0.27","Rākaunui",NA,"flat, clear",NA
2025-09-08,NA,"Awahou (Tarimano)","1",NA,0.1,0.75,0.13,NA,NA,NA,"13.4",105.5,"0.98","0.18","Rākaunui",NA,"moderate wave action, clear",NA
2025-09-08,NA,"Awahou (Tarimano)","2",NA,30.34,0.95,31.93,NA,NA,NA,"13.4",105.5,"0.98","0.18","Rākaunui",NA,"moderate wave action, clear",NA
2025-09-08,NA,"Awahou (Tarimano)","3",NA,8.5,30.75,11.33,NA,NA,NA,"13.4",105.5,"0.98","0.18","Rākaunui",NA,"moderate wave action, clear",NA
2025-09-08,NA,"Ngongotaha","1",NA,10.78,0.1,107.8,NA,NA,NA,"13.1",106.6,"7.34","0.66","Rākaunui",NA,"light wave action, hazy",NA
2025-09-08,NA,"Ngongotaha","2",NA,25.65,0.75,34.2,NA,NA,NA,"13.1",106.6,"7.34","0.66","Rākaunui",NA,"light wave action, hazy",NA
2025-09-08,NA,"Ngongotaha","3",NA,7.75,0.15,51.66,NA,NA,NA,"13.1",106.6,"7.34","0.66","Rākaunui",NA,"light wave action, hazy",NA
2025-09-08,NA,"Te Koutu","1",NA,0.1,0,0,NA,NA,NA,"12.9",110,"1.87","0.43","Rākaunui",NA,"light wave action, clear",NA
2025-09-08,NA,"Te Koutu","2",NA,0.1,0,0,NA,NA,NA,"12.9",110,"1.87","0.43","Rākaunui",NA,"light wave action, clear",NA
2025-09-08,NA,"Te Koutu","3",NA,0.1,0,0,NA,NA,NA,"12.9",110,"1.87","0.43","Rākaunui",NA,"light wave action, clear",NA
2025-09-08,NA,"Lake Front","1",NA,0.1,0,0,NA,NA,NA,"13.5",108.8,"1.08","0.22","Rākaunui",NA,"flat, clear",NA
2025-09-08,NA,"Lake Front","2",NA,0.1,0,0,NA,NA,NA,"13.5",108.8,"1.08","0.22","Rākaunui",NA,"flat, clear",NA
2025-09-08,NA,"Lake Front","3",NA,0.1,0,0,NA,NA,NA,"13.5",108.8,"1.08","0.22","Rākaunui",NA,"flat, clear",NA
2025-09-10,"11:48","Hannah's Bay","1",NA,17.82,2.67,6.67,NA,NA,NA,"13.5",95.9,"6.26","0.78","Takirau","Overcast, partial showers, high winds",NA,NA
2025-09-10,"11:48","Hannah's Bay","2",NA,0.1,0.8,0.12,NA,NA,NA,"13.5",95.9,"6.26","0.78","Takirau","Overcast, partial showers, high winds",NA,NA
2025-09-10,"11:48","Hannah's Bay","3",NA,0.1,0.55,0.18,NA,NA,NA,"13.5",95.9,"6.26","0.78","Takirau","Overcast, partial showers, high winds",NA,NA
2025-09-10,"12:30","Te Pōhue","1",NA,0.1,0.7,0.14,NA,NA,NA,"12.4",92.6,"8.76","0.67","Takirau",NA,NA,NA
2025-09-10,"12:30","Te Pōhue","2",NA,28,1.29,21.7,NA,NA,NA,"12.4",92.6,"8.76","0.67","Takirau",NA,NA,NA
2025-09-10,"12:30","Te Pōhue","3",NA,0.1,0.5,0.2,NA,NA,NA,"12.4",92.6,"8.76","0.67","Takirau",NA,NA,NA
2025-09-10,"12:42","Ohau Channel","1",NA,0.1,0.7,0.14,NA,NA,NA,"12.5",95,"6.26","0.78","Takirau",NA,NA,NA
2025-09-10,"12:42","Ohau Channel","2",NA,0.1,0.4,0.25,NA,NA,NA,"12.5",95,"6.26","0.78","Takirau",NA,NA,NA
2025-09-10,"12:42","Ohau Channel","3",NA,11.56,1.63,7.09,NA,NA,NA,"12.5",95,"6.26","0.78","Takirau",NA,NA,NA
2025-09-10,"13:03","Hamurana (East)","1",NA,13.91,1.39,10,NA,NA,NA,"12.7",95.8,"17.8","0.96","Takirau",NA,NA,NA
2025-09-10,"13:03","Hamurana (East)","2",NA,4,0.5,8,NA,NA,NA,"12.7",95.8,"17.8","0.96","Takirau",NA,NA,NA
2025-09-10,"13:03","Hamurana (East)","3",NA,13.91,1.34,10.38,NA,NA,NA,"12.7",95.8,"17.8","0.96","Takirau",NA,NA,NA
2025-09-10,"13:18","Hamurana (bridge)","1",NA,0.1,1.24,0.08,NA,NA,NA,"13.3",104.6,"6.82","0.76","Takirau",NA,NA,NA
2025-09-10,"13:18","Hamurana (bridge)","2",NA,0.1,0.15,0.66,NA,NA,NA,"13.3",104.6,"6.82","0.76","Takirau",NA,NA,NA
2025-09-10,"13:18","Hamurana (bridge)","3",NA,6.25,0.9,6.94,NA,NA,NA,"13.3",104.6,"6.82","0.76","Takirau",NA,NA,NA
2025-09-10,"13:30","Hamurana (West)","1",NA,0.1,0.15,0.66,NA,NA,NA,"13.1",102.7,"1.68","1.36","Takirau",NA,NA,NA
2025-09-10,"13:30","Hamurana (West)","2",NA,2.5,0.35,7.14,NA,NA,NA,"13.1",102.7,"1.68","1.36","Takirau",NA,NA,NA
2025-09-10,"13:30","Hamurana (West)","3",NA,35.82,0.65,55.1,NA,NA,NA,"13.1",102.7,"1.68","1.36","Takirau",NA,NA,NA
2025-09-10,"13:57","Awahou (Tarimano)","1",NA,1,0.7,1.42,NA,NA,NA,"13.3",104.9,"0.8","0.22","Takirau",NA,NA,NA
2025-09-10,"13:57","Awahou (Tarimano)","2",NA,0.1,0.9,0.11,NA,NA,NA,"13.3",104.9,"0.8","0.22","Takirau",NA,NA,NA
2025-09-10,"13:57","Awahou (Tarimano)","3",NA,0.1,0.1,0,NA,NA,NA,"13.3",104.9,"0.8","0.22","Takirau",NA,NA,NA
2025-09-10,"14:15","Ngongotaha","1",NA,0.1,0.3,0.33,NA,NA,NA,"14",102,"0.8","0.15","Takirau",NA,NA,NA
2025-09-10,"14:15","Ngongotaha","2",NA,0.1,1.25,0.08,NA,NA,NA,"14",102,"0.8","0.15","Takirau",NA,NA,NA
2025-09-10,"14:15","Ngongotaha","3",NA,0.1,0,0,NA,NA,NA,"14",102,"0.8","0.15","Takirau",NA,NA,NA
2025-09-10,"11:16","Te Koutu","1",NA,0.1,0,0,NA,NA,NA,"12.9",107.3,"1.21","0.34","Takirau",NA,NA,NA
2025-09-10,"11:16","Te Koutu","2",NA,0.1,0,0,NA,NA,NA,"12.9",107.3,"1.21","0.34","Takirau",NA,NA,NA
2025-09-10,"11:16","Te Koutu","3",NA,0.1,0,0,NA,NA,NA,"12.9",107.3,"1.21","0.34","Takirau",NA,NA,NA
2025-09-10,"11:28","Lake Front","1",NA,0.1,1.63,0.06,NA,NA,NA,"15.5",96.5,"5.28","1.03","Takirau",NA,NA,NA
2025-09-10,"11:28","Lake Front","2",NA,0.1,1.14,0.08,NA,NA,NA,"15.5",96.5,"5.28","1.03","Takirau",NA,NA,NA
2025-09-10,"11:28","Lake Front","3",NA,0.1,0.95,0.1,NA,NA,NA,"15.5",96.5,"5.28","1.03","Takirau",NA,NA,NA
2025-09-12,"11:09","Hannah's Bay","1",NA,0.1,0,0,NA,NA,NA,"12.1",90.4,"4.14","1.16","Korekore-te-whiwhia","Overcast, periods of rain",NA,NA
2025-09-12,"11:09","Hannah's Bay","2",NA,0.1,0,0,NA,NA,NA,"12.1",90.4,"4.14","1.16","Korekore-te-whiwhia","Overcast, periods of rain",NA,NA
2025-09-12,"11:09","Hannah's Bay","3",NA,0.1,0,0,NA,NA,NA,"12.1",90.4,"4.14","1.16","Korekore-te-whiwhia","Overcast, periods of rain",NA,NA
2025-09-12,"11:31","Te Pōhue","1",NA,0.1,0,0,NA,NA,NA,"12.5",98.7,"3.76","0.33","Korekore-te-whiwhia",NA,NA,NA
2025-09-12,"11:31","Te Pōhue","2",NA,0.1,1.39,0.07,NA,NA,NA,"12.5",98.7,"3.76","0.33","Korekore-te-whiwhia",NA,NA,NA
2025-09-12,"11:31","Te Pōhue","3",NA,0.1,2.47,0.04,NA,NA,NA,"12.5",98.7,"3.76","0.33","Korekore-te-whiwhia",NA,NA,NA
2025-09-12,"11:52","Ohau Channel","1",NA,0.1,1.88,0.05,NA,NA,NA,"12.2",92.7,"4.14","1.12","Korekore-te-whiwhia",NA,NA,NA
2025-09-12,"11:52","Ohau Channel","2",NA,13.91,2.22,6.26,NA,NA,NA,"12.2",92.7,"4.14","1.12","Korekore-te-whiwhia",NA,NA,NA
2025-09-12,"11:52","Ohau Channel","3",NA,0.1,2.13,0.04,NA,NA,NA,"12.2",92.7,"4.14","1.12","Korekore-te-whiwhia",NA,NA,NA
2025-09-12,"12:11","Hamurana (East)","1",NA,0.1,0.75,0.13,NA,NA,NA,"12.2",92.8,"6.3","4.38","Korekore-te-whiwhia",NA,NA,NA
2025-09-12,"12:11","Hamurana (East)","2",NA,0.1,1.49,0.06,NA,NA,NA,"12.2",92.8,"6.3","4.38","Korekore-te-whiwhia",NA,NA,NA
2025-09-12,"12:11","Hamurana (East)","3",NA,0.1,2.03,0.04,NA,NA,NA,"12.2",92.8,"6.3","4.38","Korekore-te-whiwhia",NA,NA,NA
2025-09-12,"12:21","Hamurana (bridge)","1",NA,0.1,0.4,0.25,NA,NA,NA,"12.2",97.9,"6.99","0.83","Korekore-te-whiwhia",NA,NA,NA
2025-09-12,"12:21","Hamurana (bridge)","2",NA,0.1,1.49,0.06,NA,NA,NA,"12.2",97.9,"6.99","0.83","Korekore-te-whiwhia",NA,NA,NA
2025-09-12,"12:21","Hamurana (bridge)","3",NA,0.1,0.2,0.5,NA,NA,NA,"12.2",97.9,"6.99","0.83","Korekore-te-whiwhia",NA,NA,NA
2025-09-12,"12:51","Hamurana (West)","1",NA,0.1,0,0,NA,NA,NA,"12",95.7,"2.48","0.4","Korekore-te-whiwhia",NA,NA,NA
2025-09-12,"12:51","Hamurana (West)","2",NA,0.1,0.85,0.11,NA,NA,NA,"12",95.7,"2.48","0.4","Korekore-te-whiwhia",NA,NA,NA
2025-09-12,"12:51","Hamurana (West)","3",NA,7,0.25,28,NA,NA,NA,"12",95.7,"2.48","0.4","Korekore-te-whiwhia",NA,NA,NA
2025-09-12,"13:07","Awahou (Tarimano)","1",NA,0.1,0,0,NA,NA,NA,"12.1",96.1,"1.32","0.77","Korekore-te-whiwhia",NA,NA,NA
2025-09-12,"13:07","Awahou (Tarimano)","2",NA,0.1,0.5,0.2,NA,NA,NA,"12.1",96.1,"1.32","0.77","Korekore-te-whiwhia",NA,NA,NA
2025-09-12,"13:07","Awahou (Tarimano)","3",NA,0.1,1.49,0.06,NA,NA,NA,"12.1",96.1,"1.32","0.77","Korekore-te-whiwhia",NA,NA,NA
2025-09-12,"13:39","Ngongotaha","1",NA,3.25,0,0,NA,NA,NA,"11.7",100.8,"2.87","0.47","Korekore-te-whiwhia",NA,NA,NA
2025-09-12,"13:39","Ngongotaha","2",NA,34.26,0,0,NA,NA,NA,"11.7",100.8,"2.87","0.47","Korekore-te-whiwhia",NA,NA,NA
2025-09-12,"13:39","Ngongotaha","3",NA,20.95,0,0,NA,NA,NA,"11.7",100.8,"2.87","0.47","Korekore-te-whiwhia",NA,NA,NA
2025-09-12,"13:21","Te Koutu","1",NA,0.1,0,0,NA,NA,NA,"12.1",101.1,"1.12","0.61","Korekore-te-whiwhia",NA,NA,NA
2025-09-12,"13:21","Te Koutu","2",NA,0.1,1.39,0.07,NA,NA,NA,"12.1",101.1,"1.12","0.61","Korekore-te-whiwhia",NA,NA,NA
2025-09-12,"13:21","Te Koutu","3",NA,0.1,1.19,0,NA,NA,NA,"12.1",101.1,"1.12","0.61","Korekore-te-whiwhia",NA,NA,NA
2025-09-12,"12:52","Lake Front","1",NA,0.1,0.2,0.5,NA,NA,NA,"14",104.9,"6.78","0.41","Korekore-te-whiwhia",NA,NA,NA
2025-09-12,"12:52","Lake Front","2",NA,0.1,0,0,NA,NA,NA,"14",104.9,"6.78","0.41","Korekore-te-whiwhia",NA,NA,NA
2025-09-12,"12:52","Lake Front","3",NA,0.1,0.25,0.4,NA,NA,NA,"14",104.9,"6.78","0.41","Korekore-te-whiwhia",NA,NA,NA
2025-09-16,NA,"Hannah's Bay","1",NA,0.1,0,0,NA,NA,NA,"12.2",98.2,"3.76","0.29","Tangaroa-ā-roto","Sunny, partial cloud",NA,NA
2025-09-16,NA,"Hannah's Bay","2",NA,0.1,0,0,NA,NA,NA,"12.2",98.2,"3.76","0.29","Tangaroa-ā-roto","Sunny, partial cloud",NA,NA
2025-09-16,NA,"Hannah's Bay","3",NA,0.1,0.7,0.14,NA,NA,NA,"12.2",98.2,"3.76","0.29","Tangaroa-ā-roto","Sunny, partial cloud",NA,NA
2025-09-16,NA,"Te Pōhue","1",NA,0.1,0,0,NA,NA,NA,"12.9",96.3,"1.31","0.78","Tangaroa-ā-roto",NA,NA,NA
2025-09-16,NA,"Te Pōhue","2",NA,0.1,0,0,NA,NA,NA,"12.9",96.3,"1.31","0.78","Tangaroa-ā-roto",NA,NA,NA
2025-09-16,NA,"Te Pōhue","3",NA,0.1,0,0,NA,NA,NA,"12.9",96.3,"1.31","0.78","Tangaroa-ā-roto",NA,NA,NA
2025-09-16,NA,"Ohau Channel","1",NA,0.1,0.76,0.09,NA,NA,NA,"13.1",92.2,"3.32","0.4","Tangaroa-ā-roto",NA,NA,NA
2025-09-16,NA,"Ohau Channel","2",NA,0.1,0,0,NA,NA,NA,"13.1",92.2,"3.32","0.4","Tangaroa-ā-roto",NA,NA,NA
2025-09-16,NA,"Ohau Channel","3",NA,0.1,0,0,NA,NA,NA,"13.1",92.2,"3.32","0.4","Tangaroa-ā-roto",NA,NA,NA
2025-09-16,NA,"Hamurana (East)","1",NA,0.1,0.45,0.22,NA,NA,NA,"12.5",102.2,"2.94","0.86","Tangaroa-ā-roto",NA,NA,NA
2025-09-16,NA,"Hamurana (East)","2",NA,0.1,1.66,0.06,NA,NA,NA,"12.5",102.2,"2.94","0.86","Tangaroa-ā-roto",NA,NA,NA
2025-09-16,NA,"Hamurana (East)","3",NA,0.1,1.9,0.04,NA,NA,NA,"12.5",102.2,"2.94","0.86","Tangaroa-ā-roto",NA,NA,NA
2025-09-16,NA,"Hamurana (bridge)","1",NA,0.1,0,0,NA,NA,NA,"12.1",98.7,"4.41","1.01","Tangaroa-ā-roto",NA,NA,NA
2025-09-16,NA,"Hamurana (bridge)","2",NA,0.1,0.8,0.12,NA,NA,NA,"12.1",98.7,"4.41","1.01","Tangaroa-ā-roto",NA,NA,NA
2025-09-16,NA,"Hamurana (bridge)","3",NA,0.1,1,0.1,NA,NA,NA,"12.1",98.7,"4.41","1.01","Tangaroa-ā-roto",NA,NA,NA
2025-09-16,NA,"Hamurana (West)","1",NA,0.1,1.5,0.05,NA,NA,NA,"13.3",99.1,"1.76","0.58","Tangaroa-ā-roto",NA,NA,NA
2025-09-16,NA,"Hamurana (West)","2",NA,0.1,0,0,NA,NA,NA,"13.3",99.1,"1.76","0.58","Tangaroa-ā-roto",NA,NA,NA
2025-09-16,NA,"Hamurana (West)","3",NA,0.1,0,0,NA,NA,NA,"13.3",99.1,"1.76","0.58","Tangaroa-ā-roto",NA,NA,NA
2025-09-16,NA,"Awahou (Tarimano)","1",NA,0.1,0,0,NA,NA,NA,"12.9",105.5,"0.49","0.21","Tangaroa-ā-roto",NA,NA,NA
2025-09-16,NA,"Awahou (Tarimano)","2",NA,0.1,0,0,NA,NA,NA,"12.9",105.5,"0.49","0.21","Tangaroa-ā-roto",NA,NA,NA
2025-09-16,NA,"Awahou (Tarimano)","3",NA,0.1,0,0,NA,NA,NA,"12.9",105.5,"0.49","0.21","Tangaroa-ā-roto",NA,NA,NA
2025-09-16,NA,"Ngongotaha","1",NA,0.1,0,0,NA,NA,NA,"14.4",110.1,"1.12","0.55","Tangaroa-ā-roto",NA,NA,NA
2025-09-16,NA,"Ngongotaha","2",NA,0.1,0,0,NA,NA,NA,"14.4",110.1,"1.12","0.55","Tangaroa-ā-roto",NA,NA,NA
2025-09-16,NA,"Ngongotaha","3",NA,0.1,0,0,NA,NA,NA,"14.4",110.1,"1.12","0.55","Tangaroa-ā-roto",NA,NA,NA
2025-09-16,NA,"Te Koutu","1",NA,0.1,0,0,NA,NA,NA,"12.6",109.9,"3.21","0.74","Tangaroa-ā-roto",NA,NA,NA
2025-09-16,NA,"Te Koutu","2",NA,0.1,0,0,NA,NA,NA,"12.6",109.9,"3.21","0.74","Tangaroa-ā-roto",NA,NA,NA
2025-09-16,NA,"Te Koutu","3",NA,0.1,0,0,NA,NA,NA,"12.6",109.9,"3.21","0.74","Tangaroa-ā-roto",NA,NA,NA
2025-09-16,NA,"Lake Front","1",NA,0.1,0,0,NA,NA,NA,"15.7",101.9,"11.54","0.98","Tangaroa-ā-roto",NA,NA,NA
2025-09-16,NA,"Lake Front","2",NA,0.1,0,0,NA,NA,NA,"15.7",101.9,"11.54","0.98","Tangaroa-ā-roto",NA,NA,NA
2025-09-16,NA,"Lake Front","3",NA,0.1,0,0,NA,NA,NA,"15.7",101.9,"11.54","0.98","Tangaroa-ā-roto",NA,NA,NA
2025-09-18,NA,"Hannah's Bay","1",NA,7.75,1.44,5.38,NA,NA,NA,"Probe anavailable",NA,NA,NA,"Ōtane","Cloudy, periods of rain, high winds",NA,"Probe unavailable for use this day"
2025-09-18,NA,"Hannah's Bay","2",NA,5.5,2.47,2.22,NA,NA,NA,"Probe anavailable",NA,NA,NA,"Ōtane","Cloudy, periods of rain, high winds",NA,NA
2025-09-18,NA,"Hannah's Bay","3",NA,3.25,2.22,1.46,NA,NA,NA,"Probe anavailable",NA,NA,NA,"Ōtane","Cloudy, periods of rain, high winds",NA,NA
2025-09-18,NA,"Te Pōhue","1",NA,13.91,4.09,3.4,NA,NA,NA,NA,NA,NA,NA,"Ōtane",NA,NA,NA
2025-09-18,NA,"Te Pōhue","2",NA,67.13,3.4,19.74,NA,NA,NA,NA,NA,NA,NA,"Ōtane",NA,NA,NA
2025-09-18,NA,"Te Pōhue","3",NA,68.69,4.14,16.59,NA,NA,NA,NA,NA,NA,NA,"Ōtane",NA,NA,NA
2025-09-18,NA,"Ohau Channel","1",NA,3.25,1.39,2.33,NA,NA,NA,NA,NA,NA,NA,"Ōtane",NA,NA,NA
2025-09-18,NA,"Ohau Channel","2",NA,23.3,3.26,7.14,NA,NA,NA,NA,NA,NA,NA,"Ōtane",NA,NA,NA
2025-09-18,NA,"Ohau Channel","3",NA,66.34,2.57,25.81,NA,NA,NA,NA,NA,NA,NA,"Ōtane",NA,NA,NA
2025-09-18,NA,"Hamurana (East)","1",NA,25.65,1.63,15.73,NA,NA,NA,NA,NA,NA,NA,"Ōtane",NA,NA,NA
2025-09-18,NA,"Hamurana (East)","2",NA,42.08,1.63,25.81,NA,NA,NA,NA,NA,NA,NA,"Ōtane",NA,NA,NA
2025-09-18,NA,"Hamurana (East)","3",NA,7,1.88,3.72,NA,NA,NA,NA,NA,NA,NA,"Ōtane",NA,NA,NA
2025-09-18,NA,"Hamurana (bridge)","1",NA,0.1,0,0,NA,NA,NA,NA,NA,NA,NA,"Ōtane",NA,NA,NA
2025-09-18,NA,"Hamurana (bridge)","2",NA,0.1,0,0,NA,NA,NA,NA,NA,NA,NA,"Ōtane",NA,NA,NA
2025-09-18,NA,"Hamurana (bridge)","3",NA,0.1,0,0,NA,NA,NA,NA,NA,NA,NA,"Ōtane",NA,NA,NA
2025-09-18,NA,"Hamurana (West)","1",NA,0.1,0,0,NA,NA,NA,NA,NA,NA,NA,"Ōtane",NA,NA,NA
2025-09-18,NA,"Hamurana (West)","2",NA,0.1,0,0,NA,NA,NA,NA,NA,NA,NA,"Ōtane",NA,NA,NA
2025-09-18,NA,"Hamurana (West)","3",NA,0.1,0,0,NA,NA,NA,NA,NA,NA,NA,"Ōtane",NA,NA,NA
2025-09-18,NA,"Awahou (Tarimano)","1",NA,0.1,0,0,NA,NA,NA,NA,NA,NA,NA,"Ōtane",NA,NA,NA
2025-09-18,NA,"Awahou (Tarimano)","2",NA,0.1,0,0,NA,NA,NA,NA,NA,NA,NA,"Ōtane",NA,NA,NA
2025-09-18,NA,"Awahou (Tarimano)","3",NA,11.56,0,0,NA,NA,NA,NA,NA,NA,NA,"Ōtane",NA,NA,NA
2025-09-18,NA,"Ngongotaha","1",NA,0.1,0,0,NA,NA,NA,NA,NA,NA,NA,"Ōtane",NA,NA,NA
2025-09-18,NA,"Ngongotaha","2",NA,18.6,0,0,NA,NA,NA,NA,NA,NA,NA,"Ōtane",NA,NA,NA
2025-09-18,NA,"Ngongotaha","3",NA,28.78,0,0,NA,NA,NA,NA,NA,NA,NA,"Ōtane",NA,NA,NA
2025-09-18,NA,"Te Koutu","1",NA,0.1,1.14,0,NA,NA,NA,NA,NA,NA,NA,"Ōtane",NA,NA,NA
2025-09-18,NA,"Te Koutu","2",NA,0.1,0,0,NA,NA,NA,NA,NA,NA,NA,"Ōtane",NA,NA,NA
2025-09-18,NA,"Te Koutu","3",NA,0.1,0,0,NA,NA,NA,NA,NA,NA,NA,"Ōtane",NA,NA,NA
2025-09-18,NA,"Lake Front","1",NA,0.1,4,0.02,NA,NA,NA,NA,NA,NA,NA,"Ōtane",NA,NA,NA
2025-09-18,NA,"Lake Front","2",NA,37.39,5.52,6.77,NA,NA,NA,NA,NA,NA,NA,"Ōtane",NA,NA,NA
2025-09-18,NA,"Lake Front","3",NA,3.25,5.08,0.63,NA,NA,NA,NA,NA,NA,NA,"Ōtane",NA,NA,NA
2025-09-20,NA,"Hannah's Bay","1",NA,0.1,0,0,NA,NA,NA,"13.9",93.3,"2.65","0.1","Ōrongomauri","Sunny, no wind","Flat, clear",NA
2025-09-20,NA,"Hannah's Bay","2",NA,0.1,1.54,0.06,NA,NA,NA,"13.9",93.3,"2.65","0.1","Ōrongomauri","Sunny, no wind","Flat, clear",NA
2025-09-20,NA,"Hannah's Bay","3",NA,29.56,0.85,34.77,NA,NA,NA,"13.9",93.3,"2.65","0.1","Ōrongomauri","Sunny, no wind","Flat, clear",NA
2025-09-20,NA,"Te Pōhue","1",NA,18.6,2.57,7.23,NA,NA,NA,"16.4",97.1,"19.04","0.16","Ōrongomauri",NA,"Ripples, clear",NA
2025-09-20,NA,"Te Pōhue","2",NA,0.1,0,0,NA,NA,NA,"16.4",97.1,"19.04","0.16","Ōrongomauri",NA,"Ripples, clear",NA
2025-09-20,NA,"Te Pōhue","3",NA,12.34,0.25,49.36,NA,NA,NA,"16.4",97.1,"19.04","0.16","Ōrongomauri",NA,"Ripples, clear",NA
2025-09-20,NA,"Ohau Channel","1",NA,4.75,0.95,5,NA,NA,NA,"14.1",96.4,"4.54","0.09","Ōrongomauri",NA,"Flat, clear",NA
2025-09-20,NA,"Ohau Channel","2",NA,5.5,0.5,11,NA,NA,NA,"14.1",96.4,"4.54","0.09","Ōrongomauri",NA,"Flat, clear",NA
2025-09-20,NA,"Ohau Channel","3",NA,0.1,0,0,NA,NA,NA,"14.1",96.4,"4.54","0.09","Ōrongomauri",NA,"Flat, clear",NA
2025-09-20,NA,"Hamurana (East)","1",NA,0.1,0,0,NA,NA,NA,"16.5",102.5,"1.42","0.06","Ōrongomauri",NA,"Flat, clear",NA
2025-09-20,NA,"Hamurana (East)","2",NA,0.1,0,0,NA,NA,NA,"16.5",102.5,"1.42","0.06","Ōrongomauri",NA,"Flat, clear",NA
2025-09-20,NA,"Hamurana (East)","3",NA,0.1,0,0,NA,NA,NA,"16.5",102.5,"1.42","0.06","Ōrongomauri",NA,"Flat, clear",NA
2025-09-20,NA,"Hamurana (bridge)","1",NA,0.1,0,0,NA,NA,NA,"13.5",101.1,"2.27","0.14","Ōrongomauri",NA,"Flat, clear",NA
2025-09-20,NA,"Hamurana (bridge)","2",NA,31.91,0,0,NA,NA,NA,"13.5",101.1,"2.27","0.14","Ōrongomauri",NA,"Flat, clear",NA
2025-09-20,NA,"Hamurana (bridge)","3",NA,0.1,0.1,1,NA,NA,NA,"13.5",101.1,"2.27","0.14","Ōrongomauri",NA,"Flat, clear",NA
2025-09-20,NA,"Hamurana (West)","1",NA,7.75,0,0,NA,NA,NA,"14",108.6,"9.37","0.65","Ōrongomauri",NA,"Light wave action, clear",NA
2025-09-20,NA,"Hamurana (West)","2",NA,0.1,0,0,NA,NA,NA,"14",108.6,"9.37","0.65","Ōrongomauri",NA,"Light wave action, clear",NA
2025-09-20,NA,"Hamurana (West)","3",NA,0.1,0,0,NA,NA,NA,"14",108.6,"9.37","0.65","Ōrongomauri",NA,"Light wave action, clear",NA
2025-09-20,NA,"Awahou (Tarimano)","1",NA,0.1,2.62,0.03,NA,NA,NA,"13.2",110.2,"4.32","0.41","Ōrongomauri",NA,"Light wave action, clear",NA
2025-09-20,NA,"Awahou (Tarimano)","2",NA,0.1,0.85,0.11,NA,NA,NA,"13.2",110.2,"4.32","0.41","Ōrongomauri",NA,"Light wave action, clear",NA
2025-09-20,NA,"Awahou (Tarimano)","3",NA,0.1,1.09,0.09,NA,NA,NA,"13.2",110.2,"4.32","0.41","Ōrongomauri",NA,"Light wave action, clear",NA
2025-09-20,NA,"Ngongotaha","1",NA,0.1,0,0,NA,NA,NA,"14.4",118.9,"2.23","0.11","Ōrongomauri",NA,"light wave action, murky-ish",NA
2025-09-20,NA,"Ngongotaha","2",NA,11.56,0,0,NA,NA,NA,"14.4",118.9,"2.23","0.11","Ōrongomauri",NA,"light wave action, murky-ish",NA
2025-09-20,NA,"Ngongotaha","3",NA,0.1,1.14,0.08,NA,NA,NA,"14.4",118.9,"2.23","0.11","Ōrongomauri",NA,"light wave action, murky-ish",NA
2025-09-20,NA,"Te Koutu","1",NA,43.65,1.59,27.45,NA,NA,NA,"13.5",100.8,"7.05","0.5","Ōrongomauri",NA,"flat, clear",NA
2025-09-20,NA,"Te Koutu","2",NA,0.1,0.2,0.5,NA,NA,NA,"13.5",100.8,"7.05","0.5","Ōrongomauri",NA,"flat, clear",NA
2025-09-20,NA,"Te Koutu","3",NA,26.43,0,0,NA,NA,NA,"13.5",100.8,"7.05","0.5","Ōrongomauri",NA,"flat, clear",NA
2025-09-20,NA,"Lake Front","1",NA,0.1,0,0,NA,NA,NA,"13.3",110,"1.67","0.17","Ōrongomauri",NA,"ripples, clear",NA
2025-09-20,NA,"Lake Front","2",NA,0.1,0,0,NA,NA,NA,"13.3",110,"1.67","0.17","Ōrongomauri",NA,"ripples, clear",NA
2025-09-20,NA,"Lake Front","3",NA,0.1,0,0,NA,NA,NA,"13.3",110,"1.67","0.17","Ōrongomauri",NA,"ripples, clear",NA
2025-09-22,NA,"Hannah's Bay","1",NA,0.1,0,0,NA,NA,NA,"13.9",98.8,"3.52","0.42","Whirowhiti","clear skies, partial clouds",NA,NA
2025-09-22,NA,"Hannah's Bay","2",NA,0.1,0,0,NA,NA,NA,"13.9",98.8,"3.52","0.42","Whirowhiti","clear skies, partial clouds",NA,NA
2025-09-22,NA,"Hannah's Bay","3",NA,0.1,0,0,NA,NA,NA,"13.9",98.8,"3.52","0.42","Whirowhiti","clear skies, partial clouds",NA,NA
2025-09-22,NA,"Te Pōhue","1",NA,0.1,0,0,NA,NA,NA,"13.4",96.6,"3.24","0.45","Whirowhiti",NA,NA,NA
2025-09-22,NA,"Te Pōhue","2",NA,0.1,0,0,NA,NA,NA,"13.4",96.6,"3.24","0.45","Whirowhiti",NA,NA,NA
2025-09-22,NA,"Te Pōhue","3",NA,0.1,0,0,NA,NA,NA,"13.4",96.6,"3.24","0.45","Whirowhiti",NA,NA,NA
2025-09-22,NA,"Ohau Channel","1",NA,0.1,0,0,NA,NA,NA,"12.4",104.5,"1.48","0.66","Whirowhiti",NA,NA,NA
2025-09-22,NA,"Ohau Channel","2",NA,0.1,0,0,NA,NA,NA,"12.4",104.5,"1.48","0.66","Whirowhiti",NA,NA,NA
2025-09-22,NA,"Ohau Channel","3",NA,0.1,0,0,NA,NA,NA,"12.4",104.5,"1.48","0.66","Whirowhiti",NA,NA,NA
2025-09-22,NA,"Hamurana (East)","1",NA,0.1,0,0,NA,NA,NA,"12.7",105.8,"1.32","1.42","Whirowhiti",NA,NA,NA
2025-09-22,NA,"Hamurana (East)","2",NA,0.1,0,0,NA,NA,NA,"12.7",105.8,"1.32","1.42","Whirowhiti",NA,NA,NA
2025-09-22,NA,"Hamurana (East)","3",NA,0.1,0,0,NA,NA,NA,"12.7",105.8,"1.32","1.42","Whirowhiti",NA,NA,NA
2025-09-22,NA,"Hamurana (bridge)","1",NA,0.1,0,0,NA,NA,NA,"13.2",111.8,"0.5","0.11","Whirowhiti",NA,NA,NA
2025-09-22,NA,"Hamurana (bridge)","2",NA,0.1,0,0,NA,NA,NA,"13.2",111.8,"0.5","0.11","Whirowhiti",NA,NA,NA
2025-09-22,NA,"Hamurana (bridge)","3",NA,0.1,0,0,NA,NA,NA,"13.2",111.8,"0.5","0.11","Whirowhiti",NA,NA,NA
2025-09-22,NA,"Hamurana (West)","1",NA,0.1,0,0,NA,NA,NA,"13.7",121.4,"0.51","0.09","Whirowhiti",NA,NA,NA
2025-09-22,NA,"Hamurana (West)","2",NA,0.1,0,0,NA,NA,NA,"13.7",121.4,"0.51","0.09","Whirowhiti",NA,NA,NA
2025-09-22,NA,"Hamurana (West)","3",NA,0.1,0,0,NA,NA,NA,"13.7",121.4,"0.51","0.09","Whirowhiti",NA,NA,NA
2025-09-22,NA,"Awahou (Tarimano)","1",NA,0.1,0,0,NA,NA,NA,"13",100.8,"0.71","0.27","Whirowhiti",NA,NA,NA
2025-09-22,NA,"Awahou (Tarimano)","2",NA,0.1,0,0,NA,NA,NA,"13",100.8,"0.71","0.27","Whirowhiti",NA,NA,NA
2025-09-22,NA,"Awahou (Tarimano)","3",NA,0.1,0,0,NA,NA,NA,"13",100.8,"0.71","0.27","Whirowhiti",NA,NA,NA
2025-09-22,NA,"Ngongotaha","1",NA,0.1,14.24,0,NA,NA,NA,"12.7",107.7,"2.11","0.37","Whirowhiti",NA,NA,NA
2025-09-22,NA,"Ngongotaha","2",NA,0.1,20.41,0,NA,NA,NA,"12.7",107.7,"2.11","0.37","Whirowhiti",NA,NA,NA
2025-09-22,NA,"Ngongotaha","3",NA,0.1,13.44,0,NA,NA,NA,"12.7",107.7,"2.11","0.37","Whirowhiti",NA,NA,NA
2025-09-22,NA,"Te Koutu","1",NA,0.1,0,0,NA,NA,NA,"13.3",109.1,"4.73","1.37","Whirowhiti",NA,NA,NA
2025-09-22,NA,"Te Koutu","2",NA,0.1,0.85,0,NA,NA,NA,"13.3",109.1,"4.73","1.37","Whirowhiti",NA,NA,NA
2025-09-22,NA,"Te Koutu","3",NA,0.1,0,0,NA,NA,NA,"13.3",109.1,"4.73","1.37","Whirowhiti",NA,NA,NA
2025-09-22,"14:48","Lake Front","1",NA,0.1,7.39,0.01,NA,NA,NA,"16.4",89.9,"27.7","5.1","Whirowhiti",NA,NA,NA
2025-09-22,"14:48","Lake Front","2",NA,23.3,6.8,3.42,NA,NA,NA,"16.4",89.9,"27.7","5.1","Whirowhiti",NA,NA,NA
2025-09-22,"14:48","Lake Front","3",NA,0.1,6.06,0.01,NA,NA,NA,"16.4",89.9,"27.7","5.1","Whirowhiti",NA,NA,NA
2025-09-24,NA,"Hannah's Bay","1",NA,0.1,0,0,NA,NA,NA,"14.3",90.6,"3.37","0.83","Hoata","Sunny",NA,NA
2025-09-24,NA,"Hannah's Bay","2",NA,0.1,0,0,NA,NA,NA,"14.3",90.6,"3.37","0.83","Hoata","Sunny",NA,NA
2025-09-24,NA,"Hannah's Bay","3",NA,0.1,0,0,NA,NA,NA,"14.3",90.6,"3.37","0.83","Hoata","Sunny",NA,NA
2025-09-24,NA,"Te Pōhue","1",NA,0.1,0,0,NA,NA,NA,"13.1",94.2,"17.59","1.55","Hoata",NA,NA,NA
2025-09-24,NA,"Te Pōhue","2",NA,0.1,0,0,NA,NA,NA,"13.1",94.2,"17.59","1.55","Hoata",NA,NA,NA
2025-09-24,NA,"Te Pōhue","3",NA,0.1,0,0,NA,NA,NA,"13.1",94.2,"17.59","1.55","Hoata",NA,NA,NA
2025-09-24,NA,"Ohau Channel","1",NA,0.1,0,0,NA,NA,NA,"12.1",102.3,"2.07","4.2","Hoata",NA,NA,NA
2025-09-24,NA,"Ohau Channel","2",NA,0.1,0,0,NA,NA,NA,"12.1",102.3,"2.07","4.2","Hoata",NA,NA,NA
2025-09-24,NA,"Ohau Channel","3",NA,0.1,0,0,NA,NA,NA,"12.1",102.3,"2.07","4.2","Hoata",NA,NA,NA
2025-09-24,NA,"Hamurana (East)","1",NA,0.1,0,0,NA,NA,NA,"12.5",99.6,"2.22","2.64","Hoata",NA,NA,NA
2025-09-24,NA,"Hamurana (East)","2",NA,0.1,0,0,NA,NA,NA,"12.5",99.6,"2.22","2.64","Hoata",NA,NA,NA
2025-09-24,NA,"Hamurana (East)","3",NA,0.1,0,0,NA,NA,NA,"12.5",99.6,"2.22","2.64","Hoata",NA,NA,NA
2025-09-24,NA,"Hamurana (bridge)","1",NA,0.1,0,0,NA,NA,NA,"13.5",102.8,"1.18","0.35","Hoata",NA,NA,NA
2025-09-24,NA,"Hamurana (bridge)","2",NA,0.1,0,0,NA,NA,NA,"13.5",102.8,"1.18","0.35","Hoata",NA,NA,NA
2025-09-24,NA,"Hamurana (bridge)","3",NA,0.1,0,0,NA,NA,NA,"13.5",102.8,"1.18","0.35","Hoata",NA,NA,NA
2025-09-24,NA,"Hamurana (West)","1",NA,0.1,0,0,NA,NA,NA,"14.2",111.2,"11.12","0.37","Hoata",NA,NA,NA
2025-09-24,NA,"Hamurana (West)","2",NA,0.1,0,0,NA,NA,NA,"14.2",111.2,"11.12","0.37","Hoata",NA,NA,NA
2025-09-24,NA,"Hamurana (West)","3",NA,0.1,0,0,NA,NA,NA,"14.2",111.2,"11.12","0.37","Hoata",NA,NA,NA
2025-09-24,NA,"Awahou (Tarimano)","1",NA,0.1,0,0,NA,NA,NA,"12.9",96.8,"2.05","0.46","Hoata",NA,NA,NA
2025-09-24,NA,"Awahou (Tarimano)","2",NA,0.1,0,0,NA,NA,NA,"12.9",96.8,"2.05","0.46","Hoata",NA,NA,NA
2025-09-24,NA,"Awahou (Tarimano)","3",NA,0.1,0,0,NA,NA,NA,"12.9",96.8,"2.05","0.46","Hoata",NA,NA,NA
2025-09-24,NA,"Ngongotaha","1",NA,0.1,1.09,0.09,NA,NA,NA,"13.5",98.4,"5.96","0.51","Hoata",NA,NA,NA
2025-09-24,NA,"Ngongotaha","2",NA,0.1,0,0,NA,NA,NA,"13.5",98.4,"5.96","0.51","Hoata",NA,NA,NA
2025-09-24,NA,"Ngongotaha","3",NA,0.1,0,0,NA,NA,NA,"13.5",98.4,"5.96","0.51","Hoata",NA,NA,NA
2025-09-24,NA,"Te Koutu","1",NA,0.1,0,0,NA,NA,NA,"13.7",100.5,"8.65","3.02","Hoata",NA,NA,NA
2025-09-24,NA,"Te Koutu","2",NA,0.1,0,0,NA,NA,NA,"13.7",100.5,"8.65","3.02","Hoata",NA,NA,NA
2025-09-24,NA,"Te Koutu","3",NA,0.1,0,0,NA,NA,NA,"13.7",100.5,"8.65","3.02","Hoata",NA,NA,NA
2025-09-24,NA,"Lake Front","1",NA,0.1,0,0,NA,NA,NA,"17.1",83.4,"37.69","3.5","Hoata",NA,NA,NA
2025-09-24,NA,"Lake Front","2",NA,0.1,0,0,NA,NA,NA,"17.1",83.4,"37.69","3.5","Hoata",NA,NA,NA
2025-09-24,NA,"Lake Front","3",NA,0.1,0,0,NA,NA,NA,"17.1",83.4,"37.69","3.5","Hoata",NA,NA,NA
2025-09-26,NA,"Hannah's Bay","1",NA,0.1,0,0,NA,NA,NA,"14",105.7,"8.61","1.66","Okorotātea","Sunny",NA,NA
2025-09-26,NA,"Hannah's Bay","2",NA,0.1,0,0,NA,NA,NA,"14",105.7,"8.61","1.66","Okorotātea","Sunny",NA,NA
2025-09-26,NA,"Hannah's Bay","3",NA,0.1,0,0,NA,NA,NA,"14",105.7,"8.61","1.66","Okorotātea","Sunny",NA,NA
2025-09-26,NA,"Te Pōhue","1",NA,0.1,0,0,NA,NA,NA,"15.4",100.8,"5.21","0.83","Okorotātea",NA,NA,NA
2025-09-26,NA,"Te Pōhue","2",NA,0.1,0,0,NA,NA,NA,"15.4",100.8,"5.21","0.83","Okorotātea",NA,NA,NA
2025-09-26,NA,"Te Pōhue","3",NA,0.1,0,0,NA,NA,NA,"15.4",100.8,"5.21","0.83","Okorotātea",NA,NA,NA
2025-09-26,NA,"Ohau Channel","1",NA,0.1,0,0,NA,NA,NA,"15.1",98.6,"21.41","0.49","Okorotātea",NA,NA,NA
2025-09-26,NA,"Ohau Channel","2",NA,0.1,0,0,NA,NA,NA,"15.1",98.6,"21.41","0.49","Okorotātea",NA,NA,NA
2025-09-26,NA,"Ohau Channel","3",NA,0.1,0,0,NA,NA,NA,"15.1",98.6,"21.41","0.49","Okorotātea",NA,NA,NA
2025-09-26,NA,"Hamurana (East)","1",NA,0.1,0,0,NA,NA,NA,"14.9",101.4,"12.53","1.24","Okorotātea",NA,NA,NA
2025-09-26,NA,"Hamurana (East)","2",NA,0.1,0,0,NA,NA,NA,"14.9",101.4,"12.53","1.24","Okorotātea",NA,NA,NA
2025-09-26,NA,"Hamurana (East)","3",NA,0.1,0,0,NA,NA,NA,"14.9",101.4,"12.53","1.24","Okorotātea",NA,NA,NA
2025-09-26,NA,"Hamurana (bridge)","1",NA,0.1,0,0,NA,NA,NA,"15.5",103.6,"18.86","1.43","Okorotātea",NA,NA,NA
2025-09-26,NA,"Hamurana (bridge)","2",NA,0.1,0,0,NA,NA,NA,"15.5",103.6,"18.86","1.43","Okorotātea",NA,NA,NA
2025-09-26,NA,"Hamurana (bridge)","3",NA,0.1,0,0,NA,NA,NA,"15.5",103.6,"18.86","1.43","Okorotātea",NA,NA,NA
2025-09-26,NA,"Hamurana (West)","1",NA,0.1,0,0,NA,NA,NA,"14.9",110.1,"1.18","5.17","Okorotātea",NA,NA,NA
2025-09-26,NA,"Hamurana (West)","2",NA,0.1,0,0,NA,NA,NA,"14.9",110.1,"1.18","5.17","Okorotātea",NA,NA,NA
2025-09-26,NA,"Hamurana (West)","3",NA,0.1,0,0,NA,NA,NA,"14.9",110.1,"1.18","5.17","Okorotātea",NA,NA,NA
2025-09-26,NA,"Awahou (Tarimano)","1",NA,0.1,0,0,NA,NA,NA,"13.2",115.2,"1.01","0.45","Okorotātea",NA,NA,NA
2025-09-26,NA,"Awahou (Tarimano)","2",NA,0.1,0,0,NA,NA,NA,"13.2",115.2,"1.01","0.45","Okorotātea",NA,NA,NA
2025-09-26,NA,"Awahou (Tarimano)","3",NA,0.1,0,0,NA,NA,NA,"13.2",115.2,"1.01","0.45","Okorotātea",NA,NA,NA
2025-09-26,NA,"Ngongotaha","1",NA,0.1,0,0,NA,NA,NA,"14.3",100.6,"18.07","0.6","Okorotātea",NA,NA,NA
2025-09-26,NA,"Ngongotaha","2",NA,0.1,0,0,NA,NA,NA,"14.3",100.6,"18.07","0.6","Okorotātea",NA,NA,NA
2025-09-26,NA,"Ngongotaha","3",NA,0.1,0,0,NA,NA,NA,"14.3",100.6,"18.07","0.6","Okorotātea",NA,NA,NA
2025-09-26,NA,"Te Koutu","1",NA,0.1,0,0,NA,NA,NA,"15.7",118.3,"8.78","0.19","Okorotātea",NA,NA,NA
2025-09-26,NA,"Te Koutu","2",NA,0.1,0,0,NA,NA,NA,"15.7",118.3,"8.78","0.19","Okorotātea",NA,NA,NA
2025-09-26,NA,"Te Koutu","3",NA,0.1,0,0,NA,NA,NA,"15.7",118.3,"8.78","0.19","Okorotātea",NA,NA,NA
2025-09-26,NA,"Lake Front","1",NA,0.1,0,0,NA,NA,NA,"18.2",95.5,"25.59","0.26","Okorotātea",NA,NA,NA
2025-09-26,NA,"Lake Front","2",NA,0.1,0,0,NA,NA,NA,"18.2",95.5,"25.59","0.26","Okorotātea",NA,NA,NA
2025-09-26,NA,"Lake Front","3",NA,0.1,0,0,NA,NA,NA,"18.2",95.5,"25.59","0.26","Okorotātea",NA,NA,NA
2025-09-29,"12:19","Hannah's Bay","1",NA,0.1,0,0,NA,NA,NA,"16.1",112.9,"1.33","0.67","Tamateaaio","Sunny, partial cloud",NA,NA
2025-09-29,"12:19","Hannah's Bay","2",NA,0.1,0,0,NA,NA,NA,"16.1",112.9,"1.33","0.67","Tamateaaio","Sunny, partial cloud",NA,NA
2025-09-29,"12:19","Hannah's Bay","3",NA,0.1,0,0,NA,NA,NA,"16.1",112.9,"1.33","0.67","Tamateaaio","Sunny, partial cloud",NA,NA
2025-09-29,"12:35","Te Pōhue","1",NA,0.1,0,0,NA,NA,NA,"17.9",106.5,"10.72","0.87","Tamateaaio",NA,NA,NA
2025-09-29,"12:35","Te Pōhue","2",NA,0.1,0,0,NA,NA,NA,"17.9",106.5,"10.72","0.87","Tamateaaio",NA,NA,NA
2025-09-29,"12:35","Te Pōhue","3",NA,0.1,0,0,NA,NA,NA,"17.9",106.5,"10.72","0.87","Tamateaaio",NA,NA,NA
2025-09-29,"13:04","Ohau Channel","1",NA,0.1,0,0,NA,NA,NA,"16.8",97.8,"6.23","1.03","Tamateaaio",NA,NA,NA
2025-09-29,"13:04","Ohau Channel","2",NA,0.1,0,0,NA,NA,NA,"16.8",97.8,"6.23","1.03","Tamateaaio",NA,NA,NA
2025-09-29,"13:04","Ohau Channel","3",NA,0.1,0,0,NA,NA,NA,"16.8",97.8,"6.23","1.03","Tamateaaio",NA,NA,NA
2025-09-29,"13:21","Hamurana (East)","1",NA,0.1,0,0,NA,NA,NA,"17.9",98.5,"9.79","1.17","Tamateaaio",NA,NA,NA
2025-09-29,"13:21","Hamurana (East)","2",NA,0.1,0,0,NA,NA,NA,"17.9",98.5,"9.79","1.17","Tamateaaio",NA,NA,NA
2025-09-29,"13:21","Hamurana (East)","3",NA,0.1,0,0,NA,NA,NA,"17.9",98.5,"9.79","1.17","Tamateaaio",NA,NA,NA
2025-09-29,"13:45","Hamurana (bridge)","1",NA,0.1,0,0,NA,NA,NA,"15.9",96.1,"13.56","0.72","Tamateaaio",NA,NA,NA
2025-09-29,"13:45","Hamurana (bridge)","2",NA,0.1,0,0,NA,NA,NA,"15.9",96.1,"13.56","0.72","Tamateaaio",NA,NA,NA
2025-09-29,"13:45","Hamurana (bridge)","3",NA,0.1,0,0,NA,NA,NA,"15.9",96.1,"13.56","0.72","Tamateaaio",NA,NA,NA
2025-09-29,"14:03","Hamurana (West)","1",NA,0.1,0,0,NA,NA,NA,"15.7",101.6,"14.35","8.74","Tamateaaio",NA,NA,NA
2025-09-29,"14:03","Hamurana (West)","2",NA,0.1,0,0,NA,NA,NA,"15.7",101.6,"14.35","8.74","Tamateaaio",NA,NA,NA
2025-09-29,"14:03","Hamurana (West)","3",NA,0.1,0,0,NA,NA,NA,"15.7",101.6,"14.35","8.74","Tamateaaio",NA,NA,NA
2025-09-29,"14:22","Awahou (Tarimano)","1",NA,0.1,0,0,NA,NA,NA,"17.4",112.3,"1.45","0.73","Tamateaaio",NA,NA,NA
2025-09-29,"14:22","Awahou (Tarimano)","2",NA,0.1,0,0,NA,NA,NA,"17.4",112.3,"1.45","0.73","Tamateaaio",NA,NA,NA
2025-09-29,"14:22","Awahou (Tarimano)","3",NA,0.1,0,0,NA,NA,NA,"17.4",112.3,"1.45","0.73","Tamateaaio",NA,NA,NA
2025-09-29,"14:38","Ngongotaha","1",NA,0.1,0,0,NA,NA,NA,"15.8",107.5,"1.57","1.04","Tamateaaio",NA,NA,NA
2025-09-29,"14:38","Ngongotaha","2",NA,0.1,0,0,NA,NA,NA,"15.8",107.5,"1.57","1.04","Tamateaaio",NA,NA,NA
2025-09-29,"14:38","Ngongotaha","3",NA,0.1,0,0,NA,NA,NA,"15.8",107.5,"1.57","1.04","Tamateaaio",NA,NA,NA
2025-09-29,"14:58","Te Koutu","1",NA,0.1,0,0,NA,NA,NA,"14.5",123.2,"0.8","0.37","Tamateaaio",NA,NA,NA
2025-09-29,"14:58","Te Koutu","2",NA,0.1,0,0,NA,NA,NA,"14.5",123.2,"0.8","0.37","Tamateaaio",NA,NA,NA
2025-09-29,"14:58","Te Koutu","3",NA,0.1,0,0,NA,NA,NA,"14.5",123.2,"0.8","0.37","Tamateaaio",NA,NA,NA
2025-09-29,"15:19","Lake Front","1",NA,0.1,20.78,0,NA,NA,NA,"15.4",109.9,"2.48","0.75","Tamateaaio",NA,NA,NA
2025-09-29,"15:19","Lake Front","2",NA,24.86,11.72,2.12,NA,NA,NA,"15.4",109.9,"2.48","0.75","Tamateaaio",NA,NA,NA
2025-09-29,"15:19","Lake Front","3",NA,15.47,1.04,14.87,NA,NA,NA,"15.4",109.9,"2.48","0.75","Tamateaaio",NA,NA,NA
2025-10-01,NA,"Hannah's Bay","1",NA,0.1,0,0,NA,NA,NA,"16.1",NA,NA,NA,"Huna","Sunny",NA,NA
2025-10-01,NA,"Hannah's Bay","2",NA,0.1,0,0,NA,NA,NA,"16.1",NA,NA,NA,"Huna","Sunny",NA,NA
2025-10-01,NA,"Hannah's Bay","3",NA,0.1,0,0,NA,NA,NA,"16.1",NA,NA,NA,"Huna","Sunny",NA,NA
2025-10-01,NA,"Te Pōhue","1",NA,0.1,0,0,NA,NA,NA,"15.8",NA,NA,NA,"Huna",NA,NA,NA
2025-10-01,NA,"Te Pōhue","2",NA,0.1,0,0,NA,NA,NA,"15.8",NA,NA,NA,"Huna",NA,NA,NA
2025-10-01,NA,"Te Pōhue","3",NA,0.1,0,0,NA,NA,NA,"15.8",NA,NA,NA,"Huna",NA,NA,NA
2025-10-01,NA,"Ohau Channel","1",NA,0.1,0,0,NA,NA,NA,NA,NA,NA,NA,"Huna",NA,NA,NA
2025-10-01,NA,"Ohau Channel","2",NA,0.1,0,0,NA,NA,NA,NA,NA,NA,NA,"Huna",NA,NA,NA
2025-10-01,NA,"Ohau Channel","3",NA,0.1,0,0,NA,NA,NA,NA,NA,NA,NA,"Huna",NA,NA,NA
2025-10-01,NA,"Hamurana (East)","1",NA,0.1,0,0,NA,NA,NA,NA,NA,NA,NA,"Huna",NA,NA,NA
2025-10-01,NA,"Hamurana (East)","2",NA,0.1,0,0,NA,NA,NA,NA,NA,NA,NA,"Huna",NA,NA,NA
2025-10-01,NA,"Hamurana (East)","3",NA,0.1,0,0,NA,NA,NA,NA,NA,NA,NA,"Huna",NA,NA,NA
2025-10-01,NA,"Hamurana (bridge)","1",NA,0.1,0,0,NA,NA,NA,NA,NA,NA,NA,"Huna",NA,NA,NA
2025-10-01,NA,"Hamurana (bridge)","2",NA,0.1,0,0,NA,NA,NA,NA,NA,NA,NA,"Huna",NA,NA,NA
2025-10-01,NA,"Hamurana (bridge)","3",NA,0.1,0,0,NA,NA,NA,NA,NA,NA,NA,"Huna",NA,NA,NA
2025-10-01,NA,"Hamurana (West)","1",NA,0.1,0,0,NA,NA,NA,NA,NA,NA,NA,"Huna",NA,NA,NA
2025-10-01,NA,"Hamurana (West)","2",NA,0.1,0,0,NA,NA,NA,NA,NA,NA,NA,"Huna",NA,NA,NA
2025-10-01,NA,"Hamurana (West)","3",NA,0.1,0,0,NA,NA,NA,NA,NA,NA,NA,"Huna",NA,NA,NA
2025-10-01,NA,"Awahou (Tarimano)","1",NA,0.1,0,0,NA,NA,NA,NA,NA,NA,NA,"Huna",NA,NA,NA
2025-10-01,NA,"Awahou (Tarimano)","2",NA,0.1,0,0,NA,NA,NA,NA,NA,NA,NA,"Huna",NA,NA,NA
2025-10-01,NA,"Awahou (Tarimano)","3",NA,0.1,0,0,NA,NA,NA,NA,NA,NA,NA,"Huna",NA,NA,NA
2025-10-01,NA,"Ngongotaha","1",NA,0.1,0,0,NA,NA,NA,NA,NA,NA,NA,"Huna",NA,NA,NA
2025-10-01,NA,"Ngongotaha","2",NA,0.1,0,0,NA,NA,NA,NA,NA,NA,NA,"Huna",NA,NA,NA
2025-10-01,NA,"Ngongotaha","3",NA,0.1,0,0,NA,NA,NA,NA,NA,NA,NA,"Huna",NA,NA,NA
2025-10-01,NA,"Te Koutu","1",NA,0.1,0,0,NA,NA,NA,NA,NA,NA,NA,"Huna",NA,NA,NA
2025-10-01,NA,"Te Koutu","2",NA,0.1,0,0,NA,NA,NA,NA,NA,NA,NA,"Huna",NA,NA,NA
2025-10-01,NA,"Te Koutu","3",NA,0.1,0,0,NA,NA,NA,NA,NA,NA,NA,"Huna",NA,NA,NA
2025-10-01,NA,"Lake Front","1",NA,0.1,0,0,NA,NA,NA,NA,NA,NA,NA,"Huna",NA,NA,NA
2025-10-01,NA,"Lake Front","2",NA,0.1,0,0,NA,NA,NA,NA,NA,NA,NA,"Huna",NA,NA,NA
2025-10-01,NA,"Lake Front","3",NA,0.1,0,0,NA,NA,NA,NA,NA,NA,NA,"Huna",NA,NA,NA
2025-10-03,"11:51","Hannah's Bay","1",NA,0.1,0,0,NA,NA,NA,"15.8",84.2,"1.81","0.13","Māure","Sunny",NA,NA
2025-10-03,"11:51","Hannah's Bay","2",NA,0.1,0,0,NA,NA,NA,"15.8",84.2,"1.81","0.13","Māure","Sunny",NA,NA
2025-10-03,"11:51","Hannah's Bay","3",NA,0.1,0,0,NA,NA,NA,"15.8",84.2,"1.81","0.13","Māure","Sunny",NA,NA
2025-10-03,"12:19","Te Pōhue","1",NA,0.1,0,0,NA,NA,NA,"15.9",90.3,"2.33","0.29","Māure",NA,NA,NA
2025-10-03,"12:19","Te Pōhue","2",NA,0.1,0,0,NA,NA,NA,"15.9",90.3,"2.33","0.29","Māure",NA,NA,NA
2025-10-03,"12:19","Te Pōhue","3",NA,0.1,0,0,NA,NA,NA,"15.9",90.3,"2.33","0.29","Māure",NA,NA,NA
2025-10-03,"12:35","Ohau Channel","1",NA,0.1,0,0,NA,NA,NA,"15",100.5,"1.78","0.3","Māure",NA,NA,NA
2025-10-03,"12:35","Ohau Channel","2",NA,0.1,0,0,NA,NA,NA,"15",100.5,"1.78","0.3","Māure",NA,NA,NA
2025-10-03,"12:35","Ohau Channel","3",NA,0.1,0,0,NA,NA,NA,"15",100.5,"1.78","0.3","Māure",NA,NA,NA
2025-10-03,"12:58","Hamurana (East)","1",NA,0.1,0,0,NA,NA,NA,"14.7",104.1,"2.44","0.28","Māure",NA,NA,NA
2025-10-03,"12:58","Hamurana (East)","2",NA,0.1,0,0,NA,NA,NA,"14.7",104.1,"2.44","0.28","Māure",NA,NA,NA
2025-10-03,"12:58","Hamurana (East)","3",NA,0.1,0,0,NA,NA,NA,"14.7",104.1,"2.44","0.28","Māure",NA,NA,NA
2025-10-03,"13:11","Hamurana (bridge)","1",NA,0.1,0,0,NA,NA,NA,"14.6",105.3,"0.68","0.24","Māure",NA,NA,NA
2025-10-03,"13:11","Hamurana (bridge)","2",NA,0.1,0,0,NA,NA,NA,"14.6",105.3,"0.68","0.24","Māure",NA,NA,NA
2025-10-03,"13:11","Hamurana (bridge)","3",NA,0.1,0,0,NA,NA,NA,"14.6",105.3,"0.68","0.24","Māure",NA,NA,NA
2025-10-03,"13:00","Hamurana (West)","1",NA,0.1,0,0,NA,NA,NA,"15.6",99.5,"1.01","0.37","Māure",NA,NA,NA
2025-10-03,"13:00","Hamurana (West)","2",NA,0.1,0,0,NA,NA,NA,"15.6",99.5,"1.01","0.37","Māure",NA,NA,NA
2025-10-03,"13:00","Hamurana (West)","3",NA,0.1,0,0,NA,NA,NA,"15.6",99.5,"1.01","0.37","Māure",NA,NA,NA
2025-10-03,NA,"Awahou (Tarimano)","1",NA,0.1,0,0,NA,NA,NA,"15.2",104.3,"1.12","0.67","Māure",NA,NA,NA
2025-10-03,NA,"Awahou (Tarimano)","2",NA,0.1,0,0,NA,NA,NA,"15.2",104.3,"1.12","0.67","Māure",NA,NA,NA
2025-10-03,NA,"Awahou (Tarimano)","3",NA,0.1,0,0,NA,NA,NA,"15.2",104.3,"1.12","0.67","Māure",NA,NA,NA
2025-10-03,NA,"Ngongotaha","1",NA,0.1,0,0,NA,NA,NA,"15",110.9,"10.84","0.19","Māure",NA,NA,NA
2025-10-03,NA,"Ngongotaha","2",NA,0.1,0,0,NA,NA,NA,"15",110.9,"10.84","0.19","Māure",NA,NA,NA
2025-10-03,NA,"Ngongotaha","3",NA,0.1,0,0,NA,NA,NA,"15",110.9,"10.84","0.19","Māure",NA,NA,NA
2025-10-03,"11:06","Te Koutu","1",NA,0.1,0,0,NA,NA,NA,"15.5",103.4,"2.25","0.75","Māure",NA,NA,NA
2025-10-03,"11:06","Te Koutu","2",NA,0.1,0,0,NA,NA,NA,"15.5",103.4,"2.25","0.75","Māure",NA,NA,NA
2025-10-03,"11:06","Te Koutu","3",NA,0.1,0,0,NA,NA,NA,"15.5",103.4,"2.25","0.75","Māure",NA,NA,NA
2025-10-03,"11:28","Lake Front","1",NA,0.1,0,0,NA,NA,NA,"17.1",103,"2.2","0.88","Māure",NA,NA,NA
2025-10-03,"11:28","Lake Front","2",NA,0.1,0,0,NA,NA,NA,"17.1",103,"2.2","0.88","Māure",NA,NA,NA
2025-10-03,"11:28","Lake Front","3",NA,0.1,0,0,NA,NA,NA,"17.1",103,"2.2","0.88","Māure",NA,NA,NA
2025-10-06,"12:05","Hannah's Bay","1",NA,0.1,0,0,NA,NA,NA,"15",94.2,"4.95","0.27","Ōturuturu","Sunny",NA,NA
2025-10-06,"12:05","Hannah's Bay","2",NA,0.1,0,0,NA,NA,NA,"15",94.2,"4.95","0.27","Ōturuturu","Sunny",NA,NA
2025-10-06,"12:05","Hannah's Bay","3",NA,0.1,0,0,NA,NA,NA,"15",94.2,"4.95","0.27","Ōturuturu","Sunny",NA,NA
2025-10-06,"12:29","Te Pōhue","1",NA,20.17,0.65,31.03,NA,NA,NA,"15.1",95.3,"9.3","0.77","Ōturuturu",NA,NA,NA
2025-10-06,"12:29","Te Pōhue","2",NA,0.1,0,0,NA,NA,NA,"15.1",95.3,"9.3","0.77","Ōturuturu",NA,NA,NA
2025-10-06,"12:29","Te Pōhue","3",NA,17.04,0,0,NA,NA,NA,"15.1",95.3,"9.3","0.77","Ōturuturu",NA,NA,NA
2025-10-06,"12:42","Ohau Channel","1",NA,10.78,0,0,NA,NA,NA,"15.2",98.7,"17.21","0.82","Ōturuturu",NA,NA,NA
2025-10-06,"12:42","Ohau Channel","2",NA,11.56,0,0,NA,NA,NA,"15.2",98.7,"17.21","0.82","Ōturuturu",NA,NA,NA
2025-10-06,"12:42","Ohau Channel","3",NA,0.1,0,0,NA,NA,NA,"15.2",98.7,"17.21","0.82","Ōturuturu",NA,NA,NA
2025-10-06,"12:59","Hamurana (East)","1",NA,36.6,0,0,NA,NA,NA,"15",97.9,"15.54","2.43","Ōturuturu",NA,NA,NA
2025-10-06,"12:59","Hamurana (East)","2",NA,0.1,0,0,NA,NA,NA,"15",97.9,"15.54","2.43","Ōturuturu",NA,NA,NA
2025-10-06,"12:59","Hamurana (East)","3",NA,21.73,0,0,NA,NA,NA,"15",97.9,"15.54","2.43","Ōturuturu",NA,NA,NA
2025-10-06,"13:16","Hamurana (bridge)","1",NA,40.52,0,0,NA,NA,NA,"15.8",105.4,"3.22","0.65","Ōturuturu",NA,NA,NA
2025-10-06,"13:16","Hamurana (bridge)","2",NA,27.21,0,0,NA,NA,NA,"15.8",105.4,"3.22","0.65","Ōturuturu",NA,NA,NA
2025-10-06,"13:16","Hamurana (bridge)","3",NA,24.08,0,0,NA,NA,NA,"15.8",105.4,"3.22","0.65","Ōturuturu",NA,NA,NA
2025-10-06,"13:29","Hamurana (West)","1",NA,15.47,0,0,NA,NA,NA,"15.3",107.7,"1.75","0.25","Ōturuturu",NA,NA,NA
2025-10-06,"13:29","Hamurana (West)","2",NA,23.3,0,0,NA,NA,NA,"15.3",107.7,"1.75","0.25","Ōturuturu",NA,NA,NA
2025-10-06,"13:29","Hamurana (West)","3",NA,19.39,0,0,NA,NA,NA,"15.3",107.7,"1.75","0.25","Ōturuturu",NA,NA,NA
2025-10-06,"13:46","Awahou (Tarimano)","1",NA,46.78,0.15,311.86,NA,NA,NA,"15.6",115.8,"3.15","4.74","Ōturuturu",NA,NA,NA
2025-10-06,"13:46","Awahou (Tarimano)","2",NA,15.47,3.36,4.6,NA,NA,NA,"15.6",115.8,"3.15","4.74","Ōturuturu",NA,NA,NA
2025-10-06,"13:46","Awahou (Tarimano)","3",NA,10.78,1.78,6.05,NA,NA,NA,"15.6",115.8,"3.15","4.74","Ōturuturu",NA,NA,NA
2025-10-06,"14:00","Ngongotaha","1",NA,0.1,0,0,NA,NA,NA,"14.8",102.5,"1","0.28","Ōturuturu",NA,NA,NA
2025-10-06,"14:00","Ngongotaha","2",NA,0.1,0,0,NA,NA,NA,"14.8",102.5,"1","0.28","Ōturuturu",NA,NA,NA
2025-10-06,"14:00","Ngongotaha","3",NA,12.34,0,0,NA,NA,NA,"14.8",102.5,"1","0.28","Ōturuturu",NA,NA,NA
2025-10-06,"11:39","Te Koutu","1",NA,13.91,0,0,NA,NA,NA,"13.7",98,"1.78","0.14","Ōturuturu",NA,NA,NA
2025-10-06,"11:39","Te Koutu","2",NA,0.1,0,0,NA,NA,NA,"13.7",98,"1.78","0.14","Ōturuturu",NA,NA,NA
2025-10-06,"11:39","Te Koutu","3",NA,4,0,0,NA,NA,NA,"13.7",98,"1.78","0.14","Ōturuturu",NA,NA,NA
2025-10-06,"11:54","Lake Front","1",NA,0.1,0,0,NA,NA,NA,"15.9",105.3,"0.76","0.18","Ōturuturu",NA,NA,NA
2025-10-06,"11:54","Lake Front","2",NA,0.1,0,0,NA,NA,NA,"15.9",105.3,"0.76","0.18","Ōturuturu",NA,NA,NA
2025-10-06,"11:54","Lake Front","3",NA,0.1,0,0,NA,NA,NA,"15.9",105.3,"0.76","0.18","Ōturuturu",NA,NA,NA
2025-10-08,"11:31","Hannah's Bay","1",NA,11.56,0,0,NA,NA,NA,"14.9",86.9,"5.05","0.15","Rākaunui","Sunny, partially cloudy",NA,NA
2025-10-08,"11:31","Hannah's Bay","2",NA,0.1,0,0,NA,NA,NA,"14.9",86.9,"5.05","0.15","Rākaunui","Sunny, partially cloudy",NA,NA
2025-10-08,"11:31","Hannah's Bay","3",NA,0.1,0,0,NA,NA,NA,"14.9",86.9,"5.05","0.15","Rākaunui","Sunny, partially cloudy",NA,NA
2025-10-08,"11:56","Te Pōhue","1",NA,37.39,5.57,6.71,NA,NA,NA,"15.1",100.1,"27.88","23.39","Rākaunui",NA,NA,NA
2025-10-08,"11:56","Te Pōhue","2",NA,19.39,1.04,18.64,NA,NA,NA,"15.1",100.1,"27.88","23.39","Rākaunui",NA,NA,NA
2025-10-08,"11:56","Te Pōhue","3",NA,0.1,0,0,NA,NA,NA,"15.1",100.1,"27.88","23.39","Rākaunui",NA,NA,NA
2025-10-08,"12:19","Ohau Channel","1",NA,0.1,0,0,NA,NA,NA,"14.7",97.9,"6.1","0.57","Rākaunui",NA,NA,NA
2025-10-08,"12:19","Ohau Channel","2",NA,0.1,0,0,NA,NA,NA,"14.7",97.9,"6.1","0.57","Rākaunui",NA,NA,NA
2025-10-08,"12:19","Ohau Channel","3",NA,0.1,0,0,NA,NA,NA,"14.7",97.9,"6.1","0.57","Rākaunui",NA,NA,NA
2025-10-08,"12:30","Hamurana (East)","1",NA,0.1,0,0,NA,NA,NA,"14.6",100.5,"5.63","0.5","Rākaunui",NA,NA,NA
2025-10-08,"12:30","Hamurana (East)","2",NA,0.1,0,0,NA,NA,NA,"14.6",100.5,"5.63","0.5","Rākaunui",NA,NA,NA
2025-10-08,"12:30","Hamurana (East)","3",NA,0.1,5.47,0.01,NA,NA,NA,"14.6",100.5,"5.63","0.5","Rākaunui",NA,NA,NA
2025-10-08,"12:58","Hamurana (bridge)","1",NA,0.1,0,0,NA,NA,NA,"15",106.5,"1.17","0.28","Rākaunui",NA,NA,NA
2025-10-08,"12:58","Hamurana (bridge)","2",NA,0.1,0,0,NA,NA,NA,"15",106.5,"1.17","0.28","Rākaunui",NA,NA,NA
2025-10-08,"12:58","Hamurana (bridge)","3",NA,0.1,0,0,NA,NA,NA,"15",106.5,"1.17","0.28","Rākaunui",NA,NA,NA
2025-10-08,"13:11","Hamurana (West)","1",NA,0.1,0,0,NA,NA,NA,"14.4",107.2,"0.65","0.23","Rākaunui",NA,NA,NA
2025-10-08,"13:11","Hamurana (West)","2",NA,0.1,0,0,NA,NA,NA,"14.4",107.2,"0.65","0.23","Rākaunui",NA,NA,NA
2025-10-08,"13:11","Hamurana (West)","3",NA,0.1,0,0,NA,NA,NA,"14.4",107.2,"0.65","0.23","Rākaunui",NA,NA,NA
2025-10-08,"13:36","Awahou (Tarimano)","1",NA,0.1,0,0,NA,NA,NA,"14",100.7,"1.37","0.49","Rākaunui",NA,NA,NA
2025-10-08,"13:36","Awahou (Tarimano)","2",NA,0.1,0,0,NA,NA,NA,"14",100.7,"1.37","0.49","Rākaunui",NA,NA,NA
2025-10-08,"13:36","Awahou (Tarimano)","3",NA,7,0,0,NA,NA,NA,"14",100.7,"1.37","0.49","Rākaunui",NA,NA,NA
2025-10-08,"13:57","Ngongotaha","1",NA,0.1,0,0,NA,NA,NA,"14.4",104.5,"2.25","0.91","Rākaunui",NA,NA,NA
2025-10-08,"13:57","Ngongotaha","2",NA,0.1,0,0,NA,NA,NA,"14.4",104.5,"2.25","0.91","Rākaunui",NA,NA,NA
2025-10-08,"13:57","Ngongotaha","3",NA,0.1,0,0,NA,NA,NA,"14.4",104.5,"2.25","0.91","Rākaunui",NA,NA,NA
2025-10-08,"14:18","Te Koutu","1",NA,5.5,0,0,NA,NA,NA,"14.2",102.5,"2.07","0.74","Rākaunui",NA,NA,NA
2025-10-08,"14:18","Te Koutu","2",NA,12.34,0,0,NA,NA,NA,"14.2",102.5,"2.07","0.74","Rākaunui",NA,NA,NA
2025-10-08,"14:18","Te Koutu","3",NA,3.25,0,0,NA,NA,NA,"14.2",102.5,"2.07","0.74","Rākaunui",NA,NA,NA
2025-10-08,"11:12","Lake Front","1",NA,23.3,0,0,NA,NA,NA,"16.9",106.8,"1.64","0.38","Rākaunui",NA,NA,NA
2025-10-08,"11:12","Lake Front","2",NA,18.6,0,0,NA,NA,NA,"16.9",106.8,"1.64","0.38","Rākaunui",NA,NA,NA
2025-10-08,"11:12","Lake Front","3",NA,0.1,0,0,NA,NA,NA,"16.9",106.8,"1.64","0.38","Rākaunui",NA,NA,NA
2025-10-10,"13:03","Hannah's Bay","1",NA,0.1,0,0,NA,NA,NA,"15.8",97.8,"4.18","0.24","Oike","Cloudy",NA,NA
2025-10-10,"13:03","Hannah's Bay","2",NA,0.1,0,0,NA,NA,NA,"15.8",97.8,"4.18","0.24","Oike","Cloudy",NA,NA
2025-10-10,"13:03","Hannah's Bay","3",NA,0.1,0,0,NA,NA,NA,"15.8",97.8,"4.18","0.24","Oike","Cloudy",NA,NA
2025-10-10,"13:28","Te Pōhue","1",NA,0.1,0,0,NA,NA,NA,"16.2",98.8,"23.38","1.69","Oike",NA,NA,NA
2025-10-10,"13:28","Te Pōhue","2",NA,0.1,0,0,NA,NA,NA,"16.2",98.8,"23.38","1.69","Oike",NA,NA,NA
2025-10-10,"13:28","Te Pōhue","3",NA,0.1,0,0,NA,NA,NA,"16.2",98.8,"23.38","1.69","Oike",NA,NA,NA
2025-10-10,"13:51","Ohau Channel","1",NA,0.1,0,0,NA,NA,NA,"15.3",98.5,"10.84","1.81","Oike",NA,NA,NA
2025-10-10,"13:51","Ohau Channel","2",NA,2.5,0,0,NA,NA,NA,"15.3",98.5,"10.84","1.81","Oike",NA,NA,NA
2025-10-10,"13:51","Ohau Channel","3",NA,0.1,0,0,NA,NA,NA,"15.3",98.5,"10.84","1.81","Oike",NA,NA,NA
2025-10-10,"14:12","Hamurana (East)","1",NA,14.69,0,0,NA,NA,NA,"15.1",100.4,"8.91","0.97","Oike",NA,NA,NA
2025-10-10,"14:12","Hamurana (East)","2",NA,0.1,0,0,NA,NA,NA,"15.1",100.4,"8.91","0.97","Oike",NA,NA,NA
2025-10-10,"14:12","Hamurana (East)","3",NA,2.5,0,0,NA,NA,NA,"15.1",100.4,"8.91","0.97","Oike",NA,NA,NA
2025-10-10,"14:33","Hamurana (bridge)","1",NA,13.13,0,0,NA,NA,NA,"16.9",114.7,"1.17","0.31","Oike",NA,NA,NA
2025-10-10,"14:33","Hamurana (bridge)","2",NA,0.1,0,0,NA,NA,NA,"16.9",114.7,"1.17","0.31","Oike",NA,NA,NA
2025-10-10,"14:33","Hamurana (bridge)","3",NA,0.1,0,0,NA,NA,NA,"16.9",114.7,"1.17","0.31","Oike",NA,NA,NA
2025-10-10,"14:47","Hamurana (West)","1",NA,4,0,0,NA,NA,NA,"16.6",106.2,"0.64","0.5","Oike",NA,NA,NA
2025-10-10,"14:47","Hamurana (West)","2",NA,233.01,0,0,NA,NA,NA,"16.6",106.2,"0.64","0.5","Oike",NA,NA,NA
2025-10-10,"14:47","Hamurana (West)","3",NA,12.34,0,0,NA,NA,NA,"16.6",106.2,"0.64","0.5","Oike",NA,NA,NA
2025-10-10,"15:08","Awahou (Tarimano)","1",NA,7,0,0,NA,NA,NA,"15.7",143.3,"0.2","0.05","Oike",NA,NA,NA
2025-10-10,"15:08","Awahou (Tarimano)","2",NA,7.75,0,0,NA,NA,NA,"15.7",143.3,"0.2","0.05","Oike",NA,NA,NA
2025-10-10,"15:08","Awahou (Tarimano)","3",NA,3.25,0,0,NA,NA,NA,"15.7",143.3,"0.2","0.05","Oike",NA,NA,NA
2025-10-10,"15:24","Ngongotaha","1",NA,8.5,0,0,NA,NA,NA,"15.9",111.2,"0.94","0.25","Oike",NA,NA,NA
2025-10-10,"15:24","Ngongotaha","2",NA,0.1,0,0,NA,NA,NA,"15.9",111.2,"0.94","0.25","Oike",NA,NA,NA
2025-10-10,"15:24","Ngongotaha","3",NA,0.1,0,0,NA,NA,NA,"15.9",111.2,"0.94","0.25","Oike",NA,NA,NA
2025-10-10,"12:25","Te Koutu","1",NA,0.1,0,0,NA,NA,NA,"15.5",109.3,"0.95","0.28","Oike",NA,NA,NA
2025-10-10,"12:25","Te Koutu","2",NA,0.1,0,0,NA,NA,NA,"15.5",109.3,"0.95","0.28","Oike",NA,NA,NA
2025-10-10,"12:25","Te Koutu","3",NA,0.1,0,0,NA,NA,NA,"15.5",109.3,"0.95","0.28","Oike",NA,NA,NA
2025-10-10,"12:39","Lake Front","1",NA,0.1,0,0,NA,NA,NA,"16.2",108.8,"0.97","0.26","Oike",NA,NA,NA
2025-10-10,"12:39","Lake Front","2",NA,0.1,0,0,NA,NA,NA,"16.2",108.8,"0.97","0.26","Oike",NA,NA,NA
2025-10-10,"12:39","Lake Front","3",NA,0.1,0,0,NA,NA,NA,"16.2",108.8,"0.97","0.26","Oike",NA,NA,NA
2025-10-13,NA,"Hannah's Bay","1",NA,0.1,0,0,NA,NA,NA,"18.7",97.2,"4.32","0.87","korekore-piri-ki-nga-tangaroa","Cloudy, partial sun",NA,NA
2025-10-13,NA,"Hannah's Bay","2",NA,0.1,0,0,NA,NA,NA,"18.7",97.2,"4.32","0.87","korekore-piri-ki-nga-tangaroa","Cloudy, partial sun",NA,NA
2025-10-13,NA,"Hannah's Bay","3",NA,0.1,0,0,NA,NA,NA,"18.7",97.2,"4.32","0.87","korekore-piri-ki-nga-tangaroa","Cloudy, partial sun",NA,NA
2025-10-13,NA,"Te Pōhue","1",NA,8.5,0,0,NA,NA,NA,"16.8",98.9,"5.91","1.1","korekore-piri-ki-nga-tangaroa",NA,NA,NA
2025-10-13,NA,"Te Pōhue","2",NA,16.27,0,0,NA,NA,NA,"16.8",98.9,"5.91","1.1","korekore-piri-ki-nga-tangaroa",NA,NA,NA
2025-10-13,NA,"Te Pōhue","3",NA,0.1,0,0,NA,NA,NA,"16.8",98.9,"5.91","1.1","korekore-piri-ki-nga-tangaroa",NA,NA,NA
2025-10-13,NA,"Ohau Channel","1",NA,1,0,0,NA,NA,NA,"17.1",101.5,"2.31","0.43","korekore-piri-ki-nga-tangaroa",NA,NA,NA
2025-10-13,NA,"Ohau Channel","2",NA,0.1,0,0,NA,NA,NA,"17.1",101.5,"2.31","0.43","korekore-piri-ki-nga-tangaroa",NA,NA,NA
2025-10-13,NA,"Ohau Channel","3",NA,4,0,0,NA,NA,NA,"17.1",101.5,"2.31","0.43","korekore-piri-ki-nga-tangaroa",NA,NA,NA
2025-10-13,NA,"Hamurana (East)","1",NA,7.75,0,0,NA,NA,NA,"17.9",109.3,"1.13","0.46","korekore-piri-ki-nga-tangaroa",NA,NA,NA
2025-10-13,NA,"Hamurana (East)","2",NA,32.69,0,0,NA,NA,NA,"17.9",109.3,"1.13","0.46","korekore-piri-ki-nga-tangaroa",NA,NA,NA
2025-10-13,NA,"Hamurana (East)","3",NA,53.05,0.4,132.6,NA,NA,NA,"17.9",109.3,"1.13","0.46","korekore-piri-ki-nga-tangaroa",NA,NA,NA
2025-10-13,NA,"Hamurana (bridge)","1",NA,10.78,0,0,NA,NA,NA,"18.5",108.7,"1","0.53","korekore-piri-ki-nga-tangaroa",NA,NA,NA
2025-10-13,NA,"Hamurana (bridge)","2",NA,41.3,0.05,826,NA,NA,NA,"18.5",108.7,"1","0.53","korekore-piri-ki-nga-tangaroa",NA,NA,NA
2025-10-13,NA,"Hamurana (bridge)","3",NA,20.95,0,0,NA,NA,NA,"18.5",108.7,"1","0.53","korekore-piri-ki-nga-tangaroa",NA,NA,NA
2025-10-13,NA,"Hamurana (West)","1",NA,0.1,0,0,NA,NA,NA,"17.6",103.2,"0.84","0.55","korekore-piri-ki-nga-tangaroa",NA,NA,NA
2025-10-13,NA,"Hamurana (West)","2",NA,0.1,0,0,NA,NA,NA,"17.6",103.2,"0.84","0.55","korekore-piri-ki-nga-tangaroa",NA,NA,NA
2025-10-13,NA,"Hamurana (West)","3",NA,0.1,0,0,NA,NA,NA,"17.6",103.2,"0.84","0.55","korekore-piri-ki-nga-tangaroa",NA,NA,NA
2025-10-13,NA,"Awahou (Tarimano)","1",NA,1,0,0,NA,NA,NA,"14.4",143.7,"0.9","0.46","korekore-piri-ki-nga-tangaroa",NA,NA,NA
2025-10-13,NA,"Awahou (Tarimano)","2",NA,0.1,0,0,NA,NA,NA,"14.4",143.7,"0.9","0.46","korekore-piri-ki-nga-tangaroa",NA,NA,NA
2025-10-13,NA,"Awahou (Tarimano)","3",NA,0.1,0,0,NA,NA,NA,"14.4",143.7,"0.9","0.46","korekore-piri-ki-nga-tangaroa",NA,NA,NA
2025-10-13,NA,"Ngongotaha","1",NA,0.1,0,0,NA,NA,NA,"16",108.2,"0.92","0.12","korekore-piri-ki-nga-tangaroa",NA,NA,NA
2025-10-13,NA,"Ngongotaha","2",NA,0.1,0,0,NA,NA,NA,"16",108.2,"0.92","0.12","korekore-piri-ki-nga-tangaroa",NA,NA,NA
2025-10-13,NA,"Ngongotaha","3",NA,0.1,0,0,NA,NA,NA,"16",108.2,"0.92","0.12","korekore-piri-ki-nga-tangaroa",NA,NA,NA
2025-10-13,NA,"Lake Front","1",NA,0.1,0,0,NA,NA,NA,"19.3",113.1,"2.18","0.52","korekore-piri-ki-nga-tangaroa",NA,NA,NA
2025-10-13,NA,"Lake Front","2",NA,0.1,0,0,NA,NA,NA,"19.3",113.1,"2.18","0.52","korekore-piri-ki-nga-tangaroa",NA,NA,NA
2025-10-13,NA,"Lake Front","3",NA,0.1,0,0,NA,NA,NA,"19.3",113.1,"2.18","0.52","korekore-piri-ki-nga-tangaroa",NA,NA,NA
2025-10-15,"13:52","Hannah's Bay","1",NA,0.1,0,0,NA,NA,NA,"16.1",97.1,"2.77","0.57","Tangaroa-ā-roto",NA,NA,NA
2025-10-15,"13:52","Hannah's Bay","2",NA,0.1,0,0,NA,NA,NA,"16.1",97.1,"2.77","0.57","Tangaroa-ā-roto",NA,NA,NA
2025-10-15,"13:52","Hannah's Bay","3",NA,0.1,0,0,NA,NA,NA,"16.1",97.1,"2.77","0.57","Tangaroa-ā-roto",NA,NA,NA
2025-10-15,NA,"Te Pōhue","1",NA,2.5,0,0,NA,NA,NA,"15.6",96.4,"10.17","0.88","Tangaroa-ā-roto",NA,NA,NA
2025-10-15,NA,"Te Pōhue","2",NA,3.25,0,0,NA,NA,NA,"15.6",96.4,"10.17","0.88","Tangaroa-ā-roto",NA,NA,NA
2025-10-15,NA,"Te Pōhue","3",NA,4.75,0,0,NA,NA,NA,"15.6",96.4,"10.17","0.88","Tangaroa-ā-roto",NA,NA,NA
2025-10-15,NA,"Ohau Channel","1",NA,7,0,0,NA,NA,NA,"16.1",98,"7.79","0.56","Tangaroa-ā-roto",NA,NA,NA
2025-10-15,NA,"Ohau Channel","2",NA,7.75,0,0,NA,NA,NA,"16.1",98,"7.79","0.56","Tangaroa-ā-roto",NA,NA,NA
2025-10-15,NA,"Ohau Channel","3",NA,27.21,0,0,NA,NA,NA,"16.1",98,"7.79","0.56","Tangaroa-ā-roto",NA,NA,NA
2025-10-15,NA,"Hamurana (East)","1",NA,3.25,1.73,1.87,NA,NA,NA,"15.9",101.7,"7.92","1.7","Tangaroa-ā-roto",NA,NA,NA
2025-10-15,NA,"Hamurana (East)","2",NA,11.56,1.59,7.27,NA,NA,NA,"15.9",101.7,"7.92","1.7","Tangaroa-ā-roto",NA,NA,NA
2025-10-15,NA,"Hamurana (East)","3",NA,5.5,0.85,6.47,NA,NA,NA,"15.9",101.7,"7.92","1.7","Tangaroa-ā-roto",NA,NA,NA
2025-10-15,NA,"Hamurana (bridge)","1",NA,4.75,0.25,19,NA,NA,NA,"16.2",103.9,"6.96","0.77","Tangaroa-ā-roto",NA,NA,NA
2025-10-15,NA,"Hamurana (bridge)","2",NA,0.1,0,0,NA,NA,NA,"16.2",103.9,"6.96","0.77","Tangaroa-ā-roto",NA,NA,NA
2025-10-15,NA,"Hamurana (bridge)","3",NA,9.25,0,0,NA,NA,NA,"16.2",103.9,"6.96","0.77","Tangaroa-ā-roto",NA,NA,NA
2025-10-15,NA,"Hamurana (West)","1",NA,16.26,0.05,325.2,NA,NA,NA,"15.8",104.8,"3.57","0.76","Tangaroa-ā-roto",NA,NA,NA
2025-10-15,NA,"Hamurana (West)","2",NA,16.26,1,16.26,NA,NA,NA,"15.8",104.8,"3.57","0.76","Tangaroa-ā-roto",NA,NA,NA
2025-10-15,NA,"Hamurana (West)","3",NA,20.17,0.5,40.34,NA,NA,NA,"15.8",104.8,"3.57","0.76","Tangaroa-ā-roto",NA,NA,NA
2025-10-15,NA,"Awahou (Tarimano)","1",NA,12.34,11.08,1.11,NA,NA,NA,"16.5",128.9,"8","2.72","Tangaroa-ā-roto",NA,NA,NA
2025-10-15,NA,"Awahou (Tarimano)","2",NA,0.1,5.57,0.01,NA,NA,NA,"16.5",128.9,"8","2.72","Tangaroa-ā-roto",NA,NA,NA
2025-10-15,NA,"Awahou (Tarimano)","3",NA,0.1,0.21,0.01,NA,NA,NA,"16.5",128.9,"8","2.72","Tangaroa-ā-roto",NA,NA,NA
2025-10-15,NA,"Ngongotaha","1",NA,0.1,0,0,NA,NA,NA,"16",107.8,"1.14","0.29","Tangaroa-ā-roto",NA,NA,NA
2025-10-15,NA,"Ngongotaha","2",NA,0.1,0,0,NA,NA,NA,"16",107.8,"1.14","0.29","Tangaroa-ā-roto",NA,NA,NA
2025-10-15,NA,"Ngongotaha","3",NA,75,0,0,NA,NA,NA,"16",107.8,"1.14","0.29","Tangaroa-ā-roto",NA,NA,NA
2025-10-15,NA,"Te Koutu","1",NA,20.17,0,0,NA,NA,NA,"15.9",106.2,"1.6","0.42","Tangaroa-ā-roto",NA,NA,NA
2025-10-15,NA,"Te Koutu","2",NA,27.21,0,0,NA,NA,NA,"15.9",106.2,"1.6","0.42","Tangaroa-ā-roto",NA,NA,NA
2025-10-15,NA,"Te Koutu","3",NA,25.65,0,0,NA,NA,NA,"15.9",106.2,"1.6","0.42","Tangaroa-ā-roto",NA,NA,NA
2025-10-15,NA,"Lake Front","1",NA,0.1,0,0,NA,NA,NA,"17.9",109.1,"15.1","1.51","Tangaroa-ā-roto",NA,NA,NA
2025-10-15,NA,"Lake Front","2",NA,6.25,0,0,NA,NA,NA,"17.9",109.1,"15.1","1.51","Tangaroa-ā-roto",NA,NA,NA
2025-10-15,NA,"Lake Front","3",NA,0.1,0,0,NA,NA,NA,"17.9",109.1,"15.1","1.51","Tangaroa-ā-roto",NA,NA,NA
2025-10-17,NA,"Hannah's Bay","1",NA,148.26,0,0,NA,NA,NA,"17.9",93.7,"2.4","0.06","Ōtane",NA,NA,NA
2025-10-17,NA,"Hannah's Bay","2",NA,67.91,0,0,NA,NA,NA,"17.9",93.7,"2.4","0.06","Ōtane",NA,NA,NA
2025-10-17,NA,"Hannah's Bay","3",NA,149.04,0,0,NA,NA,NA,"17.9",93.7,"2.4","0.06","Ōtane",NA,NA,NA
2025-10-17,NA,"Te Pōhue","1",NA,0.1,0,0,NA,NA,NA,"18.5",95.7,"6.54","1.07","Ōtane",NA,NA,NA
2025-10-17,NA,"Te Pōhue","2",NA,0.1,0,0,NA,NA,NA,"18.5",95.7,"6.54","1.07","Ōtane",NA,NA,NA
2025-10-17,NA,"Te Pōhue","3",NA,0.1,0,0,NA,NA,NA,"18.5",95.7,"6.54","1.07","Ōtane",NA,NA,NA
2025-10-17,NA,"Ohau Channel","1",NA,0.1,0,0,NA,NA,NA,"17.9",106.6,"4.37","0.31","Ōtane",NA,NA,NA
2025-10-17,NA,"Ohau Channel","2",NA,1.75,0,0,NA,NA,NA,"17.9",106.6,"4.37","0.31","Ōtane",NA,NA,NA
2025-10-17,NA,"Ohau Channel","3",NA,0.1,0,0,NA,NA,NA,"17.9",106.6,"4.37","0.31","Ōtane",NA,NA,NA
2025-10-17,NA,"Hamurana (East)","1",NA,173.18,0,0,NA,NA,NA,"18.2",110.5,"9.5","0.65","Ōtane",NA,NA,NA
2025-10-17,NA,"Hamurana (East)","2",NA,275.17,0.75,366.89,NA,NA,NA,"18.2",110.5,"9.5","0.65","Ōtane",NA,NA,NA
2025-10-17,NA,"Hamurana (East)","3",NA,170.84,0,0,NA,NA,NA,"18.2",110.5,"9.5","0.65","Ōtane",NA,NA,NA
2025-10-17,NA,"Hamurana (bridge)","1",NA,28.78,0,0,NA,NA,NA,"16.8",105.4,"1.64","0.27","Ōtane",NA,NA,NA
2025-10-17,NA,"Hamurana (bridge)","2",NA,14.69,0,0,NA,NA,NA,"16.8",105.4,"1.64","0.27","Ōtane",NA,NA,NA
2025-10-17,NA,"Hamurana (bridge)","3",NA,0.1,0,0,NA,NA,NA,"16.8",105.4,"1.64","0.27","Ōtane",NA,NA,NA
2025-10-17,NA,"Hamurana (West)","1",NA,0.1,0,0,NA,NA,NA,"18",109.7,"4.9","0.47","Ōtane",NA,NA,NA
2025-10-17,NA,"Hamurana (West)","2",NA,65.56,0,0,NA,NA,NA,"18",109.7,"4.9","0.47","Ōtane",NA,NA,NA
2025-10-17,NA,"Hamurana (West)","3",NA,0.1,0,0,NA,NA,NA,"18",109.7,"4.9","0.47","Ōtane",NA,NA,NA
2025-10-17,NA,"Awahou (Tarimano)","1",NA,11.56,0.75,15.41,NA,NA,NA,"16.7",122.4,"1.31","0.24","Ōtane",NA,NA,NA
2025-10-17,NA,"Awahou (Tarimano)","2",NA,15.47,17.77,0.87,NA,NA,NA,"16.7",122.4,"1.31","0.24","Ōtane",NA,NA,NA
2025-10-17,NA,"Awahou (Tarimano)","3",NA,0.1,0,0,NA,NA,NA,"16.7",122.4,"1.31","0.24","Ōtane",NA,NA,NA
2025-10-17,NA,"Ngongotaha","1",NA,2.5,0,0,NA,NA,NA,"18.9",116.5,"3.87","0.3","Ōtane",NA,NA,NA
2025-10-17,NA,"Ngongotaha","2",NA,25.65,0,0,NA,NA,NA,"18.9",116.5,"3.87","0.3","Ōtane",NA,NA,NA
2025-10-17,NA,"Ngongotaha","3",NA,0.1,0,0,NA,NA,NA,"18.9",116.5,"3.87","0.3","Ōtane",NA,NA,NA
2025-10-17,NA,"Te Koutu","1",NA,0.1,0,0,NA,NA,NA,"19.4",110.8,"4.32","0.74","Ōtane",NA,NA,NA
2025-10-17,NA,"Te Koutu","2",NA,0.1,0,0,NA,NA,NA,"19.4",110.8,"4.32","0.74","Ōtane",NA,NA,NA
2025-10-17,NA,"Te Koutu","3",NA,0.1,0,0,NA,NA,NA,"19.4",110.8,"4.32","0.74","Ōtane",NA,NA,NA
2025-10-17,NA,"Lake Front","1",NA,0.1,0,0,NA,NA,NA,"19.8",102.7,"2.76","0.41","Ōtane",NA,NA,NA
2025-10-17,NA,"Lake Front","2",NA,0.1,0,0,NA,NA,NA,"19.8",102.7,"2.76","0.41","Ōtane",NA,NA,NA
2025-10-17,NA,"Lake Front","3",NA,0.1,0,0,NA,NA,NA,"19.8",102.7,"2.76","0.41","Ōtane",NA,NA,NA
2025-10-20,NA,"Hannah's Bay","1",NA,0.1,0,0,NA,NA,NA,"18.1",101.7,"4.67","0.33","Ōmutu",NA,NA,NA
2025-10-20,NA,"Hannah's Bay","2",NA,4,0,0,NA,NA,NA,"18.1",101.7,"4.67","0.33","Ōmutu",NA,NA,NA
2025-10-20,NA,"Hannah's Bay","3",NA,2.5,0,0,NA,NA,NA,"18.1",101.7,"4.67","0.33","Ōmutu",NA,NA,NA
2025-10-20,NA,"Te Pōhue","1",NA,1,2.47,0.4,NA,NA,NA,"17.6",100,"6.98","1.23","Ōmutu",NA,NA,NA
2025-10-20,NA,"Te Pōhue","2",NA,5.5,1.98,2.77,NA,NA,NA,"17.6",100,"6.98","1.23","Ōmutu",NA,NA,NA
2025-10-20,NA,"Te Pōhue","3",NA,25.65,2.72,9.43,NA,NA,NA,"17.6",100,"6.98","1.23","Ōmutu",NA,NA,NA
2025-10-20,NA,"Ohau Channel","1",NA,56.17,2.67,21.03,NA,NA,NA,"17.5",106.1,"2.33","0.23","Ōmutu",NA,NA,NA
2025-10-20,NA,"Ohau Channel","2",NA,1.75,0,0,NA,NA,NA,"17.5",106.1,"2.33","0.23","Ōmutu",NA,NA,NA
2025-10-20,NA,"Ohau Channel","3",NA,0.1,0,0,NA,NA,NA,"17.5",106.1,"2.33","0.23","Ōmutu",NA,NA,NA
2025-10-20,NA,"Hamurana (East)","1",NA,10,0.7,14.28,NA,NA,NA,"17.6",120.2,"1.74","0.55","Ōmutu",NA,NA,NA
2025-10-20,NA,"Hamurana (East)","2",NA,0.1,0.5,0.2,NA,NA,NA,"17.6",120.2,"1.74","0.55","Ōmutu",NA,NA,NA
2025-10-20,NA,"Hamurana (East)","3",NA,0.1,3.16,0.03,NA,NA,NA,"17.6",120.2,"1.74","0.55","Ōmutu",NA,NA,NA
2025-10-20,NA,"Hamurana (bridge)","1",NA,0.1,0,0,NA,NA,NA,"17.8",126.2,"2.08","0.27","Ōmutu",NA,NA,NA
2025-10-20,NA,"Hamurana (bridge)","2",NA,0.1,0,0,NA,NA,NA,"17.8",126.2,"2.08","0.27","Ōmutu",NA,NA,NA
2025-10-20,NA,"Hamurana (bridge)","3",NA,0.1,0,0,NA,NA,NA,"17.8",126.2,"2.08","0.27","Ōmutu",NA,NA,NA
2025-10-20,NA,"Hamurana (West)","1",NA,0.1,0,0,NA,NA,NA,"16.6",115.7,"0.83","0.69","Ōmutu",NA,NA,NA
2025-10-20,NA,"Hamurana (West)","2",NA,0.1,0,0,NA,NA,NA,"16.6",115.7,"0.83","0.69","Ōmutu",NA,NA,NA
2025-10-20,NA,"Hamurana (West)","3",NA,0.1,0,0,NA,NA,NA,"16.6",115.7,"0.83","0.69","Ōmutu",NA,NA,NA
2025-10-20,NA,"Awahou (Tarimano)","1",NA,0.1,0,0,NA,NA,NA,"14.2",127.3,"1.73","14.6","Ōmutu",NA,NA,NA
2025-10-20,NA,"Awahou (Tarimano)","2",NA,0.1,14.03,0,NA,NA,NA,"14.2",127.3,"1.73","14.6","Ōmutu",NA,NA,NA
2025-10-20,NA,"Awahou (Tarimano)","3",NA,1,0,0,NA,NA,NA,"14.2",127.3,"1.73","14.6","Ōmutu",NA,NA,NA
2025-10-20,NA,"Ngongotaha","1",NA,46.78,19.94,2.34,NA,NA,NA,"15.9",109.2,"27.61","14.09","Ōmutu",NA,NA,NA
2025-10-20,NA,"Ngongotaha","2",NA,16.26,3,54.2,NA,NA,NA,"15.9",109.2,"27.61","14.09","Ōmutu",NA,NA,NA
2025-10-20,NA,"Ngongotaha","3",NA,16.26,0.25,65.04,NA,NA,NA,"15.9",109.2,"27.61","14.09","Ōmutu",NA,NA,NA
2025-10-20,NA,"Te Koutu","1",NA,0.1,0,0,NA,NA,NA,"17.5",98.6,"13.1","2.41","Ōmutu",NA,NA,NA
2025-10-20,NA,"Te Koutu","2",NA,0.1,0,0,NA,NA,NA,"17.5",98.6,"13.1","2.41","Ōmutu",NA,NA,NA
2025-10-20,NA,"Te Koutu","3",NA,0.1,0,0,NA,NA,NA,"17.5",98.6,"13.1","2.41","Ōmutu",NA,NA,NA
2025-10-20,NA,"Lake Front","1",NA,0.1,0,0,NA,NA,NA,"19.1",93.7,"38.43","2.84","Ōmutu",NA,NA,NA
2025-10-20,NA,"Lake Front","2",NA,0.1,0,0,NA,NA,NA,"19.1",93.7,"38.43","2.84","Ōmutu",NA,NA,NA
2025-10-20,NA,"Lake Front","3",NA,0.1,0,0,NA,NA,NA,"19.1",93.7,"38.43","2.84","Ōmutu",NA,NA,NA
2025-10-22,NA,"Hannah's Bay","1",NA,0.1,0,0,NA,NA,NA,"18.9",100.1,"5.46","0.49","Whirowhiti",NA,NA,NA
2025-10-22,NA,"Hannah's Bay","2",NA,0.1,0,0,NA,NA,NA,"18.9",100.1,"5.46","0.49","Whirowhiti",NA,NA,NA
2025-10-22,NA,"Hannah's Bay","3",NA,0.1,0,0,NA,NA,NA,"18.9",100.1,"5.46","0.49","Whirowhiti",NA,NA,NA
2025-10-22,NA,"Te Pōhue","1",NA,0.1,0,0,NA,NA,NA,"20.1",94.9,"27.88","5.42","Whirowhiti",NA,NA,NA
2025-10-22,NA,"Te Pōhue","2",NA,0.1,0,0,NA,NA,NA,"20.1",94.9,"27.88","5.42","Whirowhiti",NA,NA,NA
2025-10-22,NA,"Te Pōhue","3",NA,0.1,0,0,NA,NA,NA,"20.1",94.9,"27.88","5.42","Whirowhiti",NA,NA,NA
2025-10-22,NA,"Ohau Channel","1",NA,11.56,0,0,NA,NA,NA,"19.2",101.5,"7.64","1.5","Whirowhiti",NA,NA,NA
2025-10-22,NA,"Ohau Channel","2",NA,12.34,0,0,NA,NA,NA,"19.2",101.5,"7.64","1.5","Whirowhiti",NA,NA,NA
2025-10-22,NA,"Ohau Channel","3",NA,16.26,0,0,NA,NA,NA,"19.2",101.5,"7.64","1.5","Whirowhiti",NA,NA,NA
2025-10-22,NA,"Hamurana (East)","1",NA,0.1,0,0,NA,NA,NA,"17.7",104.9,"9.99","2.76","Whirowhiti",NA,NA,NA
2025-10-22,NA,"Hamurana (East)","2",NA,0.1,0,0,NA,NA,NA,"17.7",104.9,"9.99","2.76","Whirowhiti",NA,NA,NA
2025-10-22,NA,"Hamurana (East)","3",NA,0.1,0,0,NA,NA,NA,"17.7",104.9,"9.99","2.76","Whirowhiti",NA,NA,NA
2025-10-22,NA,"Hamurana (bridge)","1",NA,38.95,0,0,NA,NA,NA,"19.3",105.1,"3.5","0.83","Whirowhiti",NA,NA,NA
2025-10-22,NA,"Hamurana (bridge)","2",NA,18.6,0,0,NA,NA,NA,"19.3",105.1,"3.5","0.83","Whirowhiti",NA,NA,NA
2025-10-22,NA,"Hamurana (bridge)","3",NA,0.1,0,0,NA,NA,NA,"19.3",105.1,"3.5","0.83","Whirowhiti",NA,NA,NA
2025-10-22,NA,"Hamurana (West)","1",NA,0.1,0,0,NA,NA,NA,"19.5",113.5,"1.07","0.44","Whirowhiti",NA,NA,NA
2025-10-22,NA,"Hamurana (West)","2",NA,0.1,0,0,NA,NA,NA,"19.5",113.5,"1.07","0.44","Whirowhiti",NA,NA,NA
2025-10-22,NA,"Hamurana (West)","3",NA,23.3,0,0,NA,NA,NA,"19.5",113.5,"1.07","0.44","Whirowhiti",NA,NA,NA
2025-10-22,NA,"Awahou (Tarimano)","1",NA,0.1,0,0,NA,NA,NA,"17",121.4,"1.38","0.6","Whirowhiti",NA,NA,NA
2025-10-22,NA,"Awahou (Tarimano)","2",NA,0.1,0,0,NA,NA,NA,"17",121.4,"1.38","0.6","Whirowhiti",NA,NA,NA
2025-10-22,NA,"Awahou (Tarimano)","3",NA,0.1,0,0,NA,NA,NA,"17",121.4,"1.38","0.6","Whirowhiti",NA,NA,NA
2025-10-22,NA,"Ngongotaha","1",NA,36.6,0,0,NA,NA,NA,"17.7",106.5,"1","0.78","Whirowhiti",NA,NA,NA
2025-10-22,NA,"Ngongotaha","2",NA,80.43,118.9,0.67,NA,NA,NA,"17.7",106.5,"1","0.78","Whirowhiti",NA,NA,NA
2025-10-22,NA,"Ngongotaha","3",NA,74.17,64.35,1.15,NA,NA,NA,"17.7",106.5,"1","0.78","Whirowhiti",NA,NA,NA
2025-10-22,NA,"Te Koutu","1",NA,0.1,0.2,0.5,NA,NA,NA,"17.9",111.3,"1.72","0.35","Whirowhiti",NA,NA,NA
2025-10-22,NA,"Te Koutu","2",NA,0.1,0,0,NA,NA,NA,"17.9",111.3,"1.72","0.35","Whirowhiti",NA,NA,NA
2025-10-22,NA,"Te Koutu","3",NA,0.1,0,0,NA,NA,NA,"17.9",111.3,"1.72","0.35","Whirowhiti",NA,NA,NA
2025-10-22,NA,"Lake Front","1",NA,0.1,2.72,0.03,NA,NA,NA,"20.6",122.1,"0.98","0.19","Whirowhiti",NA,NA,NA
2025-10-22,NA,"Lake Front","2",NA,0.1,0,0,NA,NA,NA,"20.6",122.1,"0.98","0.19","Whirowhiti",NA,NA,NA
2025-10-22,NA,"Lake Front","3",NA,38.95,0,0,NA,NA,NA,"20.6",122.1,"0.98","0.19","Whirowhiti",NA,NA,NA
2025-10-24,NA,"Hannah's Bay","1",NA,4.4,0,0,NA,NA,NA,"19.2",100.4,"6.38","1.31","Hoata","cloudy",NA,NA
2025-10-24,NA,"Hannah's Bay","2",NA,0.1,0,0,NA,NA,NA,"19.2",100.4,"6.38","1.31","Hoata","cloudy",NA,NA
2025-10-24,NA,"Hannah's Bay","3",NA,0.1,0,0,NA,NA,NA,"19.2",100.4,"6.38","1.31","Hoata","cloudy",NA,NA
2025-10-24,NA,"Te Pōhue","1",NA,0.1,0,0,NA,NA,NA,"17.6",106.7,"4.32","1","Hoata",NA,NA,NA
2025-10-24,NA,"Te Pōhue","2",NA,0.1,0,0,NA,NA,NA,"17.6",106.7,"4.32","1","Hoata",NA,NA,NA
2025-10-24,NA,"Te Pōhue","3",NA,0.1,0,0,NA,NA,NA,"17.6",106.7,"4.32","1","Hoata",NA,NA,NA
2025-10-24,NA,"Ohau Channel","1",NA,0.1,0,0,NA,NA,NA,"16.4",100.8,"6.87","1.01","Hoata",NA,NA,NA
2025-10-24,NA,"Ohau Channel","2",NA,0.1,0,0,NA,NA,NA,"16.4",100.8,"6.87","1.01","Hoata",NA,NA,NA
2025-10-24,NA,"Ohau Channel","3",NA,0.1,0,0,NA,NA,NA,"16.4",100.8,"6.87","1.01","Hoata",NA,NA,NA
2025-10-24,NA,"Hamurana (East)","1",NA,0.1,0,0,NA,NA,NA,"17.3",106.6,"4.39","1.59","Hoata",NA,NA,NA
2025-10-24,NA,"Hamurana (East)","2",NA,0.1,0,0,NA,NA,NA,"17.3",106.6,"4.39","1.59","Hoata",NA,NA,NA
2025-10-24,NA,"Hamurana (East)","3",NA,0.1,18.02,0,NA,NA,NA,"17.3",106.6,"4.39","1.59","Hoata",NA,NA,NA
2025-10-24,NA,"Hamurana (bridge)","1",NA,31.91,5.32,5.99,NA,NA,NA,"18.5",109.8,"0.96","0.54","Hoata",NA,NA,NA
2025-10-24,NA,"Hamurana (bridge)","2",NA,31.91,1.19,26.81,NA,NA,NA,"18.5",109.8,"0.96","0.54","Hoata",NA,NA,NA
2025-10-24,NA,"Hamurana (bridge)","3",NA,23.3,0.5,46.6,NA,NA,NA,"18.5",109.8,"0.96","0.54","Hoata",NA,NA,NA
2025-10-24,NA,"Hamurana (West)","1",NA,0.1,0,0,NA,NA,NA,"18",117.5,"1.04","0.66","Hoata",NA,NA,NA
2025-10-24,NA,"Hamurana (West)","2",NA,0.1,0,0,NA,NA,NA,"18",117.5,"1.04","0.66","Hoata",NA,NA,NA
2025-10-24,NA,"Hamurana (West)","3",NA,5.5,0,0,NA,NA,NA,"18",117.5,"1.04","0.66","Hoata",NA,NA,NA
2025-10-24,NA,"Awahou (Tarimano)","1",NA,0.1,0,0,NA,NA,NA,"14.1",108.5,"5.36","6.47","Hoata",NA,NA,NA
2025-10-24,NA,"Awahou (Tarimano)","2",NA,0.1,0,0,NA,NA,NA,"14.1",108.5,"5.36","6.47","Hoata",NA,NA,NA
2025-10-24,NA,"Awahou (Tarimano)","3",NA,0.1,15.66,0,NA,NA,NA,"14.1",108.5,"5.36","6.47","Hoata",NA,NA,NA
2025-10-24,NA,"Ngongotaha","1",NA,0.1,0,0,NA,NA,NA,"18.1",108.9,"1.04","0.66","Hoata",NA,NA,NA
2025-10-24,NA,"Ngongotaha","2",NA,0.1,0,0,NA,NA,NA,"18.1",108.9,"1.04","0.66","Hoata",NA,NA,NA
2025-10-24,NA,"Ngongotaha","3",NA,0.1,0,0,NA,NA,NA,"18.1",108.9,"1.04","0.66","Hoata",NA,NA,NA
2025-10-24,"11:12","Te Koutu","1",NA,12.34,0,0,NA,NA,NA,"16.7",103.1,"1","0.24","Hoata",NA,NA,NA
2025-10-24,"11:12","Te Koutu","2",NA,5.5,0,0,NA,NA,NA,"16.7",103.1,"1","0.24","Hoata",NA,NA,NA
2025-10-24,"11:12","Te Koutu","3",NA,4.75,0,0,NA,NA,NA,"16.7",103.1,"1","0.24","Hoata",NA,NA,NA
2025-10-24,NA,"Lake Front","1",NA,0.1,0,0,NA,NA,NA,"18.4",95.6,"2.26","0.32","Hoata",NA,NA,NA
2025-10-24,NA,"Lake Front","2",NA,0.1,0,0,NA,NA,NA,"18.4",95.6,"2.26","0.32","Hoata",NA,NA,NA
2025-10-24,NA,"Lake Front","3",NA,0.1,0,0,NA,NA,NA,"18.4",95.6,"2.26","0.32","Hoata",NA,NA,NA
2025-10-29,NA,"Hannah's Bay","1",NA,14.69,0,0,NA,NA,NA,"17.4",98.1,"4.22","0.14","Tamateaaio",NA,"High wave action, murky",NA
2025-10-29,NA,"Hannah's Bay","2",NA,0.1,0,0,NA,NA,NA,"17.4",98.1,"4.22","0.14","Tamateaaio",NA,"High wave action, murky",NA
2025-10-29,NA,"Hannah's Bay","3",NA,10,0,0,NA,NA,NA,"17.4",98.1,"4.22","0.14","Tamateaaio",NA,"High wave action, murky",NA
2025-10-29,NA,"Te Pōhue","1",NA,31.13,0,0,NA,NA,NA,"17.8",101.1,"7.43","0.56","Tamateaaio",NA,"Moderate wave action, murky",NA
2025-10-29,NA,"Te Pōhue","2",NA,46,0,0,NA,NA,NA,"17.8",101.1,"7.43","0.56","Tamateaaio",NA,"Moderate wave action, murky",NA
2025-10-29,NA,"Te Pōhue","3",NA,27.21,0,0,NA,NA,NA,"17.8",101.1,"7.43","0.56","Tamateaaio",NA,"Moderate wave action, murky",NA
2025-10-29,NA,"Ohau Channel","1",NA,10.78,0,0,NA,NA,NA,"16.4",105.6,"7.67","0.46","Tamateaaio",NA,"high wave action, hazy",NA
2025-10-29,NA,"Ohau Channel","2",NA,13.13,0,0,NA,NA,NA,"16.4",105.6,"7.67","0.46","Tamateaaio",NA,"high wave action, hazy",NA
2025-10-29,NA,"Ohau Channel","3",NA,26.43,0,0,NA,NA,NA,"16.4",105.6,"7.67","0.46","Tamateaaio",NA,"high wave action, hazy",NA
2025-10-29,NA,"Hamurana (East)","1",NA,43.2,0,0,NA,NA,NA,"16.9",98.7,"12.21","0.87","Tamateaaio",NA,"moderate wave action, hazy",NA
2025-10-29,NA,"Hamurana (East)","2",NA,34.3,0,0,NA,NA,NA,"16.9",98.7,"12.21","0.87","Tamateaaio",NA,"moderate wave action, hazy",NA
2025-10-29,NA,"Hamurana (East)","3",NA,21.1,0,0,NA,NA,NA,"16.9",98.7,"12.21","0.87","Tamateaaio",NA,"moderate wave action, hazy",NA
2025-10-29,NA,"Hamurana (bridge)","1",NA,27.21,0,0,NA,NA,NA,"17.3",114.1,"1.88","0.27","Tamateaaio",NA,"light wave action, hazy",NA
2025-10-29,NA,"Hamurana (bridge)","2",NA,13.91,0,0,NA,NA,NA,"17.3",114.1,"1.88","0.27","Tamateaaio",NA,"light wave action, hazy",NA
2025-10-29,NA,"Hamurana (bridge)","3",NA,15.47,0,0,NA,NA,NA,"17.3",114.1,"1.88","0.27","Tamateaaio",NA,"light wave action, hazy",NA
2025-10-29,NA,"Hamurana (West)","1",NA,17.04,0,0,NA,NA,NA,"19.9",108.5,"2.96","0.78","Tamateaaio",NA,"flat, clear",NA
2025-10-29,NA,"Hamurana (West)","2",NA,7.75,0,0,NA,NA,NA,"19.9",108.5,"2.96","0.78","Tamateaaio",NA,"flat, clear",NA
2025-10-29,NA,"Hamurana (West)","3",NA,9.25,0,0,NA,NA,NA,"19.9",108.5,"2.96","0.78","Tamateaaio",NA,"flat, clear",NA
2025-10-29,NA,"Awahou (Tarimano)","1",NA,23.3,0,0,NA,NA,NA,"16.8",137.9,"2.3","4.34","Tamateaaio",NA,"light wave action, clear",NA
2025-10-29,NA,"Awahou (Tarimano)","2",NA,9.56,0,0,NA,NA,NA,"16.8",137.9,"2.3","4.34","Tamateaaio",NA,"light wave action, clear",NA
2025-10-29,NA,"Awahou (Tarimano)","3",NA,0.1,0,0,NA,NA,NA,"16.8",137.9,"2.3","4.34","Tamateaaio",NA,"light wave action, clear",NA
2025-10-29,NA,"Ngongotaha","1",NA,0.1,0.3,0.33,NA,NA,NA,"17.1",107.6,"1.83","0.29","Tamateaaio",NA,"light wave action, clear",NA
2025-10-29,NA,"Ngongotaha","2",NA,0.1,0,0,NA,NA,NA,"17.1",107.6,"1.83","0.29","Tamateaaio",NA,"light wave action, clear",NA
2025-10-29,NA,"Ngongotaha","3",NA,0.1,0.95,0.1,NA,NA,NA,"17.1",107.6,"1.83","0.29","Tamateaaio",NA,"light wave action, clear",NA
2025-10-29,NA,"Te Koutu","1",NA,33.47,0,0,NA,NA,NA,"16.5",105.2,"1.4","0.23","Tamateaaio",NA,"flat,  clear",NA
2025-10-29,NA,"Te Koutu","2",NA,42.08,0,0,NA,NA,NA,"16.5",105.2,"1.4","0.23","Tamateaaio",NA,"flat,  clear",NA
2025-10-29,NA,"Te Koutu","3",NA,29.56,0,0,NA,NA,NA,"16.5",105.2,"1.4","0.23","Tamateaaio",NA,"flat,  clear",NA
2025-10-29,NA,"Lake Front","1",NA,15.47,0,0,NA,NA,NA,"18.2",100,"3.59","0.34","Tamateaaio",NA,"flat, clear",NA
2025-10-29,NA,"Lake Front","2",NA,32.69,0,0,NA,NA,NA,"18.2",100,"3.59","0.34","Tamateaaio",NA,"flat, clear",NA
2025-10-29,NA,"Lake Front","3",NA,15.47,0,0,NA,NA,NA,"18.2",100,"3.59","0.34","Tamateaaio",NA,"flat, clear",NA
2025-10-31,NA,"Hannah's Bay","1",NA,0.1,0,0,NA,NA,NA,"18.2",90.5,"8.17","0.59","Huna","Clear skies","Hazy, high wave action",NA
2025-10-31,NA,"Hannah's Bay","2",NA,0.1,0,0,NA,NA,NA,"18.2",90.5,"8.17","0.59","Huna","Clear skies","Hazy, high wave action",NA
2025-10-31,NA,"Hannah's Bay","3",NA,0.1,0,0,NA,NA,NA,"18.2",90.5,"8.17","0.59","Huna","Clear skies","Hazy, high wave action",NA
2025-10-31,NA,"Te Pōhue","1",NA,0.1,0,0,NA,NA,NA,"17.8",97.7,"18.29","5.31","Huna",NA,"High wave action, murky",NA
2025-10-31,NA,"Te Pōhue","2",NA,0.1,0,0,NA,NA,NA,"17.8",97.7,"18.29","5.31","Huna",NA,"High wave action, murky",NA
2025-10-31,NA,"Te Pōhue","3",NA,0.1,0,0,NA,NA,NA,"17.8",97.7,"18.29","5.31","Huna",NA,"High wave action, murky",NA
2025-10-31,"11:41","Ohau Channel","1",NA,11.56,0,0,NA,NA,NA,"16.3",96,"35.81","2.43","Huna",NA,"High wave action, murky",NA
2025-10-31,"11:41","Ohau Channel","2",NA,0.1,0,0,NA,NA,NA,"16.3",96,"35.81","2.43","Huna",NA,"High wave action, murky",NA
2025-10-31,"11:41","Ohau Channel","3",NA,45.21,0,0,NA,NA,NA,"16.3",96,"35.81","2.43","Huna",NA,"High wave action, murky",NA
2025-10-31,"12:05","Hamurana (East)","1",NA,23.3,0.2,116.5,NA,NA,NA,"15.3",101.6,"12.56","1.28","Huna",NA,"light wave action, hazy",NA
2025-10-31,"12:05","Hamurana (East)","2",NA,11.56,0,0,NA,NA,NA,"15.3",101.6,"12.56","1.28","Huna",NA,"light wave action, hazy",NA
2025-10-31,"12:05","Hamurana (East)","3",NA,8.5,0,0,NA,NA,NA,"15.3",101.6,"12.56","1.28","Huna",NA,"light wave action, hazy",NA
2025-10-31,"12:19","Hamurana (bridge)","1",NA,0.1,0,0,NA,NA,NA,"16.9",102.1,"6.52","0.68","Huna",NA,"light wave action, hazy",NA
2025-10-31,"12:19","Hamurana (bridge)","2",NA,29.56,0.05,591.2,NA,NA,NA,"16.9",102.1,"6.52","0.68","Huna",NA,"light wave action, hazy",NA
2025-10-31,"12:19","Hamurana (bridge)","3",NA,30.34,0.05,606.8,NA,NA,NA,"16.9",102.1,"6.52","0.68","Huna",NA,"light wave action, hazy",NA
2025-10-31,"12:32","Hamurana (West)","1",NA,26.43,33.18,0.79,NA,NA,NA,"16.7",103.7,"9.51","1.57","Huna",NA,"light wave action, clear",NA
2025-10-31,"12:32","Hamurana (West)","2",NA,0.1,0,0,NA,NA,NA,"16.7",103.7,"9.51","1.57","Huna",NA,"light wave action, clear",NA
2025-10-31,"12:32","Hamurana (West)","3",NA,0.1,0,0,NA,NA,NA,"16.7",103.7,"9.51","1.57","Huna",NA,"light wave action, clear",NA
2025-10-31,"12:59","Awahou (Tarimano)","1",NA,14.69,7.59,1.93,NA,NA,NA,"18",119.4,"19.52","14.89","Huna",NA,"light wave action, clear",NA
2025-10-31,"12:59","Awahou (Tarimano)","2",NA,120.24,36.88,3.26,NA,NA,NA,"18",119.4,"19.52","14.89","Huna",NA,"light wave action, clear",NA
2025-10-31,"12:59","Awahou (Tarimano)","3",NA,44.43,34.07,1.3,NA,NA,NA,"18",119.4,"19.52","14.89","Huna",NA,"light wave action, clear",NA
2025-10-31,"13:14","Ngongotaha","1",NA,0.1,0.6,0.16,NA,NA,NA,"17.4",105.3,"1.03","0.19","Huna",NA,"Light wave action, clear",NA
2025-10-31,"13:14","Ngongotaha","2",NA,0.1,0,0,NA,NA,NA,"17.4",105.3,"1.03","0.19","Huna",NA,"Light wave action, clear",NA
2025-10-31,"13:14","Ngongotaha","3",NA,0.1,0,0,NA,NA,NA,"17.4",105.3,"1.03","0.19","Huna",NA,"Light wave action, clear",NA
2025-10-31,"13:30","Te Koutu","1",NA,0.1,0,0,NA,NA,NA,"17.3",105.5,"1.32","0.2","Huna",NA,"Flat, clear",NA
2025-10-31,"13:30","Te Koutu","2",NA,0.1,0,0,NA,NA,NA,"17.3",105.5,"1.32","0.2","Huna",NA,"Flat, clear",NA
2025-10-31,"13:30","Te Koutu","3",NA,0.1,0,0,NA,NA,NA,"17.3",105.5,"1.32","0.2","Huna",NA,"Flat, clear",NA
2025-10-31,"14:01","Lake Front","1",NA,0.1,0,0,NA,NA,NA,"19.5",111.7,"4.94","0.34","Huna",NA,"Flat, clear",NA
2025-10-31,"14:01","Lake Front","2",NA,0.1,0,0,NA,NA,NA,"19.5",111.7,"4.94","0.34","Huna",NA,"Flat, clear",NA
2025-10-31,"14:01","Lake Front","3",NA,69.9,0,0,NA,NA,NA,"19.5",111.7,"4.94","0.34","Huna",NA,"Flat, clear",NA
2025-11-03,NA,"Hannah's Bay","1","A",0.1,0,0,NA,NA,NA,"22",105.1,"3.62","0.43","Atuahaehae","Sunny, partial cloud",NA,NA
2025-11-03,NA,"Hannah's Bay","2","A",0.1,0,0,NA,NA,NA,"22",105.1,"3.62","0.43","Atuahaehae","Sunny, partial cloud",NA,NA
2025-11-03,NA,"Hannah's Bay","3","A",0.1,0,0,NA,NA,NA,"22",105.1,"3.62","0.43","Atuahaehae","Sunny, partial cloud",NA,NA
2025-11-03,NA,"Te Pōhue","1","A",0.1,0,0,NA,NA,NA,"21.2",110.4,"4.56","0.12","Atuahaehae",NA,NA,NA
2025-11-03,NA,"Te Pōhue","2","A",0.1,0,0,NA,NA,NA,"21.2",110.4,"4.56","0.12","Atuahaehae",NA,NA,NA
2025-11-03,NA,"Te Pōhue","3","A",0.1,0,0,NA,NA,NA,"21.2",110.4,"4.56","0.12","Atuahaehae",NA,NA,NA
2025-11-03,NA,"Ohau Channel","1","A",0.1,0,0,NA,NA,NA,"19.3",107.6,"2.98","0.21","Atuahaehae",NA,NA,NA
2025-11-03,NA,"Ohau Channel","2","A",0.1,0,0,NA,NA,NA,"19.3",107.6,"2.98","0.21","Atuahaehae",NA,NA,NA
2025-11-03,NA,"Ohau Channel","3","A",0.1,0,0,NA,NA,NA,"19.3",107.6,"2.98","0.21","Atuahaehae",NA,NA,NA
2025-11-03,NA,"Hamurana (East)","1","A",0.1,0,0,NA,NA,NA,"17.5",108.3,"2.38","1.1","Atuahaehae",NA,NA,NA
2025-11-03,NA,"Hamurana (East)","2","A",0.1,0,0,NA,NA,NA,"17.5",108.3,"2.38","1.1","Atuahaehae",NA,NA,NA
2025-11-03,NA,"Hamurana (East)","3","A",0.1,0,0,NA,NA,NA,"17.5",108.3,"2.38","1.1","Atuahaehae",NA,NA,NA
2025-11-03,NA,"Hamurana (bridge)","1","A",0.1,0,0,NA,NA,NA,"17.3",136.1,"0.65","0.41","Atuahaehae",NA,NA,NA
2025-11-03,NA,"Hamurana (bridge)","2","A",0.1,0,0,NA,NA,NA,"17.3",136.1,"0.65","0.41","Atuahaehae",NA,NA,NA
2025-11-03,NA,"Hamurana (bridge)","3","A",0.1,0,0,NA,NA,NA,"17.3",136.1,"0.65","0.41","Atuahaehae",NA,NA,NA
2025-11-03,NA,"Hamurana (West)","1","A",0.1,0,0,NA,NA,NA,"20.9",144.4,"0.84","0.35","Atuahaehae",NA,NA,NA
2025-11-03,NA,"Hamurana (West)","2","A",0.1,0,0,NA,NA,NA,"20.9",144.4,"0.84","0.35","Atuahaehae",NA,NA,NA
2025-11-03,NA,"Hamurana (West)","3","A",0.1,0,0,NA,NA,NA,"20.9",144.4,"0.84","0.35","Atuahaehae",NA,NA,NA
2025-11-03,NA,"Awahou (Tarimano)","1","A",0.1,0,0,NA,NA,NA,"13.5",105.3,"0.36","0.28","Atuahaehae",NA,NA,NA
2025-11-03,NA,"Awahou (Tarimano)","2","A",3.25,0,0,NA,NA,NA,"13.5",105.3,"0.36","0.28","Atuahaehae",NA,NA,NA
2025-11-03,NA,"Awahou (Tarimano)","3","A",1,0,0,NA,NA,NA,"13.5",105.3,"0.36","0.28","Atuahaehae",NA,NA,NA
2025-11-03,NA,"Ngongotaha","1","A",7,53.62,0.13,NA,NA,NA,"16.1",108.7,"14.54","13.03","Atuahaehae",NA,NA,NA
2025-11-03,NA,"Ngongotaha","2","A",58.52,114.27,0.51,NA,NA,NA,"16.1",108.7,"14.54","13.03","Atuahaehae",NA,NA,NA
2025-11-03,NA,"Ngongotaha","3","A",74.95,126.95,0.59,NA,NA,NA,"16.1",108.7,"14.54","13.03","Atuahaehae",NA,NA,NA
2025-11-03,NA,"Koutu","1","A",0.1,7.04,0.01,NA,NA,NA,"20.8",103.6,"12.46","2.91","Atuahaehae",NA,NA,NA
2025-11-03,NA,"Koutu","2","A",7,5.22,1.34,NA,NA,NA,"20.8",103.6,"12.46","2.91","Atuahaehae",NA,NA,NA
2025-11-03,NA,"Koutu","3","A",2.5,0.85,2.94,NA,NA,NA,"20.8",103.6,"12.46","2.91","Atuahaehae",NA,NA,NA
2025-11-03,NA,"Lake Front","1","A",0.1,1.14,0.08,NA,NA,NA,"25.6",101.5,"56.32","3.86","Atuahaehae",NA,NA,NA
2025-11-03,NA,"Lake Front","2","A",0.1,0.7,0.14,NA,NA,NA,"25.6",101.5,"56.32","3.86","Atuahaehae",NA,NA,NA
2025-11-03,NA,"Lake Front","3","A",0.1,0.6,0.16,NA,NA,NA,"25.6",101.5,"56.32","3.86","Atuahaehae",NA,NA,NA
2025-11-05,NA,"Hannah's Bay","1","A",0.1,0,0,NA,NA,NA,NA,NA,NA,NA,"Ōturuturu","Sunny, partial cloud",NA,"Probe unavailable for use"
2025-11-05,NA,"Hannah's Bay","2","A",0.1,0,0,NA,NA,NA,NA,NA,NA,NA,"Ōturuturu","Sunny, partial cloud",NA,NA
2025-11-05,NA,"Hannah's Bay","3","A",0.1,0,0,NA,NA,NA,NA,NA,NA,NA,"Ōturuturu","Sunny, partial cloud",NA,NA
2025-11-05,NA,"Te Pōhue","1","A",0.1,0,0,NA,NA,NA,NA,NA,NA,NA,"Ōturuturu",NA,NA,NA
2025-11-05,NA,"Te Pōhue","2","A",0.1,0,0,NA,NA,NA,NA,NA,NA,NA,"Ōturuturu",NA,NA,NA
2025-11-05,NA,"Te Pōhue","3","A",0.1,0,0,NA,NA,NA,NA,NA,NA,NA,"Ōturuturu",NA,NA,NA
2025-11-05,NA,"Ohau Channel","1","A",0.1,0,0,NA,NA,NA,NA,NA,NA,NA,"Ōturuturu",NA,NA,NA
2025-11-05,NA,"Ohau Channel","2","A",0.1,0,0,NA,NA,NA,NA,NA,NA,NA,"Ōturuturu",NA,NA,NA
2025-11-05,NA,"Ohau Channel","3","A",0.1,0,0,NA,NA,NA,NA,NA,NA,NA,"Ōturuturu",NA,NA,NA
2025-11-05,NA,"Hamurana (East)","1","A",0.1,0,0,NA,NA,NA,NA,NA,NA,NA,"Ōturuturu",NA,NA,NA
2025-11-05,NA,"Hamurana (East)","2","A",0.1,0,0,NA,NA,NA,NA,NA,NA,NA,"Ōturuturu",NA,NA,NA
2025-11-05,NA,"Hamurana (East)","3","A",0.1,0,0,NA,NA,NA,NA,NA,NA,NA,"Ōturuturu",NA,NA,NA
2025-11-05,NA,"Hamurana (bridge)","1","A",0.1,0,0,NA,NA,NA,NA,NA,NA,NA,"Ōturuturu",NA,NA,NA
2025-11-05,NA,"Hamurana (bridge)","2","A",0.1,0,0,NA,NA,NA,NA,NA,NA,NA,"Ōturuturu",NA,NA,NA
2025-11-05,NA,"Hamurana (bridge)","3","A",0.1,0,0,NA,NA,NA,NA,NA,NA,NA,"Ōturuturu",NA,NA,NA
2025-11-05,NA,"Hamurana (West)","1","A",0.1,0,0,NA,NA,NA,NA,NA,NA,NA,"Ōturuturu",NA,NA,NA
2025-11-05,NA,"Hamurana (West)","2","A",0.1,0,0,NA,NA,NA,NA,NA,NA,NA,"Ōturuturu",NA,NA,NA
2025-11-05,NA,"Hamurana (West)","3","A",0.1,0,0,NA,NA,NA,NA,NA,NA,NA,"Ōturuturu",NA,NA,NA
2025-11-05,NA,"Awahou (Tarimano)","1","A",0.1,0,0,NA,NA,NA,NA,NA,NA,NA,"Ōturuturu",NA,NA,NA
2025-11-05,NA,"Awahou (Tarimano)","2","A",3.25,0,NA,NA,NA,NA,NA,NA,NA,NA,"Ōturuturu",NA,NA,NA
2025-11-05,NA,"Awahou (Tarimano)","3","A",1,0,0,NA,NA,NA,NA,NA,NA,NA,"Ōturuturu",NA,NA,NA
2025-11-05,NA,"Ngongotaha","1","A",7,53.62,0.13,NA,NA,NA,NA,NA,NA,NA,"Ōturuturu",NA,NA,NA
2025-11-05,NA,"Ngongotaha","2","A",58.52,114.27,0.51,NA,NA,NA,NA,NA,NA,NA,"Ōturuturu",NA,NA,NA
2025-11-05,NA,"Ngongotaha","3","A",74.95,126.28,0.59,NA,NA,NA,NA,NA,NA,NA,"Ōturuturu",NA,NA,NA
2025-11-05,NA,"Koutu","1","A",0.1,7.04,0.01,NA,NA,NA,NA,NA,NA,NA,"Ōturuturu",NA,NA,NA
2025-11-05,NA,"Koutu","2","A",7,5.22,1.34,NA,NA,NA,NA,NA,NA,NA,"Ōturuturu",NA,NA,NA
2025-11-05,NA,"Koutu","3","A",2.5,0.85,2.94,NA,NA,NA,NA,NA,NA,NA,"Ōturuturu",NA,NA,NA
2025-11-05,NA,"Lake Front","1","A",0.1,1.14,0.08,NA,NA,NA,NA,NA,NA,NA,"Ōturuturu",NA,NA,NA
2025-11-05,NA,"Lake Front","2","A",0.1,0.7,0.14,NA,NA,NA,NA,NA,NA,NA,"Ōturuturu",NA,NA,NA
2025-11-05,NA,"Lake Front","3","A",0.1,0.6,0.16,NA,NA,NA,NA,NA,NA,NA,"Ōturuturu",NA,NA,NA
2025-11-07,NA,"Hannah's Bay","1","A",0.1,0,0,NA,NA,NA,NA,NA,NA,NA,"Rākaumotahi","Sunny",NA,"Probe unavailable for use"
2025-11-07,NA,"Hannah's Bay","2","A",10,0,0,NA,NA,NA,NA,NA,NA,NA,"Rākaumotahi","Sunny",NA,NA
2025-11-07,NA,"Hannah's Bay","3","A",0.1,0,0,NA,NA,NA,NA,NA,NA,NA,"Rākaumotahi","Sunny",NA,NA
2025-11-07,NA,"Te Pōhue","1","A",172.4,5.13,33.6,NA,NA,NA,NA,NA,NA,NA,"Rākaumotahi",NA,NA,NA
2025-11-07,NA,"Te Pōhue","2","A",203.54,2.03,100.26,NA,NA,NA,NA,NA,NA,NA,"Rākaumotahi",NA,NA,NA
2025-11-07,NA,"Te Pōhue","3","A",517.3,5.81,89.03,NA,NA,NA,NA,NA,NA,NA,"Rākaumotahi",NA,NA,NA
2025-11-07,NA,"Ohau Channel","1","A",566.34,3.4,166.57,NA,NA,NA,NA,NA,NA,NA,"Rākaumotahi",NA,NA,NA
2025-11-07,NA,"Ohau Channel","2","A",602.16,4.29,140.36,NA,NA,NA,NA,NA,NA,NA,"Rākaumotahi",NA,NA,NA
2025-11-07,NA,"Ohau Channel","3","A",587.37,3.36,174.81,NA,NA,NA,NA,NA,NA,NA,"Rākaumotahi",NA,NA,NA
2025-11-07,NA,"Hamurana (East)","1","A",5439.25,28.26,192.47,NA,NA,NA,NA,NA,NA,NA,"Rākaumotahi",NA,NA,NA
2025-11-07,NA,"Hamurana (East)","2","A",5140.18,22.06,233,NA,NA,NA,NA,NA,NA,NA,"Rākaumotahi",NA,NA,NA
2025-11-07,NA,"Hamurana (East)","3","A",5538.94,31.61,175.22,NA,NA,NA,NA,NA,NA,NA,"Rākaumotahi",NA,NA,NA
2025-11-07,NA,"Hamurana (bridge)","1","A",11.56,0,0,NA,NA,NA,NA,NA,NA,NA,"Rākaumotahi",NA,NA,NA
2025-11-07,NA,"Hamurana (bridge)","2","A",2.5,0,0,NA,NA,NA,NA,NA,NA,NA,"Rākaumotahi",NA,NA,NA
2025-11-07,NA,"Hamurana (bridge)","3","A",0.1,0,0,NA,NA,NA,NA,NA,NA,NA,"Rākaumotahi",NA,NA,NA
2025-11-07,NA,"Hamurana (West)","1","A",0.1,0,0,NA,NA,NA,NA,NA,NA,NA,"Rākaumotahi",NA,NA,NA
2025-11-07,NA,"Hamurana (West)","2","A",0.1,0,0,NA,NA,NA,NA,NA,NA,NA,"Rākaumotahi",NA,NA,NA
2025-11-07,NA,"Hamurana (West)","3","A",0.1,0,0,NA,NA,NA,NA,NA,NA,NA,"Rākaumotahi",NA,NA,NA
2025-11-07,NA,"Awahou (Tarimano)","1","A",8.5,1.24,6.85,NA,NA,NA,NA,NA,NA,NA,"Rākaumotahi",NA,NA,NA
2025-11-07,NA,"Awahou (Tarimano)","2","A",14.69,0,0,NA,NA,NA,NA,NA,NA,NA,"Rākaumotahi",NA,NA,NA
2025-11-07,NA,"Awahou (Tarimano)","3","A",6.35,0,0,NA,NA,NA,NA,NA,NA,NA,"Rākaumotahi",NA,NA,NA
2025-11-07,NA,"Ngongotaha","1","A",17.04,1.29,13.2,NA,NA,NA,NA,NA,NA,NA,"Rākaumotahi",NA,NA,NA
2025-11-07,NA,"Ngongotaha","2","A",17.04,0,0,NA,NA,NA,NA,NA,NA,NA,"Rākaumotahi",NA,NA,NA
2025-11-07,NA,"Ngongotaha","3","A",3.25,0,0,NA,NA,NA,NA,NA,NA,NA,"Rākaumotahi",NA,NA,NA
2025-11-07,NA,"Koutu","1","A",0.1,0,0,NA,NA,NA,NA,NA,NA,NA,"Rākaumotahi",NA,NA,NA
2025-11-07,NA,"Koutu","2","A",0.1,0,0,NA,NA,NA,NA,NA,NA,NA,"Rākaumotahi",NA,NA,NA
2025-11-07,NA,"Koutu","3","A",0.1,0,0,NA,NA,NA,NA,NA,NA,NA,"Rākaumotahi",NA,NA,NA
2025-11-07,NA,"Lake Front","1","A",10,1.68,5.95,NA,NA,NA,NA,NA,NA,NA,"Rākaumotahi",NA,NA,NA
2025-11-07,NA,"Lake Front","2","A",0.1,1.39,0.07,NA,NA,NA,NA,NA,NA,NA,"Rākaumotahi",NA,NA,NA
2025-11-07,NA,"Lake Front","3","A",1,3.36,0.29,NA,NA,NA,NA,NA,NA,NA,"Rākaumotahi",NA,NA,NA
2025-11-10,NA,"Hannah's Bay","1","A",0.1,0,0,NA,NA,NA,"22.3",103.6,"5.06","0.79","Korekore-te-whiwhia","Rain showers, cloudy",NA,NA
2025-11-10,NA,"Hannah's Bay","2","A",0.1,0,0,NA,NA,NA,"22.3",103.6,"5.06","0.79","Korekore-te-whiwhia","Rain showers, cloudy",NA,NA
2025-11-10,NA,"Hannah's Bay","3","A",0.1,0,0,NA,NA,NA,"22.3",103.6,"5.06","0.79","Korekore-te-whiwhia","Rain showers, cloudy",NA,NA
2025-11-10,NA,"Te Pōhue","1","A",0.1,0,0,NA,NA,NA,"22.2",109.3,"3.63","1.02","Korekore-te-whiwhia",NA,NA,NA
2025-11-10,NA,"Te Pōhue","2","A",0.1,0,0,NA,NA,NA,"22.2",109.3,"3.63","1.02","Korekore-te-whiwhia",NA,NA,NA
2025-11-10,NA,"Te Pōhue","3","A",0.1,0,0,NA,NA,NA,"22.2",109.3,"3.63","1.02","Korekore-te-whiwhia",NA,NA,NA
2025-11-10,NA,"Ohau Channel","1","A",0.1,0,0,NA,NA,NA,"20.5",110.7,"3.43","0.47","Korekore-te-whiwhia",NA,NA,NA
2025-11-10,NA,"Ohau Channel","2","A",0.1,0,0,NA,NA,NA,"20.5",110.7,"3.43","0.47","Korekore-te-whiwhia",NA,NA,NA
2025-11-10,NA,"Ohau Channel","3","A",0.1,0,0,NA,NA,NA,"20.5",110.7,"3.43","0.47","Korekore-te-whiwhia",NA,NA,NA
2025-11-10,NA,"Hamurana (East)","1","A",0.1,0,0,NA,NA,NA,"19.7",117.5,"0.87","0.93","Korekore-te-whiwhia",NA,NA,NA
2025-11-10,NA,"Hamurana (East)","2","A",0.1,0,0,NA,NA,NA,"19.7",117.5,"0.87","0.93","Korekore-te-whiwhia",NA,NA,NA
2025-11-10,NA,"Hamurana (East)","3","A",0.1,0,0,NA,NA,NA,"19.7",117.5,"0.87","0.93","Korekore-te-whiwhia",NA,NA,NA
2025-11-10,NA,"Hamurana (bridge)","1","A",0.1,0,0,NA,NA,NA,"17.2",141.8,"0.95","0.34","Korekore-te-whiwhia",NA,NA,NA
2025-11-10,NA,"Hamurana (bridge)","2","A",0.1,0,0,NA,NA,NA,"17.2",141.8,"0.95","0.34","Korekore-te-whiwhia",NA,NA,NA
2025-11-10,NA,"Hamurana (bridge)","3","A",0.1,0,0,NA,NA,NA,"17.2",141.8,"0.95","0.34","Korekore-te-whiwhia",NA,NA,NA
2025-11-10,NA,"Hamurana (West)","1","A",0.1,0,0,NA,NA,NA,"22.2",128.4,"2.34","0.53","Korekore-te-whiwhia",NA,NA,NA
2025-11-10,NA,"Hamurana (West)","2","A",0.1,0,0,NA,NA,NA,"22.2",128.4,"2.34","0.53","Korekore-te-whiwhia",NA,NA,NA
2025-11-10,NA,"Hamurana (West)","3","A",0.1,0,0,NA,NA,NA,"22.2",128.4,"2.34","0.53","Korekore-te-whiwhia",NA,NA,NA
2025-11-10,NA,"Awahou (Tarimano)","1","A",10,1.24,8.06,NA,NA,NA,"14.3",121.1,"0.78","0.85","Korekore-te-whiwhia",NA,NA,NA
2025-11-10,NA,"Awahou (Tarimano)","2","A",13.91,0.9,15.45,NA,NA,NA,"14.3",121.1,"0.78","0.85","Korekore-te-whiwhia",NA,NA,NA
2025-11-10,NA,"Awahou (Tarimano)","3","A",14.69,29,0.5,NA,NA,NA,"14.3",121.1,"0.78","0.85","Korekore-te-whiwhia",NA,NA,NA
2025-11-10,NA,"Ngongotaha","1","A",38.95,43.08,0.9,NA,NA,NA,"19",123.3,"13.18","7.31","Korekore-te-whiwhia",NA,NA,NA
2025-11-10,NA,"Ngongotaha","2","A",34.26,36.63,0.93,NA,NA,NA,"19",123.3,"13.18","7.31","Korekore-te-whiwhia",NA,NA,NA
2025-11-10,NA,"Koutu","1","A",12.34,0,0,NA,NA,NA,"21.3",103.4,"8.75","0.98","Korekore-te-whiwhia",NA,NA,NA
2025-11-10,NA,"Koutu","2","A",10.78,0,0,NA,NA,NA,"21.3",103.4,"8.75","0.98","Korekore-te-whiwhia",NA,NA,NA
2025-11-10,NA,"Koutu","3","A",5.5,0,0,NA,NA,NA,"21.3",103.4,"8.75","0.98","Korekore-te-whiwhia",NA,NA,NA
2025-11-10,NA,"Lake Front","1","A",23.3,5.81,4.01,NA,NA,NA,"22.7",96.2,"15.66","1.8","Korekore-te-whiwhia",NA,NA,NA
2025-11-10,NA,"Lake Front","2","A",29.56,5.03,5.87,NA,NA,NA,"22.7",96.2,"15.66","1.8","Korekore-te-whiwhia",NA,NA,NA
2025-11-10,NA,"Lake Front","3","A",20.95,6.36,3.29,NA,NA,NA,"22.7",96.2,"15.66","1.8","Korekore-te-whiwhia",NA,NA,NA
2025-11-12,NA,"Hannah's Bay","1","A",2.5,0.45,5.55,NA,NA,NA,"20.6",102.9,"2.59","0.89","Korekore-piri-ki-ngā-tangaroa","Cloudy/partially sunny",NA,NA
2025-11-12,NA,"Hannah's Bay","2","A",0.1,0.1,1,NA,NA,NA,"20.6",102.9,"2.59","0.89","Korekore-piri-ki-ngā-tangaroa","Cloudy/partially sunny",NA,NA
2025-11-12,NA,"Hannah's Bay","3","A",1,0.1,10,NA,NA,NA,"20.6",102.9,"2.59","0.89","Korekore-piri-ki-ngā-tangaroa","Cloudy/partially sunny",NA,NA
2025-11-12,NA,"Te Pōhue","1","A",0.1,0,0,NA,NA,NA,"20.4",101.1,"2.43","0.34","Korekore-piri-ki-ngā-tangaroa",NA,NA,NA
2025-11-12,NA,"Te Pōhue","2","A",0.1,0,0,NA,NA,NA,"20.4",101.1,"2.43","0.34","Korekore-piri-ki-ngā-tangaroa",NA,NA,NA
2025-11-12,NA,"Te Pōhue","3","A",0.1,0,0,NA,NA,NA,"20.4",101.1,"2.43","0.34","Korekore-piri-ki-ngā-tangaroa",NA,NA,NA
2025-11-12,NA,"Ohau Channel","1","A",0.1,0,0,NA,NA,NA,"20.2",98.1,"7.53","0.46","Korekore-piri-ki-ngā-tangaroa",NA,NA,NA
2025-11-12,NA,"Ohau Channel","2","A",0.1,0,0,NA,NA,NA,"20.2",98.1,"7.53","0.46","Korekore-piri-ki-ngā-tangaroa",NA,NA,NA
2025-11-12,NA,"Ohau Channel","3","A",0.1,0,0,NA,NA,NA,"20.2",98.1,"7.53","0.46","Korekore-piri-ki-ngā-tangaroa",NA,NA,NA
2025-11-12,NA,"Hamurana (East)","1","A",3.75,0,0,NA,NA,NA,"19.1",99.7,"7.76","1.52","Korekore-piri-ki-ngā-tangaroa",NA,NA,NA
2025-11-12,NA,"Hamurana (East)","2","A",0.1,0,0,NA,NA,NA,"19.1",99.7,"7.76","1.52","Korekore-piri-ki-ngā-tangaroa",NA,NA,NA
2025-11-12,NA,"Hamurana (East)","3","A",0.1,0,0,NA,NA,NA,"19.1",99.7,"7.76","1.52","Korekore-piri-ki-ngā-tangaroa",NA,NA,NA
2025-11-12,NA,"Hamurana (bridge)","1","A",4.75,0,0,NA,NA,NA,"16.9",124.3,"0.78","0.28","Korekore-piri-ki-ngā-tangaroa",NA,NA,NA
2025-11-12,NA,"Hamurana (bridge)","2","A",20.95,0.15,139.66,NA,NA,NA,"16.9",124.3,"0.78","0.28","Korekore-piri-ki-ngā-tangaroa",NA,NA,NA
2025-11-12,NA,"Hamurana (bridge)","3","A",36.6,0,0,NA,NA,NA,"16.9",124.3,"0.78","0.28","Korekore-piri-ki-ngā-tangaroa",NA,NA,NA
2025-11-12,NA,"Hamurana (West)","1","A",12.34,0.8,15.42,NA,NA,NA,"21",107.9,"2.27","1.11","Korekore-piri-ki-ngā-tangaroa",NA,NA,NA
2025-11-12,NA,"Hamurana (West)","2","A",6.25,0,0,NA,NA,NA,"21",107.9,"2.27","1.11","Korekore-piri-ki-ngā-tangaroa",NA,NA,NA
2025-11-12,NA,"Hamurana (West)","3","A",0.1,0,0,NA,NA,NA,"21",107.9,"2.27","1.11","Korekore-piri-ki-ngā-tangaroa",NA,NA,NA
2025-11-12,NA,"Awahou (Tarimano)","1","A",34.26,4.34,7.89,NA,NA,NA,"14.2",93.3,"10.96","7.32","Korekore-piri-ki-ngā-tangaroa",NA,NA,NA
2025-11-12,NA,"Awahou (Tarimano)","2","A",53.04,4.78,11.09,NA,NA,NA,"14.2",93.3,"10.96","7.32","Korekore-piri-ki-ngā-tangaroa",NA,NA,NA
2025-11-12,NA,"Awahou (Tarimano)","3","A",38.17,5.9,6.4,NA,NA,NA,"14.2",93.3,"10.96","7.32","Korekore-piri-ki-ngā-tangaroa",NA,NA,NA
2025-11-12,NA,"Ngongotaha","1","A",48.34,20.24,2.38,NA,NA,NA,"16.1",96,"27.35","12.06","Korekore-piri-ki-ngā-tangaroa",NA,NA,NA
2025-11-12,NA,"Ngongotaha","2","A",69.47,17.58,3.96,NA,NA,NA,"16.1",96,"27.35","12.06","Korekore-piri-ki-ngā-tangaroa",NA,NA,NA
2025-11-12,NA,"Ngongotaha","3","A",67.13,18.07,3.71,NA,NA,NA,"16.1",96,"27.35","12.06","Korekore-piri-ki-ngā-tangaroa",NA,NA,NA
2025-11-12,NA,"Koutu","1","A",5.5,0.8,6.87,NA,NA,NA,"20.3",98.1,"11.44","1.6","Korekore-piri-ki-ngā-tangaroa",NA,NA,NA
2025-11-12,NA,"Koutu","2","A",1,1.49,0.67,NA,NA,NA,"20.3",98.1,"11.44","1.6","Korekore-piri-ki-ngā-tangaroa",NA,NA,NA
2025-11-12,NA,"Koutu","3","A",4,1,4,NA,NA,NA,"20.3",98.1,"11.44","1.6","Korekore-piri-ki-ngā-tangaroa",NA,NA,NA
2025-11-12,NA,"Lake Front","1","A",25.65,8.47,3.02,NA,NA,NA,"22.4",82.6,"36.77","3.95","Korekore-piri-ki-ngā-tangaroa",NA,NA,NA
2025-11-12,NA,"Lake Front","2","A",28.78,8.52,3.37,NA,NA,NA,"22.4",82.6,"36.77","3.95","Korekore-piri-ki-ngā-tangaroa",NA,NA,NA
2025-11-12,NA,"Lake Front","3","A",21.73,8.81,2.46,NA,NA,NA,"22.4",82.6,"36.77","3.95","Korekore-piri-ki-ngā-tangaroa",NA,NA,NA
2025-11-14,NA,"Hannah's Bay","1","A",0.1,0,0,NA,NA,NA,NA,NA,NA,NA,"Tangaroa-ā-roto","Overcast",NA,"Probe unavailable for use"
2025-11-14,NA,"Hannah's Bay","2","A",0.1,0,0,NA,NA,NA,NA,NA,NA,NA,"Tangaroa-ā-roto","Overcast",NA,NA
2025-11-14,NA,"Hannah's Bay","3","A",0.1,0,0,NA,NA,NA,NA,NA,NA,NA,"Tangaroa-ā-roto","Overcast",NA,NA
2025-11-14,NA,"Te Pōhue","1","A",0.1,0,0,NA,NA,NA,NA,NA,NA,NA,"Tangaroa-ā-roto",NA,NA,NA
2025-11-14,NA,"Te Pōhue","2","A",0.1,0,0,NA,NA,NA,NA,NA,NA,NA,"Tangaroa-ā-roto",NA,NA,NA
2025-11-14,NA,"Te Pōhue","3","A",0.1,0,0,NA,NA,NA,NA,NA,NA,NA,"Tangaroa-ā-roto",NA,NA,NA
2025-11-14,NA,"Ohau Channel","1","A",0.1,0,0,NA,NA,NA,NA,NA,NA,NA,"Tangaroa-ā-roto",NA,NA,NA
2025-11-14,NA,"Ohau Channel","2","A",0.1,0,0,NA,NA,NA,NA,NA,NA,NA,"Tangaroa-ā-roto",NA,NA,NA
2025-11-14,NA,"Ohau Channel","3","A",0.1,0,0,NA,NA,NA,NA,NA,NA,NA,"Tangaroa-ā-roto",NA,NA,NA
2025-11-14,NA,"Hamurana (East)","1","A",0.1,0.05,2,NA,NA,NA,NA,NA,NA,NA,"Tangaroa-ā-roto",NA,NA,NA
2025-11-14,NA,"Hamurana (East)","2","A",0.1,0,0,NA,NA,NA,NA,NA,NA,NA,"Tangaroa-ā-roto",NA,NA,NA
2025-11-14,NA,"Hamurana (East)","3","A",0.1,0,0,NA,NA,NA,NA,NA,NA,NA,"Tangaroa-ā-roto",NA,NA,NA
2025-11-14,NA,"Hamurana (bridge)","1","A",0.1,0,0,NA,NA,NA,NA,NA,NA,NA,"Tangaroa-ā-roto",NA,NA,NA
2025-11-14,NA,"Hamurana (bridge)","2","A",0.1,0,0,NA,NA,NA,NA,NA,NA,NA,"Tangaroa-ā-roto",NA,NA,NA
2025-11-14,NA,"Hamurana (bridge)","3","A",0.1,0,0,NA,NA,NA,NA,NA,NA,NA,"Tangaroa-ā-roto",NA,NA,NA
2025-11-14,NA,"Hamurana (West)","1","A",0.1,0,0,NA,NA,NA,NA,NA,NA,NA,"Tangaroa-ā-roto",NA,NA,NA
2025-11-14,NA,"Hamurana (West)","2","A",0.1,0,0,NA,NA,NA,NA,NA,NA,NA,"Tangaroa-ā-roto",NA,NA,NA
2025-11-14,NA,"Hamurana (West)","3","A",11,10.68,1.08,NA,NA,NA,NA,NA,NA,NA,"Tangaroa-ā-roto",NA,NA,NA
2025-11-14,NA,"Awahou (Tarimano)","1","A",0.1,7.88,0.01,NA,NA,NA,NA,NA,NA,NA,"Tangaroa-ā-roto",NA,NA,NA
2025-11-14,NA,"Awahou (Tarimano)","2","A",0.1,0.25,0.4,NA,NA,NA,NA,NA,NA,NA,"Tangaroa-ā-roto",NA,NA,NA
2025-11-14,NA,"Awahou (Tarimano)","3","A",0.1,0.85,0.11,NA,NA,NA,NA,NA,NA,NA,"Tangaroa-ā-roto",NA,NA,NA
2025-11-14,NA,"Ngongotaha","1","A",0.1,1.04,0.09,NA,NA,NA,NA,NA,NA,NA,"Tangaroa-ā-roto",NA,NA,NA
2025-11-14,NA,"Ngongotaha","2","A",0.1,1.44,0.06,NA,NA,NA,NA,NA,NA,NA,"Tangaroa-ā-roto",NA,NA,NA
2025-11-14,NA,"Ngongotaha","3","A",7,0.35,20,NA,NA,NA,NA,NA,NA,NA,"Tangaroa-ā-roto",NA,NA,NA
2025-11-14,NA,"Koutu","1","A",0.1,0,0,NA,NA,NA,NA,NA,NA,NA,"Tangaroa-ā-roto",NA,NA,NA
2025-11-14,NA,"Koutu","2","A",0.1,0,0,NA,NA,NA,NA,NA,NA,NA,"Tangaroa-ā-roto",NA,NA,NA
2025-11-14,NA,"Koutu","3","A",0.1,0,0,NA,NA,NA,NA,NA,NA,NA,"Tangaroa-ā-roto",NA,NA,NA
2025-11-14,NA,"Lake Front","1","A",0.1,0,0,NA,NA,NA,NA,NA,NA,NA,"Tangaroa-ā-roto",NA,NA,NA
2025-11-14,NA,"Lake Front","2","A",1.75,3.31,0.52,NA,NA,NA,NA,NA,NA,NA,"Tangaroa-ā-roto",NA,NA,NA
2025-11-14,NA,"Lake Front","3","A",0.1,0,0,NA,NA,NA,NA,NA,NA,NA,"Tangaroa-ā-roto",NA,NA,NA
2025-11-18,NA,"Hannah's Bay","1","A",0.1,0,0,NA,NA,NA,"21.3",105.6,"2.98","1.45","Ōrongomauri","Raining","light wave action, murky",NA
2025-11-18,NA,"Hannah's Bay","2","A",0.1,0,0,NA,NA,NA,"21.3",105.6,"2.98","1.45","Ōrongomauri","Raining","light wave action, murky",NA
2025-11-18,NA,"Hannah's Bay","3","A",0.1,0,0,NA,NA,NA,"21.3",105.6,"2.98","1.45","Ōrongomauri","Raining","light wave action, murky",NA
2025-11-18,NA,"Te Pōhue","1","A",0.1,0,0,NA,NA,NA,"20.8",107.8,"0.74","0.88","Ōrongomauri",NA,"Flat, clear",NA
2025-11-18,NA,"Te Pōhue","2","A",0.1,0,0,NA,NA,NA,"20.8",107.8,"0.74","0.88","Ōrongomauri",NA,"Flat, clear",NA
2025-11-18,NA,"Te Pōhue","3","A",0.1,0,0,NA,NA,NA,"20.8",107.8,"0.74","0.88","Ōrongomauri",NA,"Flat, clear",NA
2025-11-18,NA,"Ohau Channel","1","A",0.1,0,0,NA,NA,NA,"19.4",96.1,"0.89","0.72","Ōrongomauri",NA,"flat, clear",NA
2025-11-18,NA,"Ohau Channel","2","A",0.1,0,0,NA,NA,NA,"19.4",96.1,"0.89","0.72","Ōrongomauri",NA,"flat, clear",NA
2025-11-18,NA,"Ohau Channel","3","A",0.1,0,0,NA,NA,NA,"19.4",96.1,"0.89","0.72","Ōrongomauri",NA,"flat, clear",NA
2025-11-18,NA,"Hamurana (East)","1","A",0.1,0,0,NA,NA,NA,"18.7",101.9,"1.38","1.64","Ōrongomauri",NA,"flat, clear",NA
2025-11-18,NA,"Hamurana (East)","2","A",0.1,0,0,NA,NA,NA,"18.7",101.9,"1.38","1.64","Ōrongomauri",NA,"flat, clear",NA
2025-11-18,NA,"Hamurana (East)","3","A",0.1,0,0,NA,NA,NA,"18.7",101.9,"1.38","1.64","Ōrongomauri",NA,"flat, clear",NA
2025-11-18,NA,"Hamurana (bridge)","1","A",19.39,0,0,NA,NA,NA,"16.7",133.4,"0.68","0.46","Ōrongomauri",NA,"flat, clear",NA
2025-11-18,NA,"Hamurana (bridge)","2","A",31.91,0,0,NA,NA,NA,"16.7",133.4,"0.68","0.46","Ōrongomauri",NA,"flat, clear",NA
2025-11-18,NA,"Hamurana (bridge)","3","A",35.82,0,0,NA,NA,NA,"16.7",133.4,"0.68","0.46","Ōrongomauri",NA,"flat, clear",NA
2025-11-18,NA,"Hamurana (West)","1","A",17.04,0,0,NA,NA,NA,"20.6",134.7,"1.79","0.59","Ōrongomauri",NA,"light wave action, clear",NA
2025-11-18,NA,"Hamurana (West)","2","A",17.82,0,0,NA,NA,NA,"20.6",134.7,"1.79","0.59","Ōrongomauri",NA,"light wave action, clear",NA
2025-11-18,NA,"Hamurana (West)","3","A",0.1,0,0,NA,NA,NA,"20.6",134.7,"1.79","0.59","Ōrongomauri",NA,"light wave action, clear",NA
2025-11-18,NA,"Awahou (Tarimano)","1","A",0.1,1.98,0.05,NA,NA,NA,"14.7",98.6,"14.86","2.59","Ōrongomauri",NA,"Moderate wave action, murky-ish",NA
2025-11-18,NA,"Awahou (Tarimano)","2","A",0.1,0,0,NA,NA,NA,"14.7",98.6,"14.86","2.59","Ōrongomauri",NA,"Moderate wave action, murky-ish",NA
2025-11-18,NA,"Awahou (Tarimano)","3","A",0.1,0,0,NA,NA,NA,"14.7",98.6,"14.86","2.59","Ōrongomauri",NA,"Moderate wave action, murky-ish",NA
2025-11-18,NA,"Ngongotaha","1","A",20.17,17.92,1.12,NA,NA,NA,"18.1",100.1,"14.21","4.33","Ōrongomauri",NA,"High wave action, murky",NA
2025-11-18,NA,"Ngongotaha","2","A",33.47,4.73,7.07,NA,NA,NA,"18.1",100.1,"14.21","4.33","Ōrongomauri",NA,"High wave action, murky",NA
2025-11-18,NA,"Ngongotaha","3","A",31.91,6.16,5.18,NA,NA,NA,"18.1",100.1,"14.21","4.33","Ōrongomauri",NA,"High wave action, murky",NA
2025-11-18,NA,"Koutu","1","A",0.1,0,0,NA,NA,NA,"20.5",101.6,"10.74","2.3","Ōrongomauri",NA,"Moderate wave action, murky",NA
2025-11-18,NA,"Koutu","2","A",0.1,0,0,NA,NA,NA,"20.5",101.6,"10.74","2.3","Ōrongomauri",NA,"Moderate wave action, murky",NA
2025-11-18,NA,"Koutu","3","A",0.1,0,0,NA,NA,NA,"20.5",101.6,"10.74","2.3","Ōrongomauri",NA,"Moderate wave action, murky",NA
2025-11-20,NA,"Hannah's Bay","1","A",0.1,0,0,NA,NA,NA,"21.4",102.2,"4.87","0.92","Whirowhiti","Cloudy","light wave action, murky",NA
2025-11-20,NA,"Hannah's Bay","2","A",0.1,0,0,NA,NA,NA,"21.4",102.2,"4.87","0.92","Whirowhiti","Cloudy","light wave action, murky",NA
2025-11-20,NA,"Hannah's Bay","3","A",0.1,0,0,NA,NA,NA,"21.4",102.2,"4.87","0.92","Whirowhiti","Cloudy","light wave action, murky",NA
2025-11-20,NA,"Te Pōhue","1","A",0.1,0,0,NA,NA,NA,"20.9",110.8,"2.43","0.76","Whirowhiti",NA,"flat, hazy",NA
2025-11-20,NA,"Te Pōhue","2","A",0.1,0,0,NA,NA,NA,"20.9",110.8,"2.43","0.76","Whirowhiti",NA,"flat, hazy",NA
2025-11-20,NA,"Te Pōhue","3","A",0.1,0,0,NA,NA,NA,"20.9",110.8,"2.43","0.76","Whirowhiti",NA,"flat, hazy",NA
2025-11-20,NA,"Ohau Channel","1","A",0.1,0,0,NA,NA,NA,"22.3",112.7,"6.9","1.29","Whirowhiti",NA,"Flat, hazy",NA
2025-11-20,NA,"Ohau Channel","2","A",0.1,0,0,NA,NA,NA,"22.3",112.7,"6.9","1.29","Whirowhiti",NA,"Flat, hazy",NA
2025-11-20,NA,"Ohau Channel","3","A",0.1,0,0,NA,NA,NA,"22.3",112.7,"6.9","1.29","Whirowhiti",NA,"Flat, hazy",NA
2025-11-20,NA,"Hamurana (East)","1","A",0.1,0,0,NA,NA,NA,"20.9",118.7,"4.01","0.98","Whirowhiti",NA,"Flat, clear",NA
2025-11-20,NA,"Hamurana (East)","2","A",30.34,0,0,NA,NA,NA,"20.9",118.7,"4.01","0.98","Whirowhiti",NA,"Flat, clear",NA
2025-11-20,NA,"Hamurana (East)","3","A",3.25,0,0,NA,NA,NA,"20.9",118.7,"4.01","0.98","Whirowhiti",NA,"Flat, clear",NA
2025-11-20,NA,"Hamurana (bridge)","1","A",0.1,0,0,NA,NA,NA,"21.2",116.7,"3","0.96","Whirowhiti",NA,"ripples, hazy",NA
2025-11-20,NA,"Hamurana (bridge)","2","A",0.1,0,0,NA,NA,NA,"21.2",116.7,"3","0.96","Whirowhiti",NA,"ripples, hazy",NA
2025-11-20,NA,"Hamurana (bridge)","3","A",0.1,0,0,NA,NA,NA,"21.2",116.7,"3","0.96","Whirowhiti",NA,"ripples, hazy",NA
2025-11-20,NA,"Hamurana (West)","1","A",0.1,0,0,NA,NA,NA,"21.2",111.1,"1.91","0.82","Whirowhiti",NA,"flat, clear",NA
2025-11-20,NA,"Hamurana (West)","2","A",0.1,0,0,NA,NA,NA,"21.2",111.1,"1.91","0.82","Whirowhiti",NA,"flat, clear",NA
2025-11-20,NA,"Hamurana (West)","3","A",0.1,0,0,NA,NA,NA,"21.2",111.1,"1.91","0.82","Whirowhiti",NA,"flat, clear",NA
2025-11-20,NA,"Awahou (Tarimano)","1","A",0.1,0,0,NA,NA,NA,"20.6",110.2,"1.43","0.55","Whirowhiti",NA,"ripples, hazy",NA
2025-11-20,NA,"Awahou (Tarimano)","2","A",0.1,0,0,NA,NA,NA,"20.6",110.2,"1.43","0.55","Whirowhiti",NA,"ripples, hazy",NA
2025-11-20,NA,"Awahou (Tarimano)","3","A",44.43,2.57,17.28,NA,NA,NA,"20.6",110.2,"1.43","0.55","Whirowhiti",NA,"ripples, hazy",NA
2025-11-20,NA,"Ngongotaha","1","A",0.1,0,0,NA,NA,NA,"20.5",114.4,"1.74","1.56","Whirowhiti",NA,NA,NA
2025-11-20,NA,"Ngongotaha","2","A",0.1,0,0,NA,NA,NA,"20.5",114.4,"1.74","1.56","Whirowhiti",NA,NA,NA
2025-11-20,NA,"Ngongotaha","3","A",0.1,0,0,NA,NA,NA,"20.5",114.4,"1.74","1.56","Whirowhiti",NA,NA,NA
2025-11-20,"12:40","Koutu","1","A",0.1,0,0,NA,NA,NA,"20.5",112.9,"3.45","1.45","Whirowhiti",NA,"Ripples, hazy",NA
2025-11-20,"12:40","Koutu","2","A",0.1,0,0,NA,NA,NA,"20.5",112.9,"3.45","1.45","Whirowhiti",NA,"Ripples, hazy",NA
2025-11-20,"12:40","Koutu","3","A",0.1,0,0,NA,NA,NA,"20.5",112.9,"3.45","1.45","Whirowhiti",NA,"Ripples, hazy",NA
2025-11-22,NA,"Hannah's Bay","1","A",237.02,1.59,149.06,NA,NA,NA,"25.2",115.9,"53.54","4.48","Hoata","Sunny, partial cloud","moderate wave action, murky, green",NA
2025-11-22,NA,"Hannah's Bay","2","A",190.31,1.44,132.15,NA,NA,NA,"25.2",115.9,"53.54","4.48","Hoata","Sunny, partial cloud","moderate wave action, murky, green",NA
2025-11-22,NA,"Hannah's Bay","3","A",244.8,1.59,153.95,NA,NA,NA,"25.2",115.9,"53.54","4.48","Hoata","Sunny, partial cloud","moderate wave action, murky, green",NA
2025-11-22,NA,"Te Pōhue","1","A",0.1,0,0,NA,NA,NA,"23.2",118.1,"3.23","0.82","Hoata",NA,"light wave action, murky",NA
2025-11-22,NA,"Te Pōhue","2","A",0.1,0,0,NA,NA,NA,"23.2",118.1,"3.23","0.82","Hoata",NA,"light wave action, murky",NA
2025-11-22,NA,"Te Pōhue","3","A",0.1,0,0,NA,NA,NA,"23.2",118.1,"3.23","0.82","Hoata",NA,"light wave action, murky",NA
2025-11-22,NA,"Ohau Channel","1","A",0.1,0,0,NA,NA,NA,"21.6",122.1,"3.64","0.71","Hoata",NA,"ripples, hazy",NA
2025-11-22,NA,"Ohau Channel","2","A",0.1,0,0,NA,NA,NA,"21.6",122.1,"3.64","0.71","Hoata",NA,"ripples, hazy",NA
2025-11-22,NA,"Ohau Channel","3","A",0.1,0,0,NA,NA,NA,"21.6",122.1,"3.64","0.71","Hoata",NA,"ripples, hazy",NA
2025-11-22,NA,"Hamurana (East)","1","A",22.5,0,0,NA,NA,NA,"22.2",124.4,"1.14","2.9","Hoata",NA,"flat, clear",NA
2025-11-22,NA,"Hamurana (East)","2","A",9.25,0,0,NA,NA,NA,"22.2",124.4,"1.14","2.9","Hoata",NA,"flat, clear",NA
2025-11-22,NA,"Hamurana (East)","3","A",4,0,0,NA,NA,NA,"22.2",124.4,"1.14","2.9","Hoata",NA,"flat, clear",NA
2025-11-22,NA,"Hamurana (bridge)","1","A",0.1,0.15,0.65,NA,NA,NA,"18.4",136.5,"1.26","1.42","Hoata",NA,"Flat, clear",NA
2025-11-22,NA,"Hamurana (bridge)","2","A",55.39,0,0,NA,NA,NA,"18.4",136.5,"1.26","1.42","Hoata",NA,"Flat, clear",NA
2025-11-22,NA,"Hamurana (bridge)","3","A",13.91,0,0,NA,NA,NA,"18.4",136.5,"1.26","1.42","Hoata",NA,"Flat, clear",NA
2025-11-22,NA,"Hamurana (West)","1","A",50.69,0,0,NA,NA,NA,"21",119.5,"3.94","1.37","Hoata",NA,"ripples, hazy",NA
2025-11-22,NA,"Hamurana (West)","2","A",31.91,0,0,NA,NA,NA,"21",119.5,"3.94","1.37","Hoata",NA,"ripples, hazy",NA
2025-11-22,NA,"Hamurana (West)","3","A",42.86,0,0,NA,NA,NA,"21",119.5,"3.94","1.37","Hoata",NA,"ripples, hazy",NA
2025-11-22,NA,"Awahou (Tarimano)","1","A",46,0.55,3.63,NA,NA,NA,"23.6",109,"39.47","4.36","Hoata",NA,NA,NA
2025-11-22,NA,"Awahou (Tarimano)","2","A",36.6,0,0,NA,NA,NA,"23.6",109,"39.47","4.36","Hoata",NA,NA,NA
2025-11-22,NA,"Awahou (Tarimano)","3","A",7.75,0,0,NA,NA,NA,"23.6",109,"39.47","4.36","Hoata",NA,NA,NA
2025-11-22,NA,"Ngongotaha","1","A",122.57,1.29,95.01,NA,NA,NA,"23.7",116.4,"38.6","4.07","Hoata",NA,"moderaste wave action, murky, green",NA
2025-11-22,NA,"Ngongotaha","2","A",63.21,3.75,16.85,NA,NA,NA,"23.7",116.4,"38.6","4.07","Hoata",NA,"moderaste wave action, murky, green",NA
2025-11-22,NA,"Ngongotaha","3","A",70.26,2.91,24.14,NA,NA,NA,"23.7",116.4,"38.6","4.07","Hoata",NA,"moderaste wave action, murky, green",NA
2025-11-22,NA,"Koutu","1","A",0.1,0,0,NA,NA,NA,"23.2",116.6,"7.99","1.53","Hoata",NA,"ripples, hazy",NA
2025-11-22,NA,"Koutu","2","A",0.1,0,0,NA,NA,NA,"23.2",116.6,"7.99","1.53","Hoata",NA,"ripples, hazy",NA
2025-11-22,NA,"Koutu","3","A",36.6,0,0,NA,NA,NA,"23.2",116.6,"7.99","1.53","Hoata",NA,"ripples, hazy",NA
2025-11-24,NA,"Hannah's Bay","1","A",0.1,0,0,NA,NA,NA,"20.8",109.4,"4.5","0.72","Ōkorotātea","Sunny","ripples, murky",NA
2025-11-24,NA,"Hannah's Bay","2","A",0.1,0,0,NA,NA,NA,"20.8",109.4,"4.5","0.72","Ōkorotātea","Sunny","ripples, murky",NA
2025-11-24,NA,"Hannah's Bay","3","A",0.1,0,0,NA,NA,NA,"20.8",109.4,"4.5","0.72","Ōkorotātea","Sunny","ripples, murky",NA
2025-11-24,NA,"Hannah's Bay","1","B",0.1,0.72,0.13,NA,NA,NA,"20.8",109.4,"4.5","0.72","Ōkorotātea","Sunny","ripples, murky",NA
2025-11-24,NA,"Hannah's Bay","2","B",0.1,0.53,0.18,NA,NA,NA,"20.8",109.4,"4.5","0.72","Ōkorotātea","Sunny","ripples, murky",NA
2025-11-24,NA,"Hannah's Bay","3","B",0.1,0.84,0.11,NA,NA,NA,"20.8",109.4,"4.5","0.72","Ōkorotātea","Sunny","ripples, murky",NA
2025-11-24,NA,"Te Pōhue","1","A",2.4,0,0,NA,NA,NA,"21.4",93,"2.56",NA,"Ōkorotātea",NA,"light wave action, clear",NA
2025-11-24,NA,"Te Pōhue","2","A",1,0,0,NA,NA,NA,"21.4",93,"2.56",NA,"Ōkorotātea",NA,"light wave action, clear",NA
2025-11-24,NA,"Te Pōhue","3","A",0.1,0,0,NA,NA,NA,"21.4",93,"2.56",NA,"Ōkorotātea",NA,"light wave action, clear",NA
2025-11-24,NA,"Te Pōhue","1","B",35.82,2.44,14.18,NA,NA,NA,"21.4",93,"2.56",NA,"Ōkorotātea",NA,"light wave action, clear",NA
2025-11-24,NA,"Te Pōhue","2","B",20.17,2.83,7.12,NA,NA,NA,"21.4",93,"2.56",NA,"Ōkorotātea",NA,"light wave action, clear",NA
2025-11-24,NA,"Te Pōhue","3","B",28.75,2.24,12.84,NA,NA,NA,"21.4",93,"2.56",NA,"Ōkorotātea",NA,"light wave action, clear",NA
2025-11-24,NA,"Ohau Channel","1","A",4.75,0.15,31.66,NA,NA,NA,"20.3",100.2,"2.29","0.36","Ōkorotātea",NA,"light wave action, hazy",NA
2025-11-24,NA,"Ohau Channel","2","A",0.1,0,0,NA,NA,NA,"20.3",100.2,"2.29","0.36","Ōkorotātea",NA,"light wave action, hazy",NA
2025-11-24,NA,"Ohau Channel","3","A",0.1,0,0,NA,NA,NA,"20.3",100.2,"2.29","0.36","Ōkorotātea",NA,"light wave action, hazy",NA
2025-11-24,NA,"Ohau Channel","1","B",28,1.62,17.28,NA,NA,NA,"20.3",100.2,"2.29","0.36","Ōkorotātea",NA,"light wave action, hazy",NA
2025-11-24,NA,"Ohau Channel","2","B",22.52,1.31,17.19,NA,NA,NA,"20.3",100.2,"2.29","0.36","Ōkorotātea",NA,"light wave action, hazy",NA
2025-11-24,NA,"Ohau Channel","3","B",20.17,1.62,12.45,NA,NA,NA,"20.3",100.2,"2.29","0.36","Ōkorotātea",NA,"light wave action, hazy",NA
2025-11-24,NA,"Hamurana (East)","1","A",7,0.3,2.33,NA,NA,NA,"20.2",104.4,"7.49","0.63","Ōkorotātea",NA,"flat, hazy",NA
2025-11-24,NA,"Hamurana (East)","2","A",0.1,0,0,NA,NA,NA,"20.2",104.4,"7.49","0.63","Ōkorotātea",NA,"flat, hazy",NA
2025-11-24,NA,"Hamurana (East)","3","A",0.1,0,0,NA,NA,NA,"20.2",104.4,"7.49","0.63","Ōkorotātea",NA,"flat, hazy",NA
2025-11-24,NA,"Hamurana (East)","1","B",0.1,0.8,0.12,NA,NA,NA,"20.2",104.4,"7.49","0.63","Ōkorotātea",NA,"flat, hazy",NA
2025-11-24,NA,"Hamurana (East)","2","B",0.1,1.46,0.06,NA,NA,NA,"20.2",104.4,"7.49","0.63","Ōkorotātea",NA,"flat, hazy",NA
2025-11-24,NA,"Hamurana (East)","3","B",0.1,0.84,0.11,NA,NA,NA,"20.2",104.4,"7.49","0.63","Ōkorotātea",NA,"flat, hazy",NA
2025-11-24,NA,"Hamurana (bridge)","1","A",0.1,0.2,0.5,NA,NA,NA,"20.3",124.6,"2.11","1.03","Ōkorotātea",NA,"flat, hazy",NA
2025-11-24,NA,"Hamurana (bridge)","2","A",0.1,0.4,0.25,NA,NA,NA,"20.3",124.6,"2.11","1.03","Ōkorotātea",NA,"flat, hazy",NA
2025-11-24,NA,"Hamurana (bridge)","3","A",0.1,0.4,0.25,NA,NA,NA,"20.3",124.6,"2.11","1.03","Ōkorotātea",NA,"flat, hazy",NA
2025-11-24,NA,"Hamurana (bridge)","1","B",0.1,2.24,0.04,NA,NA,NA,"20.3",124.6,"2.11","1.03","Ōkorotātea",NA,"flat, hazy",NA
2025-11-24,NA,"Hamurana (bridge)","2","B",0.1,2.28,0.04,NA,NA,NA,"20.3",124.6,"2.11","1.03","Ōkorotātea",NA,"flat, hazy",NA
2025-11-24,NA,"Hamurana (bridge)","3","B",0.1,1.89,0.05,NA,NA,NA,"20.3",124.6,"2.11","1.03","Ōkorotātea",NA,"flat, hazy",NA
2025-11-24,NA,"Hamurana (West)","1","A",0.1,0,0,NA,NA,NA,"21.9",109.7,"2.17","0.96","Ōkorotātea",NA,"ripples, hazy",NA
2025-11-24,NA,"Hamurana (West)","2","A",0.1,0,0,NA,NA,NA,"21.9",109.7,"2.17","0.96","Ōkorotātea",NA,"ripples, hazy",NA
2025-11-24,NA,"Hamurana (West)","3","A",0.1,0,0,NA,NA,NA,"21.9",109.7,"2.17","0.96","Ōkorotātea",NA,"ripples, hazy",NA
2025-11-24,NA,"Hamurana (West)","1","B",0.1,1.46,0.06,NA,NA,NA,"21.9",109.7,"2.17","0.96","Ōkorotātea",NA,"ripples, hazy",NA
2025-11-24,NA,"Hamurana (West)","2","B",0.1,1.31,0.07,NA,NA,NA,"21.9",109.7,"2.17","0.96","Ōkorotātea",NA,"ripples, hazy",NA
2025-11-24,NA,"Hamurana (West)","3","B",0.1,1.74,0.05,NA,NA,NA,"21.9",109.7,"2.17","0.96","Ōkorotātea",NA,"ripples, hazy",NA
2025-11-24,NA,"Awahou (Tarimano)","1","A",45.21,0.35,129.17,NA,NA,NA,"18.9",110.9,"4.41","0.46","Ōkorotātea",NA,"ripples, murky",NA
2025-11-24,NA,"Awahou (Tarimano)","2","A",23.3,0.15,135.33,NA,NA,NA,"18.9",110.9,"4.41","0.46","Ōkorotātea",NA,"ripples, murky",NA
2025-11-24,NA,"Awahou (Tarimano)","3","A",5.5,0.95,5.78,NA,NA,NA,"18.9",110.9,"4.41","0.46","Ōkorotātea",NA,"ripples, murky",NA
2025-11-24,NA,"Awahou (Tarimano)","1","B",0.1,1,0.1,NA,NA,NA,"18.9",110.9,"4.41","0.46","Ōkorotātea",NA,"ripples, murky",NA
2025-11-24,NA,"Awahou (Tarimano)","2","B",0.1,1.19,0.08,NA,NA,NA,"18.9",110.9,"4.41","0.46","Ōkorotātea",NA,"ripples, murky",NA
2025-11-24,NA,"Awahou (Tarimano)","3","B",0.1,1.23,0.08,NA,NA,NA,"18.9",110.9,"4.41","0.46","Ōkorotātea",NA,"ripples, murky",NA
2025-11-24,NA,"Ngongotaha","1","A",20.17,1.93,10.45,NA,NA,NA,"21.5",117.4,"4.65","0.93","Ōkorotātea",NA,"light wave action, murky",NA
2025-11-24,NA,"Ngongotaha","2","A",0.1,0.4,0.25,NA,NA,NA,"21.5",117.4,"4.65","0.93","Ōkorotātea",NA,"light wave action, murky",NA
2025-11-24,NA,"Ngongotaha","3","A",0.1,0,0,NA,NA,NA,"21.5",117.4,"4.65","0.93","Ōkorotātea",NA,"light wave action, murky",NA
2025-11-24,NA,"Ngongotaha","1","B",0.1,1.11,0.09,NA,NA,NA,"21.5",117.4,"4.65","0.93","Ōkorotātea",NA,"light wave action, murky",NA
2025-11-24,NA,"Ngongotaha","2","B",0.1,1.62,0.06,NA,NA,NA,"21.5",117.4,"4.65","0.93","Ōkorotātea",NA,"light wave action, murky",NA
2025-11-24,NA,"Ngongotaha","3","B",0.1,0.92,0.1,NA,NA,NA,"21.5",117.4,"4.65","0.93","Ōkorotātea",NA,"light wave action, murky",NA
2025-11-24,NA,"Koutu","1","A",0.1,0,0,NA,NA,NA,"23.4",113.4,"7.17","0.59","Ōkorotātea",NA,"ripples, murky",NA
2025-11-24,NA,"Koutu","2","A",5.5,0,0,NA,NA,NA,"23.4",113.4,"7.17","0.59","Ōkorotātea",NA,"ripples, murky",NA
2025-11-24,NA,"Koutu","3","A",5.5,0,0,NA,NA,NA,"23.4",113.4,"7.17","0.59","Ōkorotātea",NA,"ripples, murky",NA
2025-11-24,NA,"Koutu","1","B",0.1,1.43,0.05,NA,NA,NA,"23.4",113.4,"7.17","0.59","Ōkorotātea",NA,"ripples, murky",NA
2025-11-24,NA,"Koutu","2","B",24.08,2.16,11.14,NA,NA,NA,"23.4",113.4,"7.17","0.59","Ōkorotātea",NA,"ripples, murky",NA
2025-11-24,NA,"Koutu","3","B",0.1,2.16,0.04,NA,NA,NA,"23.4",113.4,"7.17","0.59","Ōkorotātea",NA,"ripples, murky",NA
2025-11-26,NA,"Hannah's Bay","1","A",3.25,1.24,2.62,NA,NA,NA,"22.7",107.5,"2.5","1.13","Tamateaangana","Cloudy, periods of rain",NA,NA
2025-11-26,NA,"Hannah's Bay","2","A",5.5,1.14,4.82,NA,NA,NA,"22.7",107.5,"2.5","1.13","Tamateaangana","Cloudy, periods of rain",NA,NA
2025-11-26,NA,"Hannah's Bay","3","A",0.1,0.7,0.14,NA,NA,NA,"22.7",107.5,"2.5","1.13","Tamateaangana","Cloudy, periods of rain",NA,NA
2025-11-26,NA,"Te Pōhue","1","A",1,0.15,6.66,NA,NA,NA,"21.6",104.6,"1.53","0.78","Tamateaangana",NA,NA,NA
2025-11-26,NA,"Te Pōhue","2","A",2.5,0.05,50,NA,NA,NA,"21.6",104.6,"1.53","0.78","Tamateaangana",NA,NA,NA
2025-11-26,NA,"Te Pōhue","3","A",0.1,0.5,2,NA,NA,NA,"21.6",104.6,"1.53","0.78","Tamateaangana",NA,NA,NA
2025-11-26,NA,"Ohau Channel","1","A",0.1,0,0,NA,NA,NA,"19.9",99.4,"2.7","0.94","Tamateaangana",NA,NA,NA
2025-11-26,NA,"Ohau Channel","2","A",19.39,0,0,NA,NA,NA,"19.9",99.4,"2.7","0.94","Tamateaangana",NA,NA,NA
2025-11-26,NA,"Ohau Channel","3","A",0.1,3.16,0.03,NA,NA,NA,"19.9",99.4,"2.7","0.94","Tamateaangana",NA,NA,NA
2025-11-26,NA,"Hamurana (East)","1","A",0.1,0,0,NA,NA,NA,"18.6",92.7,"4.28","2.73","Tamateaangana",NA,NA,NA
2025-11-26,NA,"Hamurana (East)","2","A",0.1,0.15,0.66,NA,NA,NA,"18.6",92.7,"4.28","2.73","Tamateaangana",NA,NA,NA
2025-11-26,NA,"Hamurana (East)","3","A",0.1,0.75,0.13,NA,NA,NA,"18.6",92.7,"4.28","2.73","Tamateaangana",NA,NA,NA
2025-11-26,NA,"Hamurana (bridge)","1","A",0.1,1.14,0.08,NA,NA,NA,"17.4",118.3,"1.47","2.74","Tamateaangana",NA,NA,NA
2025-11-26,NA,"Hamurana (bridge)","2","A",0.1,0.75,0.13,NA,NA,NA,"17.4",118.3,"1.47","2.74","Tamateaangana",NA,NA,NA
2025-11-26,NA,"Hamurana (bridge)","3","A",0.1,1.09,0.09,NA,NA,NA,"17.4",118.3,"1.47","2.74","Tamateaangana",NA,NA,NA
2025-11-26,NA,"Hamurana (West)","1","A",0.1,0.5,0.2,NA,NA,NA,"21.8",121.3,"1.16","0.86","Tamateaangana",NA,NA,NA
2025-11-26,NA,"Hamurana (West)","2","A",0.1,0.6,0.16,NA,NA,NA,"21.8",121.3,"1.16","0.86","Tamateaangana",NA,NA,NA
2025-11-26,NA,"Hamurana (West)","3","A",0.1,0.5,0.2,NA,NA,NA,"21.8",121.3,"1.16","0.86","Tamateaangana",NA,NA,NA
2025-11-26,NA,"Awahou (Tarimano)","1","A",0.1,0,0,NA,NA,NA,"13.3",83.7,"20.89","3.61","Tamateaangana",NA,NA,NA
2025-11-26,NA,"Awahou (Tarimano)","2","A",0.1,1.24,0.08,NA,NA,NA,"13.3",83.7,"20.89","3.61","Tamateaangana",NA,NA,NA
2025-11-26,NA,"Awahou (Tarimano)","3","A",0.1,0,0,NA,NA,NA,"13.3",83.7,"20.89","3.61","Tamateaangana",NA,NA,NA
2025-11-26,NA,"Ngongotaha","1","A",0.1,0,0,NA,NA,NA,"19.8",104.2,"2.32","0.74","Tamateaangana",NA,NA,NA
2025-11-26,NA,"Ngongotaha","2","A",0.1,0,0,NA,NA,NA,"19.8",104.2,"2.32","0.74","Tamateaangana",NA,NA,NA
2025-11-26,NA,"Ngongotaha","3","A",0.1,0,0,NA,NA,NA,"19.8",104.2,"2.32","0.74","Tamateaangana",NA,NA,NA
2025-11-26,NA,"Koutu","1","A",0.1,0.85,0.11,NA,NA,NA,"21.4",99.9,"10.05","1.16","Tamateaangana",NA,NA,NA
2025-11-26,NA,"Koutu","2","A",8.5,0.1,5,NA,NA,NA,"21.4",99.9,"10.05","1.16","Tamateaangana",NA,NA,NA
2025-11-26,NA,"Koutu","3","A",1.75,1.44,1.21,NA,NA,NA,"21.4",99.9,"10.05","1.16","Tamateaangana",NA,NA,NA
2025-11-28,NA,"Hannah's Bay","1","A",0.1,0.95,0.1,NA,NA,NA,"22.1",98.1,"7.11","0.93","Tamateawhakapau","Cloudy, partial blue skies",NA,NA
2025-11-28,NA,"Hannah's Bay","2","A",0.1,0.95,0.1,NA,NA,NA,"22.1",98.1,"7.11","0.93","Tamateawhakapau","Cloudy, partial blue skies",NA,NA
2025-11-28,NA,"Hannah's Bay","3","A",0.1,0.85,0.11,NA,NA,NA,"22.1",98.1,"7.11","0.93","Tamateawhakapau","Cloudy, partial blue skies",NA,NA
2025-11-28,NA,"Te Pōhue","1","A",0.1,2.27,0.03,NA,NA,NA,"22.7",98,"14.25","2.63","Tamateawhakapau",NA,NA,NA
2025-11-28,NA,"Te Pōhue","2","A",0.1,2.42,0.04,NA,NA,NA,"22.7",98,"14.25","2.63","Tamateawhakapau",NA,NA,NA
2025-11-28,NA,"Te Pōhue","3","A",0.1,2.67,0.03,NA,NA,NA,"22.7",98,"14.25","2.63","Tamateawhakapau",NA,NA,NA
2025-11-28,NA,"Ohau Channel","1","A",0.1,1.59,0.06,NA,NA,NA,"22.3",100.8,"10.91","1.32","Tamateawhakapau",NA,NA,NA
2025-11-28,NA,"Ohau Channel","2","A",0.1,1.68,0.05,NA,NA,NA,"22.3",100.8,"10.91","1.32","Tamateawhakapau",NA,NA,NA
2025-11-28,NA,"Ohau Channel","3","A",0.1,1.14,0.08,NA,NA,NA,"22.3",100.8,"10.91","1.32","Tamateawhakapau",NA,NA,NA
2025-11-28,NA,"Hamurana (East)","1","A",0.1,12.06,0,NA,NA,NA,"21.3",108.9,"4.71","3.54","Tamateawhakapau",NA,NA,NA
2025-11-28,NA,"Hamurana (East)","2","A",0.1,5.42,0.01,NA,NA,NA,"21.3",108.9,"4.71","3.54","Tamateawhakapau",NA,NA,NA
2025-11-28,NA,"Hamurana (East)","3","A",0.1,2.67,0.03,NA,NA,NA,"21.3",108.9,"4.71","3.54","Tamateawhakapau",NA,NA,NA
2025-11-28,NA,"Hamurana (bridge)","1","A",0.1,1.78,0.05,NA,NA,NA,"22.8",111.2,"5.4","2.05","Tamateawhakapau",NA,NA,NA
2025-11-28,NA,"Hamurana (bridge)","2","A",0.1,1.59,0.06,NA,NA,NA,"22.8",111.2,"5.4","2.05","Tamateawhakapau",NA,NA,NA
2025-11-28,NA,"Hamurana (bridge)","3","A",0.1,1.93,0.05,NA,NA,NA,"22.8",111.2,"5.4","2.05","Tamateawhakapau",NA,NA,NA
2025-11-28,NA,"Hamurana (West)","1","A",0.1,0.6,0.16,NA,NA,NA,"22.8",117.5,"2.33","0.99","Tamateawhakapau",NA,NA,NA
2025-11-28,NA,"Hamurana (West)","2","A",0.1,0.45,0.22,NA,NA,NA,"22.8",117.5,"2.33","0.99","Tamateawhakapau",NA,NA,NA
2025-11-28,NA,"Hamurana (West)","3","A",0.1,0.05,2,NA,NA,NA,"22.8",117.5,"2.33","0.99","Tamateawhakapau",NA,NA,NA
2025-11-28,NA,"Awahou (Tarimano)","1","A",1.75,2.52,0.69,NA,NA,NA,"21.5",137.4,"1.44","0.98","Tamateawhakapau",NA,NA,NA
2025-11-28,NA,"Awahou (Tarimano)","2","A",0.1,0,0,NA,NA,NA,"21.5",137.4,"1.44","0.98","Tamateawhakapau",NA,NA,NA
2025-11-28,NA,"Awahou (Tarimano)","3","A",0.1,0,0,NA,NA,NA,"21.5",137.4,"1.44","0.98","Tamateawhakapau",NA,NA,NA
2025-11-28,NA,"Ngongotaha","1","A",0.1,0,0,NA,NA,NA,"21.9",118,"1.04","1.04","Tamateawhakapau",NA,NA,NA
2025-11-28,NA,"Ngongotaha","2","A",0.1,0,0,NA,NA,NA,"21.9",118,"1.04","1.04","Tamateawhakapau",NA,NA,NA
2025-11-28,NA,"Ngongotaha","3","A",0.1,0,0,NA,NA,NA,"21.9",118,"1.04","1.04","Tamateawhakapau",NA,NA,NA
2025-11-28,NA,"Koutu","1","A",0.1,1.78,0.05,NA,NA,NA,"22.6",126.8,"7.41","1.93","Tamateawhakapau",NA,NA,NA
2025-11-28,NA,"Koutu","2","A",0.1,1.19,0.08,NA,NA,NA,"22.6",126.8,"7.41","1.93","Tamateawhakapau",NA,NA,NA
2025-11-28,NA,"Koutu","3","A",0.1,1.14,0.08,NA,NA,NA,"22.6",126.8,"7.41","1.93","Tamateawhakapau",NA,NA,NA
2025-12-01,NA,"Hannah's Bay","1","A",4.75,1.19,3.99,NA,NA,NA,"20.8",100.1,"4.14",NA,"Māure","Sunny, partial clouds, windy","high wave action, murky",NA
2025-12-01,NA,"Hannah's Bay","2","A",0.1,0.15,0.6,NA,NA,NA,"20.8",100.1,"4.14",NA,"Māure","Sunny, partial clouds, windy","high wave action, murky",NA
2025-12-01,NA,"Hannah's Bay","3","A",0.1,0,0,NA,NA,NA,"20.8",100.1,"4.14",NA,"Māure","Sunny, partial clouds, windy","high wave action, murky",NA
2025-12-01,NA,"Hannah's Bay","1","B",0.1,0.68,0.14,NA,NA,NA,"20.8",100.1,"4.14",NA,"Māure","Sunny, partial clouds, windy","high wave action, murky",NA
2025-12-01,NA,"Hannah's Bay","2","B",0.1,1.42,0.07,NA,NA,NA,"20.8",100.1,"4.14",NA,"Māure","Sunny, partial clouds, windy","high wave action, murky",NA
2025-12-01,NA,"Hannah's Bay","3","B",0.1,1.46,0.06,NA,NA,NA,"20.8",100.1,"4.14",NA,"Māure","Sunny, partial clouds, windy","high wave action, murky",NA
2025-12-01,NA,"Te Pōhue","1","A",17.82,2.52,7.07,NA,NA,NA,"19.8",100.3,"39.99","5.02","Māure",NA,"high wave action, murky",NA
2025-12-01,NA,"Te Pōhue","2","A",16.26,2.03,8,NA,NA,NA,"19.8",100.3,"39.99","5.02","Māure",NA,"high wave action, murky",NA
2025-12-01,NA,"Te Pōhue","3","A",21.73,2.32,9.36,NA,NA,NA,"19.8",100.3,"39.99","5.02","Māure",NA,"high wave action, murky",NA
2025-12-01,NA,"Te Pōhue","1","B",0.1,5.59,0.01,NA,NA,NA,"19.8",100.3,"39.99","5.02","Māure",NA,"high wave action, murky",NA
2025-12-01,NA,"Te Pōhue","2","B",0.1,5.36,0.01,NA,NA,NA,"19.8",100.3,"39.99","5.02","Māure",NA,"high wave action, murky",NA
2025-12-01,NA,"Te Pōhue","3","B",0.1,5.55,0.01,NA,NA,NA,"19.8",100.3,"39.99","5.02","Māure",NA,"high wave action, murky",NA
2025-12-01,NA,"Ohau Channel","1","A",20.95,0.35,59.85,NA,NA,NA,"20.1",100.5,"11.62","0.75","Māure",NA,"High wave action, murky",NA
2025-12-01,NA,"Ohau Channel","2","A",25.65,0.05,51.3,NA,NA,NA,"20.1",100.5,"11.62","0.75","Māure",NA,"High wave action, murky",NA
2025-12-01,NA,"Ohau Channel","3","A",23.3,0.55,42.36,NA,NA,NA,"20.1",100.5,"11.62","0.75","Māure",NA,"High wave action, murky",NA
2025-12-01,NA,"Ohau Channel","1","B",0.1,2.4,0.04,NA,NA,NA,"20.1",100.5,"11.62","0.75","Māure",NA,"High wave action, murky",NA
2025-12-01,NA,"Ohau Channel","2","B",0.1,2.01,0.04,NA,NA,NA,"20.1",100.5,"11.62","0.75","Māure",NA,"High wave action, murky",NA
2025-12-01,NA,"Ohau Channel","3","B",0.1,1.85,0.05,NA,NA,NA,"20.1",100.5,"11.62","0.75","Māure",NA,"High wave action, murky",NA
2025-12-01,NA,"Hamurana (East)","1","A",16.26,1.54,10.55,NA,NA,NA,"19",99.7,"8.43","1.87","Māure",NA,"high wave action, murky",NA
2025-12-01,NA,"Hamurana (East)","2","A",10,1.04,9.61,NA,NA,NA,"19",99.7,"8.43","1.87","Māure",NA,"high wave action, murky",NA
2025-12-01,NA,"Hamurana (East)","3","A",0.1,1.98,0.05,NA,NA,NA,"19",99.7,"8.43","1.87","Māure",NA,"high wave action, murky",NA
2025-12-01,NA,"Hamurana (East)","1","B",54.6,3.84,14.21,NA,NA,NA,"19",99.7,"8.43","1.87","Māure",NA,"high wave action, murky",NA
2025-12-01,NA,"Hamurana (East)","2","B",29.56,4,7.39,NA,NA,NA,"19",99.7,"8.43","1.87","Māure",NA,"high wave action, murky",NA
2025-12-01,NA,"Hamurana (East)","3","B",28,4.15,6.74,NA,NA,NA,"19",99.7,"8.43","1.87","Māure",NA,"high wave action, murky",NA
2025-12-01,NA,"Hamurana (bridge)","1","A",0.1,0.6,0.16,NA,NA,NA,"21.9",111,"14.66","2.7","Māure",NA,"high wave action, murky",NA
2025-12-01,NA,"Hamurana (bridge)","2","A",7,0.55,12.72,NA,NA,NA,"21.9",111,"14.66","2.7","Māure",NA,"high wave action, murky",NA
2025-12-01,NA,"Hamurana (bridge)","3","A",0.1,0,0,NA,NA,NA,"21.9",111,"14.66","2.7","Māure",NA,"high wave action, murky",NA
2025-12-01,NA,"Hamurana (bridge)","1","B",41.3,4.74,8.71,NA,NA,NA,"21.9",111,"14.66","2.7","Māure",NA,"high wave action, murky",NA
2025-12-01,NA,"Hamurana (bridge)","2","B",31.13,6.45,4.82,NA,NA,NA,"21.9",111,"14.66","2.7","Māure",NA,"high wave action, murky",NA
2025-12-01,NA,"Hamurana (bridge)","3","B",26.43,6.33,4.17,NA,NA,NA,"21.9",108,"3.85","0.62","Māure",NA,"high wave action, murky",NA
2025-12-01,NA,"Hamurana (West)","1","A",0.1,0,0,NA,NA,NA,NA,NA,NA,NA,"Māure",NA,"light wave action, murky",NA
2025-12-01,NA,"Hamurana (West)","2","A",0.1,0,0,NA,NA,NA,NA,NA,NA,NA,"Māure",NA,"light wave action, murky",NA
2025-12-01,NA,"Hamurana (West)","3","A",0.1,0,0,NA,NA,NA,NA,NA,NA,NA,"Māure",NA,"light wave action, murky",NA
2025-12-01,NA,"Hamurana (West)","1","B",37.39,1.97,18.97,NA,NA,NA,NA,NA,NA,NA,"Māure",NA,"light wave action, murky",NA
2025-12-01,NA,"Hamurana (West)","2","B",25.65,2.16,11.87,NA,NA,NA,NA,NA,NA,NA,"Māure",NA,"light wave action, murky",NA
2025-12-01,NA,"Hamurana (West)","3","B",12.34,1.77,6.97,NA,NA,NA,NA,NA,NA,NA,"Māure",NA,"light wave action, murky",NA
2025-12-01,NA,"Awahou (Tarimano)","1","A",0.1,0,0,NA,NA,NA,"20.5",128.6,"1.05","0.5","Māure",NA,"clear, light wave action",NA
2025-12-01,NA,"Awahou (Tarimano)","2","A",0.1,0,0,NA,NA,NA,"20.5",128.6,"1.05","0.5","Māure",NA,"clear, light wave action",NA
2025-12-01,NA,"Awahou (Tarimano)","3","A",0.1,0,0,NA,NA,NA,"20.5",128.6,"1.05","0.5","Māure",NA,"clear, light wave action",NA
2025-12-01,NA,"Awahou (Tarimano)","1","B",0.1,1.7,0.05,NA,NA,NA,"20.5",128.6,"1.05","0.5","Māure",NA,"clear, light wave action",NA
2025-12-01,NA,"Awahou (Tarimano)","2","B",26.43,2.05,12.89,NA,NA,NA,"20.5",128.6,"1.05","0.5","Māure",NA,"clear, light wave action",NA
2025-12-01,NA,"Awahou (Tarimano)","3","B",2.5,1.42,1.76,NA,NA,NA,"20.5",128.6,"1.05","0.5","Māure",NA,"clear, light wave action",NA
2025-12-01,NA,"Ngongotaha","1","A",0.1,0.05,2,NA,NA,NA,"21.7",108,"2.47","0.23","Māure",NA,"ripples, murky",NA
2025-12-01,NA,"Ngongotaha","2","A",0.1,0,0,NA,NA,NA,"21.7",108,"2.47","0.23","Māure",NA,"ripples, murky",NA
2025-12-01,NA,"Ngongotaha","3","A",0.1,0,0,NA,NA,NA,"21.7",108,"2.47","0.23","Māure",NA,"ripples, murky",NA
2025-12-01,NA,"Ngongotaha","1","B",24.08,1.35,17.83,NA,NA,NA,"21.7",108,"2.47","0.23","Māure",NA,"ripples, murky",NA
2025-12-01,NA,"Ngongotaha","2","B",7.75,1.07,7.24,NA,NA,NA,"21.7",108,"2.47","0.23","Māure",NA,"ripples, murky",NA
2025-12-01,NA,"Ngongotaha","3","B",10,0.88,11.36,NA,NA,NA,"21.7",108,"2.47","0.23","Māure",NA,"ripples, murky",NA
2025-12-01,NA,"Koutu","1","A",4.75,1.24,3.83,NA,NA,NA,"21",96.2,"2.87","0.36","Māure",NA,"ripples, clear-ish",NA
2025-12-01,NA,"Koutu","2","A",9.25,0.1,3.83,NA,NA,NA,"21",96.2,"2.87","0.36","Māure",NA,"ripples, clear-ish",NA
2025-12-01,NA,"Koutu","3","A",9.25,0.1,92.5,NA,NA,NA,"21",96.2,"2.87","0.36","Māure",NA,"ripples, clear-ish",NA
2025-12-01,NA,"Koutu","1","B",8.5,2.09,4.06,NA,NA,NA,"21",96.2,"2.87","0.36","Māure",NA,"ripples, clear-ish",NA
2025-12-01,NA,"Koutu","2","B",20.95,1.97,10.63,NA,NA,NA,"21",96.2,"2.87","0.36","Māure",NA,"ripples, clear-ish",NA
2025-12-01,NA,"Koutu","3","B",0.1,2.63,0.03,NA,NA,NA,"21",96.2,"2.87","0.36","Māure",NA,"ripples, clear-ish",NA
2025-12-04,NA,"Hannah's Bay","1","A",12.34,0.55,22.43,NA,NA,NA,"20.3",96.7,"6.5","0.49","Ōturuturu","Windy, cloudy, partial sun","High wave action, murky",NA
2025-12-04,NA,"Hannah's Bay","2","A",15.47,0.55,28.12,NA,NA,NA,"20.3",96.7,"6.5","0.49","Ōturuturu","Windy, cloudy, partial sun","High wave action, murky",NA
2025-12-04,NA,"Hannah's Bay","3","A",24.08,0.5,48.16,NA,NA,NA,"20.3",96.7,"6.5","0.49","Ōturuturu","Windy, cloudy, partial sun","High wave action, murky",NA
2025-12-04,NA,"Hannah's Bay","1","B",50.69,2.87,17.66,NA,NA,NA,"20.3",96.7,"6.5","0.49","Ōturuturu","Windy, cloudy, partial sun","High wave action, murky",NA
2025-12-04,NA,"Hannah's Bay","2","B",43.65,2.63,16.59,NA,NA,NA,"20.3",96.7,"6.5","0.49","Ōturuturu","Windy, cloudy, partial sun","High wave action, murky",NA
2025-12-04,NA,"Hannah's Bay","3","B",46,2.55,18.03,NA,NA,NA,"20.3",96.7,"6.5","0.49","Ōturuturu","Windy, cloudy, partial sun","High wave action, murky",NA
2025-12-04,NA,"Te Pōhue","1","A",24.86,2.03,12.24,NA,NA,NA,"19.2",97.8,"23.24","1.73","Ōturuturu",NA,"High wave action, murky",NA
2025-12-04,NA,"Te Pōhue","2","A",25.65,1.93,13.29,NA,NA,NA,"19.2",97.8,"23.24","1.73","Ōturuturu",NA,"High wave action, murky",NA
2025-12-04,NA,"Te Pōhue","3","A",21.73,2.32,9.36,NA,NA,NA,"19.2",97.8,"23.24","1.73","Ōturuturu",NA,"High wave action, murky",NA
2025-12-04,NA,"Te Pōhue","1","B",73.39,6.1,12.03,NA,NA,NA,"19.2",97.8,"23.24","1.73","Ōturuturu",NA,"High wave action, murky",NA
2025-12-04,NA,"Te Pōhue","2","B",74.95,6.33,11.84,NA,NA,NA,"19.2",97.8,"23.24","1.73","Ōturuturu",NA,"High wave action, murky",NA
2025-12-04,NA,"Te Pōhue","3","B",0.1,5.67,0.01,NA,NA,NA,"19.2",97.8,"23.24","1.73","Ōturuturu",NA,"High wave action, murky",NA
2025-12-04,NA,"Ohau Channel","1","A",14.69,2.57,5.71,NA,NA,NA,"19.4",98.8,"13.98","1.54","Ōturuturu",NA,"High wave action, murky",NA
2025-12-04,NA,"Ohau Channel","2","A",18.6,2.37,7.84,NA,NA,NA,"19.4",98.8,"13.98","1.54","Ōturuturu",NA,"High wave action, murky",NA
2025-12-04,NA,"Ohau Channel","3","A",24.08,1.59,15.14,NA,NA,NA,"19.4",98.8,"13.98","1.54","Ōturuturu",NA,"High wave action, murky",NA
2025-12-04,NA,"Ohau Channel","1","B",0.1,3.22,0.03,NA,NA,NA,"19.4",98.8,"13.98","1.54","Ōturuturu",NA,"High wave action, murky",NA
2025-12-04,NA,"Ohau Channel","2","B",0.1,4.27,0.02,NA,NA,NA,"19.4",98.8,"13.98","1.54","Ōturuturu",NA,"High wave action, murky",NA
2025-12-04,NA,"Ohau Channel","3","B",0.1,3.64,0.02,NA,NA,NA,"19.4",98.8,"13.98","1.54","Ōturuturu",NA,"High wave action, murky",NA
2025-12-04,NA,"Hamurana (East)","1","A",12.34,6.16,2,NA,NA,NA,"19.1",100.7,"30.13","7.91","Ōturuturu",NA,"High wave action, murky",NA
2025-12-04,NA,"Hamurana (East)","2","A",10,5.77,1.73,NA,NA,NA,"19.1",100.7,"30.13","7.91","Ōturuturu",NA,"High wave action, murky",NA
2025-12-04,NA,"Hamurana (East)","3","A",13.61,5.67,2.45,NA,NA,NA,"19.1",100.7,"30.13","7.91","Ōturuturu",NA,"High wave action, murky",NA
2025-12-04,NA,"Hamurana (East)","1","B",0.1,9.41,0.01,NA,NA,NA,"19.1",100.7,"30.13","7.91","Ōturuturu",NA,"High wave action, murky",NA
2025-12-04,NA,"Hamurana (East)","2","B",0.1,114.81,0,NA,NA,NA,"19.1",100.7,"30.13","7.91","Ōturuturu",NA,"High wave action, murky",NA
2025-12-04,NA,"Hamurana (East)","3","B",0.1,10.77,0,NA,NA,NA,"19.1",100.7,"30.13","7.91","Ōturuturu",NA,"High wave action, murky",NA
2025-12-04,NA,"Hamurana (bridge)","1","A",25.65,22.8,0.12,NA,NA,NA,"20.1",97.5,"47.27","19.8","Ōturuturu",NA,"light wave action, murky",NA
2025-12-04,NA,"Hamurana (bridge)","2","A",38.95,26.44,1.47,NA,NA,NA,"20.1",97.5,"47.27","19.8","Ōturuturu",NA,"light wave action, murky",NA
2025-12-04,NA,"Hamurana (bridge)","3","A",26.43,23.34,1.13,NA,NA,NA,"20.1",97.5,"47.27","19.8","Ōturuturu",NA,"light wave action, murky",NA
2025-12-04,NA,"Hamurana (bridge)","1","B",56.17,89.65,0.62,NA,NA,NA,"20.1",97.5,"47.27","19.8","Ōturuturu",NA,"light wave action, murky",NA
2025-12-04,NA,"Hamurana (bridge)","2","B",105.45,48.21,2.18,NA,NA,NA,"20.1",97.5,"47.27","19.8","Ōturuturu",NA,"light wave action, murky",NA
2025-12-04,NA,"Hamurana (bridge)","3","B",0.1,48.17,0,NA,NA,NA,"20.1",97.5,"47.27","19.8","Ōturuturu",NA,"light wave action, murky",NA
2025-12-04,NA,"Hamurana (West)","1","A",7,11.37,0.61,NA,NA,NA,"20.5",102.4,"19.12","4.46","Ōturuturu",NA,"light wave action, murky",NA
2025-12-04,NA,"Hamurana (West)","2","A",56.17,17.72,3.16,NA,NA,NA,"20.5",102.4,"19.12","4.46","Ōturuturu",NA,"light wave action, murky",NA
2025-12-04,NA,"Hamurana (West)","3","A",29.56,9.4,3.14,NA,NA,NA,"20.5",102.4,"19.12","4.46","Ōturuturu",NA,"light wave action, murky",NA
2025-12-04,NA,"Hamurana (West)","1","B",0.1,10.97,0,NA,NA,NA,"20.5",102.4,"19.12","4.46","Ōturuturu",NA,"light wave action, murky",NA
2025-12-04,NA,"Hamurana (West)","2","B",59.3,54.85,0.91,NA,NA,NA,"20.5",102.4,"19.12","4.46","Ōturuturu",NA,"light wave action, murky",NA
2025-12-04,NA,"Hamurana (West)","3","B",0.1,25.9,0,NA,NA,NA,"20.5",102.4,"19.12","4.46","Ōturuturu",NA,"light wave action, murky",NA
2025-12-04,NA,"Awahou (Tarimano)","1","A",7,4.54,1.54,NA,NA,NA,"20.1",117.9,"4.57","1.87","Ōturuturu",NA,"moderate wave action, murky",NA
2025-12-04,NA,"Awahou (Tarimano)","2","A",22.52,4.14,5.43,NA,NA,NA,"20.1",117.9,"4.57","1.87","Ōturuturu",NA,"moderate wave action, murky",NA
2025-12-04,NA,"Awahou (Tarimano)","3","A",25.65,3.5,7.32,NA,NA,NA,"20.1",117.9,"4.57","1.87","Ōturuturu",NA,"moderate wave action, murky",NA
2025-12-04,NA,"Awahou (Tarimano)","1","B",0.1,12.13,0,NA,NA,NA,"20.1",117.9,"4.57","1.87","Ōturuturu",NA,"moderate wave action, murky",NA
2025-12-04,NA,"Awahou (Tarimano)","2","B",1.75,58.47,0.02,NA,NA,NA,"20.1",117.9,"4.57","1.87","Ōturuturu",NA,"moderate wave action, murky",NA
2025-12-04,NA,"Awahou (Tarimano)","3","B",0.1,122.43,0,NA,NA,NA,"20.1",117.9,"4.57","1.87","Ōturuturu",NA,"moderate wave action, murky",NA
2025-12-04,NA,"Ngongotaha","1","A",6.25,2.42,2.58,NA,NA,NA,"19.3",105.8,"11.85","0.83","Ōturuturu",NA,"moderate wave action, murky",NA
2025-12-04,NA,"Ngongotaha","2","A",9.25,5.42,1.7,NA,NA,NA,"19.3",105.8,"11.85","0.83","Ōturuturu",NA,"moderate wave action, murky",NA
2025-12-04,NA,"Ngongotaha","3","A",13.13,3.95,3.32,NA,NA,NA,"19.3",105.8,"11.85","0.83","Ōturuturu",NA,"moderate wave action, murky",NA
2025-12-04,NA,"Ngongotaha","1","B",0.1,3.49,0.02,NA,NA,NA,"19.3",105.8,"11.85","0.83","Ōturuturu",NA,"moderate wave action, murky",NA
2025-12-04,NA,"Ngongotaha","2","B",0.1,3.84,0.02,NA,NA,NA,"19.3",105.8,"11.85","0.83","Ōturuturu",NA,"moderate wave action, murky",NA
2025-12-04,NA,"Ngongotaha","3","B",0.1,26.67,0,NA,NA,NA,"19.3",105.8,"11.85","0.83","Ōturuturu",NA,"moderate wave action, murky",NA
2025-12-06,NA,"Hannah's Bay","1","A",0.1,0.85,0.11,NA,NA,NA,"20.3",94.2,"2.14","0.3","Rakaumotahi","Sunny, windy","Moderate wave action, hazy",NA
2025-12-06,NA,"Hannah's Bay","2","A",0.1,79.76,0,NA,NA,NA,"20.3",94.2,"2.14","0.3","Rakaumotahi","Sunny, windy","Moderate wave action, hazy",NA
2025-12-06,NA,"Hannah's Bay","3","A",0.1,17.48,0,NA,NA,NA,"20.3",94.2,"2.14","0.3","Rakaumotahi","Sunny, windy","Moderate wave action, hazy",NA
2025-12-06,NA,"Hannah's Bay","1","B",0.1,4.66,0.02,NA,NA,NA,"20.3",94.2,"2.14","0.3","Rakaumotahi","Sunny, windy","Moderate wave action, hazy",NA
2025-12-06,NA,"Hannah's Bay","2","B",0.1,3.72,0.02,NA,NA,NA,"20.3",94.2,"2.14","0.3","Rakaumotahi","Sunny, windy","Moderate wave action, hazy",NA
2025-12-06,NA,"Hannah's Bay","3","B",0.1,4.38,0.02,NA,NA,NA,"20.3",94.2,"2.14","0.3","Rakaumotahi","Sunny, windy","Moderate wave action, hazy",NA
2025-12-06,NA,"Te Pōhue","1","A",1.75,5.77,0.3,NA,NA,NA,"21.5",98.8,"4.34","1.41","Rakaumotahi",NA,NA,NA
2025-12-06,NA,"Te Pōhue","2","A",0.1,5.08,0.01,NA,NA,NA,"21.5",98.8,"4.34","1.41","Rakaumotahi",NA,NA,NA
2025-12-06,NA,"Te Pōhue","3","A",0.1,4.68,0.02,NA,NA,NA,"21.5",98.8,"4.34","1.41","Rakaumotahi",NA,NA,NA
2025-12-06,NA,"Te Pōhue","1","B",29.56,5.09,5.8,NA,NA,NA,"21.5",98.8,"4.34","1.41","Rakaumotahi",NA,NA,NA
2025-12-06,NA,"Te Pōhue","2","B",47.56,4.97,9.56,NA,NA,NA,"21.5",98.8,"4.34","1.41","Rakaumotahi",NA,NA,NA
2025-12-06,NA,"Te Pōhue","3","B",0.1,6.18,0.01,NA,NA,NA,"21.5",98.8,"4.34","1.41","Rakaumotahi",NA,NA,NA
2025-12-06,NA,"Ohau Channel","1","A",0.1,1.39,0.07,NA,NA,NA,"21",99.2,"13.25","2.21","Rakaumotahi",NA,NA,NA
2025-12-06,NA,"Ohau Channel","2","A",0.1,1.14,0.08,NA,NA,NA,"21",99.2,"13.25","2.21","Rakaumotahi",NA,NA,NA
2025-12-06,NA,"Ohau Channel","3","A",0.1,2.42,0.04,NA,NA,NA,"21",99.2,"13.25","2.21","Rakaumotahi",NA,NA,NA
2025-12-06,NA,"Ohau Channel","1","B",4,5.09,0.78,NA,NA,NA,"21",99.2,"13.25","2.21","Rakaumotahi",NA,NA,NA
2025-12-06,NA,"Ohau Channel","2","B",0.1,3.25,0.03,NA,NA,NA,"21",99.2,"13.25","2.21","Rakaumotahi",NA,NA,NA
2025-12-06,NA,"Ohau Channel","3","B",0.1,5.16,0.01,NA,NA,NA,"21",99.2,"13.25","2.21","Rakaumotahi",NA,NA,NA
2025-12-06,NA,"Hamurana (East)","1","A",10,7.88,1.26,NA,NA,NA,"19.2",99.7,"16.97","4.93","Rakaumotahi",NA,NA,NA
2025-12-06,NA,"Hamurana (East)","2","A",8.5,12.8,0.66,NA,NA,NA,"19.2",99.7,"16.97","4.93","Rakaumotahi",NA,NA,NA
2025-12-06,NA,"Hamurana (East)","3","A",43.65,9.75,4.47,NA,NA,NA,"19.2",99.7,"16.97","4.93","Rakaumotahi",NA,NA,NA
2025-12-06,NA,"Hamurana (East)","1","B",0.1,9.68,0.01,NA,NA,NA,"19.2",99.7,"16.97","4.93","Rakaumotahi",NA,NA,NA
2025-12-06,NA,"Hamurana (East)","2","B",4,9.18,0.43,NA,NA,NA,"19.2",99.7,"16.97","4.93","Rakaumotahi",NA,NA,NA
2025-12-06,NA,"Hamurana (East)","3","B",46,203.44,0.22,NA,NA,NA,"19.2",99.7,"16.97","4.93","Rakaumotahi",NA,NA,NA
2025-12-06,NA,"Hamurana (bridge)","1","A",65.56,29.39,2.23,NA,NA,NA,"20.3",73.3,"32.85","48.79","Rakaumotahi",NA,NA,NA
2025-12-06,NA,"Hamurana (bridge)","2","A",40.52,19.3,2.09,NA,NA,NA,"20.3",73.3,"32.85","48.79","Rakaumotahi",NA,NA,NA
2025-12-06,NA,"Hamurana (bridge)","3","A",18.6,20.68,0.89,NA,NA,NA,"20.3",73.3,"32.85","48.79","Rakaumotahi",NA,NA,NA
2025-12-06,NA,"Hamurana (bridge)","1","B",70.26,31.26,2.22,NA,NA,NA,"20.3",73.3,"32.85","48.79","Rakaumotahi",NA,NA,NA
2025-12-06,NA,"Hamurana (bridge)","2","B",68.69,29.08,2.36,NA,NA,NA,"20.3",73.3,"32.85","48.79","Rakaumotahi",NA,NA,NA
2025-12-06,NA,"Hamurana (bridge)","3","B",63.21,37.83,1.67,NA,NA,NA,"20.3",73.3,"32.85","48.79","Rakaumotahi",NA,NA,NA
2025-12-06,NA,"Hamurana (West)","1","A",1,6.6,0.15,NA,NA,NA,"21.2",105.8,"2.92","0.83","Rakaumotahi",NA,NA,NA
2025-12-06,NA,"Hamurana (West)","2","A",19.39,2.03,9.55,NA,NA,NA,"21.2",105.8,"2.92","0.83","Rakaumotahi",NA,NA,NA
2025-12-06,NA,"Hamurana (West)","3","A",13.13,2.32,5.65,NA,NA,NA,"21.2",105.8,"2.92","0.83","Rakaumotahi",NA,NA,NA
2025-12-06,NA,"Hamurana (West)","1","B",66.34,6.88,9.64,NA,NA,NA,"21.2",105.8,"2.92","0.83","Rakaumotahi",NA,NA,NA
2025-12-06,NA,"Hamurana (West)","2","B",0.1,13.22,0,NA,NA,NA,"21.2",105.8,"2.92","0.83","Rakaumotahi",NA,NA,NA
2025-12-06,NA,"Hamurana (West)","3","B",0.1,10.11,0,NA,NA,NA,"21.2",105.8,"2.92","0.83","Rakaumotahi",NA,NA,NA
2025-12-06,NA,"Awahou (Tarimano)","1","A",0.1,1.04,0.09,NA,NA,NA,"20.4",108.6,"3.21","0.74","Rakaumotahi",NA,NA,NA
2025-12-06,NA,"Awahou (Tarimano)","2","A",0.1,0,0,NA,NA,NA,"20.4",108.6,"3.21","0.74","Rakaumotahi",NA,NA,NA
2025-12-06,NA,"Awahou (Tarimano)","3","A",0.1,0,0,NA,NA,NA,"20.4",108.6,"3.21","0.74","Rakaumotahi",NA,NA,NA
2025-12-06,NA,"Awahou (Tarimano)","1","B",0.1,3.72,0.02,NA,NA,NA,"20.4",108.6,"3.21","0.74","Rakaumotahi",NA,NA,NA
2025-12-06,NA,"Awahou (Tarimano)","2","B",0.1,3.45,0.02,NA,NA,NA,"20.4",108.6,"3.21","0.74","Rakaumotahi",NA,NA,NA
2025-12-06,NA,"Awahou (Tarimano)","3","B",0.1,18.12,0,NA,NA,NA,"20.4",108.6,"3.21","0.74","Rakaumotahi",NA,NA,NA
2025-12-06,NA,"Ngongotaha","1","A",24.08,4.39,5.48,NA,NA,NA,"20.3",102.1,"3.02","0.7","Rakaumotahi",NA,NA,NA
2025-12-06,NA,"Ngongotaha","2","A",9.25,0.45,20.55,NA,NA,NA,"20.3",102.1,"3.02","0.7","Rakaumotahi",NA,NA,NA
2025-12-06,NA,"Ngongotaha","3","A",32.69,1.98,16.51,NA,NA,NA,"20.3",102.1,"3.02","0.7","Rakaumotahi",NA,NA,NA
2025-12-06,NA,"Ngongotaha","1","B",0.1,3.8,0.02,NA,NA,NA,"20.3",102.1,"3.02","0.7","Rakaumotahi",NA,NA,NA
2025-12-06,NA,"Ngongotaha","2","B",0.1,4.11,0.02,NA,NA,NA,"20.3",102.1,"3.02","0.7","Rakaumotahi",NA,NA,NA
2025-12-06,NA,"Ngongotaha","3","B",0.1,3.18,0.03,NA,NA,NA,"20.3",102.1,"3.02","0.7","Rakaumotahi",NA,NA,NA
2025-12-06,NA,"Koutu","1","A",0.1,0.35,0.28,NA,NA,NA,"19.7",98.2,"3.1","0.9","Rakaumotahi",NA,NA,NA
2025-12-06,NA,"Koutu","2","A",0.1,0,0,NA,NA,NA,"19.7",98.2,"3.1","0.9","Rakaumotahi",NA,NA,NA
2025-12-06,NA,"Koutu","3","A",0.1,0,0,NA,NA,NA,"19.7",98.2,"3.1","0.9","Rakaumotahi",NA,NA,NA
2025-12-06,NA,"Koutu","1","B",0.1,7.42,0.01,NA,NA,NA,"19.7",98.2,"3.1","0.9","Rakaumotahi",NA,NA,NA
2025-12-06,NA,"Koutu","2","B",0.1,3.37,0.02,NA,NA,NA,"19.7",98.2,"3.1","0.9","Rakaumotahi",NA,NA,NA
2025-12-06,NA,"Koutu","3","B",0.1,5.51,0.01,NA,NA,NA,"19.7",98.2,"3.1","0.9","Rakaumotahi",NA,NA,NA
2025-12-06,NA,"Lake Front","1","A",0.1,0,0,NA,NA,NA,"23.9",86.3,"14.78","1.21","Rakaumotahi",NA,NA,NA
2025-12-06,NA,"Lake Front","2","A",0.1,0,0,NA,NA,NA,"23.9",86.3,"14.78","1.21","Rakaumotahi",NA,NA,NA
2025-12-06,NA,"Lake Front","3","A",0.1,0.15,0.66,NA,NA,NA,"23.9",86.3,"14.78","1.21","Rakaumotahi",NA,NA,NA
2025-12-06,NA,"Lake Front","1","B",0.1,6.33,0.01,NA,NA,NA,"23.9",86.3,"14.78","1.21","Rakaumotahi",NA,NA,NA
2025-12-06,NA,"Lake Front","2","B",0.1,4.58,0.02,NA,NA,NA,"23.9",86.3,"14.78","1.21","Rakaumotahi",NA,NA,NA
2025-12-06,NA,"Lake Front","3","B",19.39,4.38,4.42,NA,NA,NA,"23.9",86.3,"14.78","1.21","Rakaumotahi",NA,NA,NA
2025-12-08,NA,"Hannah's Bay","1","A",4,0,0,NA,NA,NA,"21.8",95.5,"4.9","0.3","Oike","Sunny","hazy, light wave action",NA
2025-12-08,NA,"Hannah's Bay","2","A",7,0,0,NA,NA,NA,"21.8",95.5,"4.9","0.3","Oike","Sunny","hazy, light wave action",NA
2025-12-08,NA,"Hannah's Bay","3","A",20.17,0,0,NA,NA,NA,"21.8",95.5,"4.9","0.3","Oike","Sunny","hazy, light wave action",NA
2025-12-08,NA,"Hannah's Bay","1","B",93.73,3.29,28.48,NA,NA,NA,"21.8",95.5,"4.9","0.3","Oike","Sunny","hazy, light wave action",NA
2025-12-08,NA,"Hannah's Bay","2","B",85.13,8.1,27.46,NA,NA,NA,"21.8",95.5,"4.9","0.3","Oike","Sunny","hazy, light wave action",NA
2025-12-08,NA,"Hannah's Bay","3","B",66.34,3.41,19.45,NA,NA,NA,"21.8",95.5,"4.9","0.3","Oike","Sunny","hazy, light wave action",NA
2025-12-08,NA,"Te Pōhue","1","A",0.1,0,0,NA,NA,NA,"23",98.8,"3.29","0.45","Oike",NA,"flat, clear",NA
2025-12-08,NA,"Te Pōhue","2","A",0.1,0,0,NA,NA,NA,"23",98.8,"3.29","0.45","Oike",NA,"flat, clear",NA
2025-12-08,NA,"Te Pōhue","3","A",1,0,0,NA,NA,NA,"23",98.8,"3.29","0.45","Oike",NA,"flat, clear",NA
2025-12-08,NA,"Te Pōhue","1","B",47.56,3.33,14.28,NA,NA,NA,"23",98.8,"3.29","0.45","Oike",NA,"flat, clear",NA
2025-12-08,NA,"Te Pōhue","2","B",59.3,3.25,18.24,NA,NA,NA,"23",98.8,"3.29","0.45","Oike",NA,"flat, clear",NA
2025-12-08,NA,"Te Pōhue","3","B",104.67,3.41,30.69,NA,NA,NA,"23",98.8,"3.29","0.45","Oike",NA,"flat, clear",NA
2025-12-08,NA,"Ohau Channel","1","A",2.5,0,0,NA,NA,NA,"21.9",100,"3.58","0.24","Oike",NA,"flat, hazy",NA
2025-12-08,NA,"Ohau Channel","2","A",0.1,0,0,NA,NA,NA,"21.9",100,"3.58","0.24","Oike",NA,"flat, hazy",NA
2025-12-08,NA,"Ohau Channel","3","A",0.1,0,0,NA,NA,NA,"21.9",100,"3.58","0.24","Oike",NA,"flat, hazy",NA
2025-12-08,NA,"Ohau Channel","1","B",52.26,2.44,21.41,NA,NA,NA,"21.9",100,"3.58","0.24","Oike",NA,"flat, hazy",NA
2025-12-08,NA,"Ohau Channel","2","B",50.69,2.48,20.43,NA,NA,NA,"21.9",100,"3.58","0.24","Oike",NA,"flat, hazy",NA
2025-12-08,NA,"Ohau Channel","3","B",75.73,2.24,33.8,NA,NA,NA,"21.9",100,"3.58","0.24","Oike",NA,"flat, hazy",NA
2025-12-08,NA,"Hamurana (East)","1","A",0.1,1.19,0,NA,NA,NA,"22.4",116.4,"3.95","0.58","Oike",NA,"flat, hazy",NA
2025-12-08,NA,"Hamurana (East)","2","A",0.1,0.85,0.11,NA,NA,NA,"22.4",116.4,"3.95","0.58","Oike",NA,"flat, hazy",NA
2025-12-08,NA,"Hamurana (East)","3","A",1.75,1.39,1.25,NA,NA,NA,"22.4",116.4,"3.95","0.58","Oike",NA,"flat, hazy",NA
2025-12-08,NA,"Hamurana (East)","1","B",0.1,1.19,0.08,NA,NA,NA,"22.4",116.4,"3.95","0.58","Oike",NA,"flat, hazy",NA
2025-12-08,NA,"Hamurana (East)","2","B",0.1,1.62,0.06,NA,NA,NA,"22.4",116.4,"3.95","0.58","Oike",NA,"flat, hazy",NA
2025-12-08,NA,"Hamurana (East)","3","B",0.1,1.5,0.06,NA,NA,NA,"22.4",116.4,"3.95","0.58","Oike",NA,"flat, hazy",NA
2025-12-08,NA,"Hamurana (bridge)","1","A",8.5,0.25,34,NA,NA,NA,"19.2",127.1,"1.24","0.29","Oike",NA,"flat, hazy",NA
2025-12-08,NA,"Hamurana (bridge)","2","A",0.1,1.09,0.09,NA,NA,NA,"19.2",127.1,"1.24","0.29","Oike",NA,"flat, hazy",NA
2025-12-08,NA,"Hamurana (bridge)","3","A",0.1,1.34,0.07,NA,NA,NA,"19.2",127.1,"1.24","0.29","Oike",NA,"flat, hazy",NA
2025-12-08,NA,"Hamurana (bridge)","1","B",0.1,1.03,0.09,NA,NA,NA,"19.2",127.1,"1.24","0.29","Oike",NA,"flat, hazy",NA
2025-12-08,NA,"Hamurana (bridge)","2","B",0.1,1.7,0.05,NA,NA,NA,"19.2",127.1,"1.24","0.29","Oike",NA,"flat, hazy",NA
2025-12-08,NA,"Hamurana (bridge)","3","B",0.1,1.15,0.08,NA,NA,NA,"19.2",127.1,"1.24","0.29","Oike",NA,"flat, hazy",NA
2025-12-08,NA,"Hamurana (West)","1","A",4.75,0.7,6.78,NA,NA,NA,"23.3",109,"2.07","0.45","Oike",NA,"flat, clear",NA
2025-12-08,NA,"Hamurana (West)","2","A",13.91,0,0,NA,NA,NA,"23.3",109,"2.07","0.45","Oike",NA,"flat, clear",NA
2025-12-08,NA,"Hamurana (West)","3","A",9.25,0,0,NA,NA,NA,"23.3",109,"2.07","0.45","Oike",NA,"flat, clear",NA
2025-12-08,NA,"Hamurana (West)","1","B",0.1,1.31,0.07,NA,NA,NA,"23.3",109,"2.07","0.45","Oike",NA,"flat, clear",NA
2025-12-08,NA,"Hamurana (West)","2","B",0.1,1.15,0.08,NA,NA,NA,"23.3",109,"2.07","0.45","Oike",NA,"flat, clear",NA
2025-12-08,NA,"Hamurana (West)","3","B",0.1,1.27,0.07,NA,NA,NA,"23.3",109,"2.07","0.45","Oike",NA,"flat, clear",NA
2025-12-08,NA,"Awahou (Tarimano)","1","A",30.34,2.22,13.66,NA,NA,NA,"20.9",121.2,"4.25","1","Oike",NA,"flat, clear",NA
2025-12-08,NA,"Awahou (Tarimano)","2","A",46.78,1.09,42.91,NA,NA,NA,"20.9",121.2,"4.25","1","Oike",NA,"flat, clear",NA
2025-12-08,NA,"Awahou (Tarimano)","3","A",9.25,0.55,16.81,NA,NA,NA,"20.9",121.2,"4.25","1","Oike",NA,"flat, clear",NA
2025-12-08,NA,"Awahou (Tarimano)","1","B",0.1,2.59,0.03,NA,NA,NA,"20.9",121.2,"4.25","1","Oike",NA,"flat, clear",NA
2025-12-08,NA,"Awahou (Tarimano)","2","B",0.1,2.01,0.04,NA,NA,NA,"20.9",121.2,"4.25","1","Oike",NA,"flat, clear",NA
2025-12-08,NA,"Awahou (Tarimano)","3","B",0.1,1.85,0.05,NA,NA,NA,"20.9",121.2,"4.25","1","Oike",NA,"flat, clear",NA
2025-12-08,NA,"Ngongotaha","1","A",0.1,0.85,0.11,NA,NA,NA,"21.2",107.3,"3.41","0.38","Oike",NA,"flat, hazy",NA
2025-12-08,NA,"Ngongotaha","2","A",9.25,0,0,NA,NA,NA,"21.2",107.3,"3.41","0.38","Oike",NA,"flat, hazy",NA
2025-12-08,NA,"Ngongotaha","3","A",1.75,0.6,2.91,NA,NA,NA,"21.2",107.3,"3.41","0.38","Oike",NA,"flat, hazy",NA
2025-12-08,NA,"Ngongotaha","1","B",0.1,1.42,0.07,NA,NA,NA,"21.2",107.3,"3.41","0.38","Oike",NA,"flat, hazy",NA
2025-12-08,NA,"Ngongotaha","2","B",0.1,1.23,0.08,NA,NA,NA,"21.2",107.3,"3.41","0.38","Oike",NA,"flat, hazy",NA
2025-12-08,NA,"Ngongotaha","3","B",0.1,1.03,0.09,NA,NA,NA,"21.2",107.3,"3.41","0.38","Oike",NA,"flat, hazy",NA
2025-12-08,NA,"Koutu","1","A",0.1,0.7,0.14,NA,NA,NA,"23",110.2,"5.15","1.29","Oike",NA,"flat, hazy",NA
2025-12-08,NA,"Koutu","2","A",1.75,0.55,3.18,NA,NA,NA,"23",110.2,"5.15","1.29","Oike",NA,"flat, hazy",NA
2025-12-08,NA,"Koutu","3","A",0.1,0.1,1,NA,NA,NA,"23",110.2,"5.15","1.29","Oike",NA,"flat, hazy",NA
2025-12-08,NA,"Koutu","1","B",0.1,1.38,0.07,NA,NA,NA,"23",110.2,"5.15","1.29","Oike",NA,"flat, hazy",NA
2025-12-08,NA,"Koutu","2","B",0.1,1.35,0.07,NA,NA,NA,"23",110.2,"5.15","1.29","Oike",NA,"flat, hazy",NA
2025-12-08,NA,"Koutu","3","B",0.1,1.38,0.07,NA,NA,NA,"23",110.2,"5.15","1.29","Oike",NA,"flat, hazy",NA
2025-12-08,NA,"Lake Front","1","A",7.75,0.45,17.22,NA,NA,NA,"25.7",71.6,"16.58","1.74","Oike",NA,"flat, murky",NA
2025-12-08,NA,"Lake Front","2","A",0.1,0,0,NA,NA,NA,"25.7",71.6,"16.58","1.74","Oike",NA,"flat, murky",NA
2025-12-08,NA,"Lake Front","3","A",0.1,0,0,NA,NA,NA,"25.7",71.6,"16.58","1.74","Oike",NA,"flat, murky",NA
2025-12-08,NA,"Lake Front","1","B",0.1,1,0.1,NA,NA,NA,"25.7",71.6,"16.58","1.74","Oike",NA,"flat, murky",NA
2025-12-08,NA,"Lake Front","2","B",0.1,1.35,0.07,NA,NA,NA,"25.7",71.6,"16.58","1.74","Oike",NA,"flat, murky",NA
2025-12-08,NA,"Lake Front","3","B",0.1,1.07,0.09,NA,NA,NA,"25.7",71.6,"16.58","1.74","Oike",NA,"flat, murky",NA
2025-12-10,NA,"Hannah's Bay","1","A",0.1,0,0,NA,NA,NA,"26.2",117.5,"6.65","0.66","korekore-te-ngangana","DSunny, partially cloudy",NA,NA
2025-12-10,NA,"Hannah's Bay","2","A",0.1,0,0,NA,NA,NA,"26.2",117.5,"6.65","0.66","korekore-te-ngangana","DSunny, partially cloudy",NA,NA
2025-12-10,NA,"Hannah's Bay","3","A",0.1,0,0,NA,NA,NA,"26.2",117.5,"6.65","0.66","korekore-te-ngangana","DSunny, partially cloudy",NA,NA
2025-12-10,NA,"Hannah's Bay","1","B",0.1,2.28,0.04,NA,NA,NA,"26.2",117.5,"6.65","0.66","korekore-te-ngangana","DSunny, partially cloudy",NA,NA
2025-12-10,NA,"Hannah's Bay","2","B",0.1,2.05,0.04,NA,NA,NA,"26.2",117.5,"6.65","0.66","korekore-te-ngangana","DSunny, partially cloudy",NA,NA
2025-12-10,NA,"Hannah's Bay","3","B",0.1,1.89,0.05,NA,NA,NA,"26.2",117.5,"6.65","0.66","korekore-te-ngangana","DSunny, partially cloudy",NA,NA
2025-12-10,NA,"Te Pōhue","1","A",0.1,0,0,NA,NA,NA,"25.3",111.9,"5.01","0.75","korekore-te-ngangana",NA,NA,NA
2025-12-10,NA,"Te Pōhue","2","A",0.1,0,0,NA,NA,NA,"25.3",111.9,"5.01","0.75","korekore-te-ngangana",NA,NA,NA
2025-12-10,NA,"Te Pōhue","3","A",0.1,0,0,NA,NA,NA,"25.3",111.9,"5.01","0.75","korekore-te-ngangana",NA,NA,NA
2025-12-10,NA,"Te Pōhue","1","B",0.1,1.77,0.05,NA,NA,NA,"25.3",111.9,"5.01","0.75","korekore-te-ngangana",NA,NA,NA
2025-12-10,NA,"Te Pōhue","2","B",0.1,2.01,0.04,NA,NA,NA,"25.3",111.9,"5.01","0.75","korekore-te-ngangana",NA,NA,NA
2025-12-10,NA,"Te Pōhue","3","B",0.1,1.66,0.06,NA,NA,NA,"25.3",111.9,"5.01","0.75","korekore-te-ngangana",NA,NA,NA
2025-12-10,NA,"Ohau Channel","1","A",0.1,0,0,NA,NA,NA,"23.2",104.5,"1.92","0.19","korekore-te-ngangana",NA,NA,NA
2025-12-10,NA,"Ohau Channel","2","A",0.1,0,0,NA,NA,NA,"23.2",104.5,"1.92","0.19","korekore-te-ngangana",NA,NA,NA
2025-12-10,NA,"Ohau Channel","3","A",0.1,0,0,NA,NA,NA,"23.2",104.5,"1.92","0.19","korekore-te-ngangana",NA,NA,NA
2025-12-10,NA,"Ohau Channel","1","B",0.1,1.38,0.07,NA,NA,NA,"23.2",104.5,"1.92","0.19","korekore-te-ngangana",NA,NA,NA
2025-12-10,NA,"Ohau Channel","2","B",0.1,0.92,0.1,NA,NA,NA,"23.2",104.5,"1.92","0.19","korekore-te-ngangana",NA,NA,NA
2025-12-10,NA,"Ohau Channel","3","B",0.1,0.84,0.11,NA,NA,NA,"23.2",104.5,"1.92","0.19","korekore-te-ngangana",NA,NA,NA
2025-12-10,NA,"Hamurana (East)","1","A",0.1,0,0,NA,NA,NA,"24.7",104.4,"5.54","0.5","korekore-te-ngangana",NA,NA,NA
2025-12-10,NA,"Hamurana (East)","2","A",0.1,0,0,NA,NA,NA,"24.7",104.4,"5.54","0.5","korekore-te-ngangana",NA,NA,NA
2025-12-10,NA,"Hamurana (East)","3","A",0.1,0,0,NA,NA,NA,"24.7",104.4,"5.54","0.5","korekore-te-ngangana",NA,NA,NA
2025-12-10,NA,"Hamurana (East)","1","B",1.75,1.35,1.29,NA,NA,NA,"24.7",104.4,"5.54","0.5","korekore-te-ngangana",NA,NA,NA
2025-12-10,NA,"Hamurana (East)","2","B",0.1,1.62,0.06,NA,NA,NA,"24.7",104.4,"5.54","0.5","korekore-te-ngangana",NA,NA,NA
2025-12-10,NA,"Hamurana (East)","3","B",0.1,1.7,0.05,NA,NA,NA,"24.7",104.4,"5.54","0.5","korekore-te-ngangana",NA,NA,NA
2025-12-10,NA,"Hamurana (bridge)","1","A",0.1,0.2,0.5,NA,NA,NA,"25.2",143.9,"2.62","1.3","korekore-te-ngangana",NA,NA,NA
2025-12-10,NA,"Hamurana (bridge)","2","A",0.1,0,0,NA,NA,NA,"25.2",143.9,"2.62","1.3","korekore-te-ngangana",NA,NA,NA
2025-12-10,NA,"Hamurana (bridge)","3","A",0.1,0,0,NA,NA,NA,"25.2",143.9,"2.62","1.3","korekore-te-ngangana",NA,NA,NA
2025-12-10,NA,"Hamurana (bridge)","1","B",0.1,2.32,0.04,NA,NA,NA,"25.2",143.9,"2.62","1.3","korekore-te-ngangana",NA,NA,NA
2025-12-10,NA,"Hamurana (bridge)","2","B",0.1,2.05,0.04,NA,NA,NA,"25.2",143.9,"2.62","1.3","korekore-te-ngangana",NA,NA,NA
2025-12-10,NA,"Hamurana (bridge)","3","B",0.1,1.7,0.05,NA,NA,NA,"25.2",143.9,"2.62","1.3","korekore-te-ngangana",NA,NA,NA
2025-12-10,NA,"Hamurana (West)","1","A",0.1,1.44,0.06,NA,NA,NA,"23.7",112.2,"3.32","0.89","korekore-te-ngangana",NA,NA,NA
2025-12-10,NA,"Hamurana (West)","2","A",0.1,2.22,0.04,NA,NA,NA,"23.7",112.2,"3.32","0.89","korekore-te-ngangana",NA,NA,NA
2025-12-10,NA,"Hamurana (West)","3","A",0.1,1.44,0.06,NA,NA,NA,"23.7",112.2,"3.32","0.89","korekore-te-ngangana",NA,NA,NA
2025-12-10,NA,"Hamurana (West)","1","B",0.1,3.14,0.03,NA,NA,NA,"23.7",112.2,"3.32","0.89","korekore-te-ngangana",NA,NA,NA
2025-12-10,NA,"Hamurana (West)","2","B",0.1,3.33,0.03,NA,NA,NA,"23.7",112.2,"3.32","0.89","korekore-te-ngangana",NA,NA,NA
2025-12-10,NA,"Hamurana (West)","3","B",0.1,3.37,0.02,NA,NA,NA,"23.7",112.2,"3.32","0.89","korekore-te-ngangana",NA,NA,NA
2025-12-10,NA,"Ngongotaha","1","A",1521.02,35.25,43.14,NA,NA,NA,"30.2",121.9,"74.48","3.57","korekore-te-ngangana",NA,"Algae bloom, flat",NA
2025-12-10,NA,"Ngongotaha","2","A",1499.22,35.84,41.83,NA,NA,NA,"30.2",121.9,"74.48","3.57","korekore-te-ngangana",NA,"Algae bloom, flat",NA
2025-12-10,NA,"Ngongotaha","3","A",1599.68,34.17,46.81,NA,NA,NA,"30.2",121.9,"74.48","3.57","korekore-te-ngangana",NA,"Algae bloom, flat",NA
2025-12-10,NA,"Ngongotaha","1","B",2134.25,57.74,36.96,NA,NA,NA,"30.2",121.9,"74.48","3.57","korekore-te-ngangana",NA,"Algae bloom, flat",NA
2025-12-10,NA,"Ngongotaha","2","B",2090.72,66.99,31.25,NA,NA,NA,"30.2",121.9,"74.48","3.57","korekore-te-ngangana",NA,"Algae bloom, flat",NA
2025-12-10,NA,"Ngongotaha","3","B",1784.23,56.57,31.54,NA,NA,NA,"30.2",121.9,"74.48","3.57","korekore-te-ngangana",NA,"Algae bloom, flat",NA
2025-12-10,NA,"Koutu","1","A",55.39,0,0,NA,NA,NA,"26.3",118.2,"11.69","0.91","korekore-te-ngangana",NA,NA,NA
2025-12-10,NA,"Koutu","2","A",40.52,0,0,NA,NA,NA,"26.3",118.2,"11.69","0.91","korekore-te-ngangana",NA,NA,NA
2025-12-10,NA,"Koutu","3","A",36.6,0,0,NA,NA,NA,"26.3",118.2,"11.69","0.91","korekore-te-ngangana",NA,NA,NA
2025-12-10,NA,"Koutu","1","B",77.3,2.9,26.65,NA,NA,NA,"26.3",118.2,"11.69","0.91","korekore-te-ngangana",NA,NA,NA
2025-12-10,NA,"Koutu","2","B",70.26,2.83,24.82,NA,NA,NA,"26.3",118.2,"11.69","0.91","korekore-te-ngangana",NA,NA,NA
2025-12-10,NA,"Koutu","3","B",55.39,2.51,22.06,NA,NA,NA,"26.3",118.2,"11.69","0.91","korekore-te-ngangana",NA,NA,NA
2025-12-10,NA,"Lake Front","1","A",0.1,0,0,NA,NA,NA,"28.1",100.9,"10.51","2.97","korekore-te-ngangana",NA,NA,NA
2025-12-10,NA,"Lake Front","2","A",0.1,0.1,1,NA,NA,NA,"28.1",100.9,"10.51","2.97","korekore-te-ngangana",NA,NA,NA
2025-12-10,NA,"Lake Front","3","A",0.1,0,0,NA,NA,NA,"28.1",100.9,"10.51","2.97","korekore-te-ngangana",NA,NA,NA
2025-12-10,NA,"Lake Front","1","B",0.1,4.89,0.02,NA,NA,NA,"28.1",100.9,"10.51","2.97","korekore-te-ngangana",NA,NA,NA
2025-12-10,NA,"Lake Front","2","B",0.1,4.81,0.02,NA,NA,NA,"28.1",100.9,"10.51","2.97","korekore-te-ngangana",NA,NA,NA
2025-12-10,NA,"Lake Front","3","B",0.1,4.35,0.02,NA,NA,NA,"28.1",100.9,"10.51","2.97","korekore-te-ngangana",NA,NA,NA
2025-12-12,NA,"Hannah's Bay","1","A",10.78,1.34,8.04,NA,NA,NA,"23.1",101.7,"3.4","0.31","Tangaroa-ā-mua","Sunny",NA,NA
2025-12-12,NA,"Hannah's Bay","2","A",0.1,0.85,0.11,NA,NA,NA,"23.1",101.7,"3.4","0.31","Tangaroa-ā-mua","Sunny",NA,NA
2025-12-12,NA,"Hannah's Bay","3","A",0.1,0.75,0.13,NA,NA,NA,"23.1",101.7,"3.4","0.31","Tangaroa-ā-mua","Sunny",NA,NA
2025-12-12,NA,"Hannah's Bay","1","B",0.1,3.49,0.02,NA,NA,NA,"23.1",101.7,"3.4","0.31","Tangaroa-ā-mua","Sunny",NA,NA
2025-12-12,NA,"Hannah's Bay","2","B",0.1,3.06,0.03,NA,NA,NA,"23.1",101.7,"3.4","0.31","Tangaroa-ā-mua","Sunny",NA,NA
2025-12-12,NA,"Hannah's Bay","3","B",0.1,3.29,0.03,NA,NA,NA,"23.1",101.7,"3.4","0.31","Tangaroa-ā-mua","Sunny",NA,NA
2025-12-12,NA,"Te Pōhue","1","A",0.1,0.9,0.11,NA,NA,NA,"22.7",99.9,"2.55","0.36","Tangaroa-ā-mua",NA,NA,NA
2025-12-12,NA,"Te Pōhue","2","A",0.1,0.65,0.15,NA,NA,NA,"22.7",99.9,"2.55","0.36","Tangaroa-ā-mua",NA,NA,NA
2025-12-12,NA,"Te Pōhue","3","A",0.1,0.6,0.16,NA,NA,NA,"22.7",99.9,"2.55","0.36","Tangaroa-ā-mua",NA,NA,NA
2025-12-12,NA,"Te Pōhue","1","B",0.1,3.53,0.02,NA,NA,NA,"22.7",99.9,"2.55","0.36","Tangaroa-ā-mua",NA,NA,NA
2025-12-12,NA,"Te Pōhue","2","B",0.1,2.83,0.03,NA,NA,NA,"22.7",99.9,"2.55","0.36","Tangaroa-ā-mua",NA,NA,NA
2025-12-12,NA,"Te Pōhue","3","B",0.1,2.9,0.03,NA,NA,NA,"22.7",99.9,"2.55","0.36","Tangaroa-ā-mua",NA,NA,NA
2025-12-12,NA,"Ohau Channel","1","A",0.1,0.7,0.14,NA,NA,NA,"22.5",103.8,"4.68","0.3","Tangaroa-ā-mua",NA,NA,NA
2025-12-12,NA,"Ohau Channel","2","A",0.1,0.6,0.16,NA,NA,NA,"22.5",103.8,"4.68","0.3","Tangaroa-ā-mua",NA,NA,NA
2025-12-12,NA,"Ohau Channel","3","A",0.1,0.55,0.18,NA,NA,NA,"22.5",103.8,"4.68","0.3","Tangaroa-ā-mua",NA,NA,NA
2025-12-12,NA,"Ohau Channel","1","B",0.1,3.06,0.03,NA,NA,NA,"22.5",103.8,"4.68","0.3","Tangaroa-ā-mua",NA,NA,NA
2025-12-12,NA,"Ohau Channel","2","B",0.1,2.9,0.03,NA,NA,NA,"22.5",103.8,"4.68","0.3","Tangaroa-ā-mua",NA,NA,NA
2025-12-12,NA,"Ohau Channel","3","B",0.1,3.22,0.03,NA,NA,NA,"22.5",103.8,"4.68","0.3","Tangaroa-ā-mua",NA,NA,NA
2025-12-12,NA,"Hamurana (East)","1","A",0.1,1.19,0.07,NA,NA,NA,"23.3",108.7,"2.54","0.51","Tangaroa-ā-mua",NA,NA,NA
2025-12-12,NA,"Hamurana (East)","2","A",0.1,1.1,0.02,NA,NA,NA,"23.3",108.7,"2.54","0.51","Tangaroa-ā-mua",NA,NA,NA
2025-12-12,NA,"Hamurana (East)","3","A",0.1,0.95,0.01,NA,NA,NA,"23.3",108.7,"2.54","0.51","Tangaroa-ā-mua",NA,NA,NA
2025-12-12,NA,"Hamurana (East)","1","B",0.1,3.2,0.03,NA,NA,NA,"23.3",108.7,"2.54","0.51","Tangaroa-ā-mua",NA,NA,NA
2025-12-12,NA,"Hamurana (East)","2","B",0.1,3.38,0.02,NA,NA,NA,"23.3",108.7,"2.54","0.51","Tangaroa-ā-mua",NA,NA,NA
2025-12-12,NA,"Hamurana (East)","3","B",0.1,4.67,0.05,NA,NA,NA,"23.3",108.7,"2.54","0.51","Tangaroa-ā-mua",NA,NA,NA
2025-12-12,NA,"Hamurana (bridge)","1","A",7,2.03,3.44,NA,NA,NA,"24.6",100.3,"5.95","0.65","Tangaroa-ā-mua",NA,NA,NA
2025-12-12,NA,"Hamurana (bridge)","2","A",26.43,3.4,7.77,NA,NA,NA,"24.6",100.3,"5.95","0.65","Tangaroa-ā-mua",NA,NA,NA
2025-12-12,NA,"Hamurana (bridge)","3","A",36.6,3.9,9.39,NA,NA,NA,"24.6",100.3,"5.95","0.65","Tangaroa-ā-mua",NA,NA,NA
2025-12-12,NA,"Hamurana (bridge)","1","B",11.56,6.96,1.66,NA,NA,NA,"24.6",100.3,"5.95","0.65","Tangaroa-ā-mua",NA,NA,NA
2025-12-12,NA,"Hamurana (bridge)","2","B",30.34,7.77,3.9,NA,NA,NA,"24.6",100.3,"5.95","0.65","Tangaroa-ā-mua",NA,NA,NA
2025-12-12,NA,"Hamurana (bridge)","3","B",23.3,7.7,3.02,NA,NA,NA,"24.6",100.3,"5.95","0.65","Tangaroa-ā-mua",NA,NA,NA
2025-12-12,NA,"Hamurana (West)","1","A",0.1,1.63,0.06,NA,NA,NA,"24.6",104.5,"4.84","0.53","Tangaroa-ā-mua",NA,NA,NA
2025-12-12,NA,"Hamurana (West)","2","A",0.1,1.29,0.07,NA,NA,NA,"24.6",104.5,"4.84","0.53","Tangaroa-ā-mua",NA,NA,NA
2025-12-12,NA,"Hamurana (West)","3","A",0.1,1.68,0.05,NA,NA,NA,"24.6",104.5,"4.84","0.53","Tangaroa-ā-mua",NA,NA,NA
2025-12-12,NA,"Hamurana (West)","1","B",0.1,4.11,0.02,NA,NA,NA,"24.6",104.5,"4.84","0.53","Tangaroa-ā-mua",NA,NA,NA
2025-12-12,NA,"Hamurana (West)","2","B",0.1,3.1,0.03,NA,NA,NA,"24.6",104.5,"4.84","0.53","Tangaroa-ā-mua",NA,NA,NA
2025-12-12,NA,"Hamurana (West)","3","B",0.1,3.37,0.02,NA,NA,NA,"24.6",104.5,"4.84","0.53","Tangaroa-ā-mua",NA,NA,NA
2025-12-12,NA,"Awahou (Tarimano)","1","A",0.1,12.01,0,NA,NA,NA,"23.3",128.6,"16.35","23.52","Tangaroa-ā-mua",NA,NA,NA
2025-12-12,NA,"Awahou (Tarimano)","2","A",0.1,10.14,0,NA,NA,NA,"23.3",128.6,"16.35","23.52","Tangaroa-ā-mua",NA,NA,NA
2025-12-12,NA,"Awahou (Tarimano)","3","A",0.1,10.54,0,NA,NA,NA,"23.3",128.6,"16.35","23.52","Tangaroa-ā-mua",NA,NA,NA
2025-12-12,NA,"Awahou (Tarimano)","1","B",0.1,33.75,0,NA,NA,NA,"23.3",128.6,"16.35","23.52","Tangaroa-ā-mua",NA,NA,NA
2025-12-12,NA,"Awahou (Tarimano)","2","B",0.1,27.41,0,NA,NA,NA,"23.3",128.6,"16.35","23.52","Tangaroa-ā-mua",NA,NA,NA
2025-12-12,NA,"Awahou (Tarimano)","3","B",0.1,55.09,0,NA,NA,NA,"23.3",128.6,"16.35","23.52","Tangaroa-ā-mua",NA,NA,NA
2025-12-12,NA,"Ngongotaha","1","A",0.1,6.4,0.01,NA,NA,NA,"23.4",107.5,"6.34","1.42","Tangaroa-ā-mua",NA,NA,NA
2025-12-12,NA,"Ngongotaha","2","A",0.1,2.37,0.04,NA,NA,NA,"23.4",107.5,"6.34","1.42","Tangaroa-ā-mua",NA,NA,NA
2025-12-12,NA,"Ngongotaha","3","A",0.1,1.39,0.07,NA,NA,NA,"23.4",107.5,"6.34","1.42","Tangaroa-ā-mua",NA,NA,NA
2025-12-12,NA,"Ngongotaha","1","B",0.1,6.22,0.01,NA,NA,NA,"23.4",107.5,"6.34","1.42","Tangaroa-ā-mua",NA,NA,NA
2025-12-12,NA,"Ngongotaha","2","B",0.1,5.9,0.01,NA,NA,NA,"23.4",107.5,"6.34","1.42","Tangaroa-ā-mua",NA,NA,NA
2025-12-12,NA,"Ngongotaha","3","B",0.1,7.19,0.01,NA,NA,NA,"23.4",107.5,"6.34","1.42","Tangaroa-ā-mua",NA,NA,NA
2025-12-12,NA,"Koutu","1","A",17.82,2.08,8.56,NA,NA,NA,"24.5",105.7,"4.9","0.56","Tangaroa-ā-mua",NA,NA,NA
2025-12-12,NA,"Koutu","2","A",15.47,1.63,9.49,NA,NA,NA,"24.5",105.7,"4.9","0.56","Tangaroa-ā-mua",NA,NA,NA
2025-12-12,NA,"Koutu","3","A",11.56,1.44,8.02,NA,NA,NA,"24.5",105.7,"4.9","0.56","Tangaroa-ā-mua",NA,NA,NA
2025-12-12,NA,"Koutu","1","B",0.1,3.68,0.02,NA,NA,NA,"24.5",105.7,"4.9","0.56","Tangaroa-ā-mua",NA,NA,NA
2025-12-12,NA,"Koutu","2","B",0.1,3.45,0.02,NA,NA,NA,"24.5",105.7,"4.9","0.56","Tangaroa-ā-mua",NA,NA,NA
2025-12-12,NA,"Koutu","3","B",17.82,4.23,4.21,NA,NA,NA,"24.5",105.7,"4.9","0.56","Tangaroa-ā-mua",NA,NA,NA
2025-12-12,NA,"Lake Front","1","A",0.1,2.62,0.03,NA,NA,NA,"25",82.5,"12.02","2.38","Tangaroa-ā-mua",NA,NA,NA
2025-12-12,NA,"Lake Front","2","A",0.1,1.98,0.05,NA,NA,NA,"25",82.5,"12.02","2.38","Tangaroa-ā-mua",NA,NA,NA
2025-12-12,NA,"Lake Front","3","A",0.1,1.68,0.05,NA,NA,NA,"25",82.5,"12.02","2.38","Tangaroa-ā-mua",NA,NA,NA
2025-12-12,NA,"Lake Front","1","B",0.1,8.16,0.01,NA,NA,NA,"25",82.5,"12.02","2.38","Tangaroa-ā-mua",NA,NA,NA
2025-12-12,NA,"Lake Front","2","B",0.1,7.35,0.01,NA,NA,NA,"25",82.5,"12.02","2.38","Tangaroa-ā-mua",NA,NA,NA
2025-12-12,NA,"Lake Front","3","B",0.1,6.33,0.01,NA,NA,NA,"25",82.5,"12.02","2.38","Tangaroa-ā-mua",NA,NA,NA
2025-12-15,NA,"Hannah's Bay","1","A",0.1,1.63,0.06,NA,NA,NA,"20.7",94.4,"2.45","0.77",NA,"Cloudy, windy",NA,NA
2025-12-15,NA,"Hannah's Bay","2","A",0.1,0.9,0.11,NA,NA,NA,"20.7",94.4,"2.45","0.77",NA,"Cloudy, windy",NA,NA
2025-12-15,NA,"Hannah's Bay","3","A",0.1,0.6,0.16,NA,NA,NA,"20.7",94.4,"2.45","0.77",NA,"Cloudy, windy",NA,NA
2025-12-15,NA,"Hannah's Bay","1","B",85.91,5.9,14.56,NA,NA,NA,"20.7",94.4,"2.45","0.77",NA,"Cloudy, windy",NA,NA
2025-12-15,NA,"Hannah's Bay","2","B",67.91,5.36,12.66,NA,NA,NA,"20.7",94.4,"2.45","0.77",NA,"Cloudy, windy",NA,NA
2025-12-15,NA,"Hannah's Bay","3","B",50.69,4.62,10.97,NA,NA,NA,"20.7",94.4,"2.45","0.77",NA,"Cloudy, windy",NA,NA
2025-12-15,NA,"Te Pōhue","1","A",0.1,1.14,0.08,NA,NA,NA,"21.7",102.7,"2.59","0.37",NA,NA,NA,NA
2025-12-15,NA,"Te Pōhue","2","A",0.1,0.9,0.11,NA,NA,NA,"21.7",102.7,"2.59","0.37",NA,NA,NA,NA
2025-12-15,NA,"Te Pōhue","3","A",0.1,1.09,0.09,NA,NA,NA,"21.7",102.7,"2.59","0.37",NA,NA,NA,NA
2025-12-15,NA,"Te Pōhue","1","B",70.26,2.05,34.27,NA,NA,NA,"21.7",102.7,"2.59","0.37",NA,NA,NA,NA
2025-12-15,NA,"Te Pōhue","2","B",18.6,3.29,5.65,NA,NA,NA,"21.7",102.7,"2.59","0.37",NA,NA,NA,NA
2025-12-15,NA,"Te Pōhue","3","B",1,0.41,2.43,NA,NA,NA,"21.7",102.7,"2.59","0.37",NA,NA,NA,NA
2025-12-15,NA,"Ohau Channel","1","A",0.1,0,0,NA,NA,NA,"21.1",95.9,"3.59","0.19",NA,NA,NA,NA
2025-12-15,NA,"Ohau Channel","2","A",0.1,0,0,NA,NA,NA,"21.1",95.9,"3.59","0.19",NA,NA,NA,NA
2025-12-15,NA,"Ohau Channel","3","A",0.1,0,0,NA,NA,NA,"21.1",95.9,"3.59","0.19",NA,NA,NA,NA
2025-12-15,NA,"Ohau Channel","1","B",0.1,2.2,0.04,NA,NA,NA,"21.1",95.9,"3.59","0.19",NA,NA,NA,NA
2025-12-15,NA,"Ohau Channel","2","B",0.1,1.81,0.05,NA,NA,NA,"21.1",95.9,"3.59","0.19",NA,NA,NA,NA
2025-12-15,NA,"Ohau Channel","3","B",0.1,1.36,0.07,NA,NA,NA,"21.1",95.9,"3.59","0.19",NA,NA,NA,NA
2025-12-15,NA,"Hamurana (East)","1","A",0.1,0,0,NA,NA,NA,"21.8",99.3,"5.84","0.44",NA,NA,NA,NA
2025-12-15,NA,"Hamurana (East)","2","A",0.1,0,0,NA,NA,NA,"21.8",99.3,"5.84","0.44",NA,NA,NA,NA
2025-12-15,NA,"Hamurana (East)","3","A",0.1,0,0,NA,NA,NA,"21.8",99.3,"5.84","0.44",NA,NA,NA,NA
2025-12-15,NA,"Hamurana (East)","1","B",0.1,2.51,0.03,NA,NA,NA,"21.8",99.3,"5.84","0.44",NA,NA,NA,NA
2025-12-15,NA,"Hamurana (East)","2","B",0.1,2.28,0.04,NA,NA,NA,"21.8",99.3,"5.84","0.44",NA,NA,NA,NA
2025-12-15,NA,"Hamurana (East)","3","B",0.1,2.05,0.04,NA,NA,NA,"21.8",99.3,"5.84","0.44",NA,NA,NA,NA
2025-12-15,NA,"Hamurana (bridge)","1","A",2.5,2.08,1.2,NA,NA,NA,"16.8",129.3,"2.08","1.02",NA,NA,NA,NA
2025-12-15,NA,"Hamurana (bridge)","2","A",0.1,0.2,0.5,NA,NA,NA,"16.8",129.3,"2.08","1.02",NA,NA,NA,NA
2025-12-15,NA,"Hamurana (bridge)","3","A",31.91,0.85,37.54,NA,NA,NA,"16.8",129.3,"2.08","1.02",NA,NA,NA,NA
2025-12-15,NA,"Hamurana (bridge)","1","B",28.78,4.93,5.83,NA,NA,NA,"16.8",129.3,"2.08","1.02",NA,NA,NA,NA
2025-12-15,NA,"Hamurana (bridge)","2","B",28,5.26,5.38,NA,NA,NA,"16.8",129.3,"2.08","1.02",NA,NA,NA,NA
2025-12-15,NA,"Hamurana (bridge)","3","B",25.65,5.28,4.85,NA,NA,NA,"16.8",129.3,"2.08","1.02",NA,NA,NA,NA
2025-12-15,NA,"Hamurana (West)","1","A",0.1,1.09,0.09,NA,NA,NA,"23.4",109.9,"1.98","1",NA,NA,NA,NA
2025-12-15,NA,"Hamurana (West)","2","A",0.1,0.1,1,NA,NA,NA,"23.4",109.9,"1.98","1",NA,NA,NA,NA
2025-12-15,NA,"Hamurana (West)","3","A",0.1,0.45,0.22,NA,NA,NA,"23.4",109.9,"1.98","1",NA,NA,NA,NA
2025-12-15,NA,"Hamurana (West)","1","B",0.1,5.05,0.01,NA,NA,NA,"23.4",109.9,"1.98","1",NA,NA,NA,NA
2025-12-15,NA,"Hamurana (West)","2","B",0.1,5.16,0.01,NA,NA,NA,"23.4",109.9,"1.98","1",NA,NA,NA,NA
2025-12-15,NA,"Hamurana (West)","3","B",0.1,3.16,0.02,NA,NA,NA,"14.9",99.5,"0.81","0.11",NA,NA,NA,NA
2025-12-15,NA,"Awahou (Tarimano)","1","A",14.69,1.59,9.23,NA,NA,NA,NA,NA,NA,NA,NA,NA,NA,NA
2025-12-15,NA,"Awahou (Tarimano)","2","A",30.34,1.63,18.61,NA,NA,NA,NA,NA,NA,NA,NA,NA,NA,NA
2025-12-15,NA,"Awahou (Tarimano)","3","A",51.47,2.72,18.92,NA,NA,NA,NA,NA,NA,NA,NA,NA,NA,NA
2025-12-15,NA,"Awahou (Tarimano)","1","B",0.1,1.74,0.05,NA,NA,NA,NA,NA,NA,NA,NA,NA,NA,NA
2025-12-15,NA,"Awahou (Tarimano)","2","B",0.1,1.85,0.05,NA,NA,NA,NA,NA,NA,NA,NA,NA,NA,NA
2025-12-15,NA,"Awahou (Tarimano)","3","B",0.1,2.45,0.04,NA,NA,NA,NA,NA,NA,NA,NA,NA,NA,NA
2025-12-15,NA,"Ngongotaha","1","A",0.1,0.6,0.16,NA,NA,NA,"20.4",108.5,"3.16","0.49",NA,NA,NA,NA
2025-12-15,NA,"Ngongotaha","2","A",0.1,0,0,NA,NA,NA,"20.4",108.5,"3.16","0.49",NA,NA,NA,NA
2025-12-15,NA,"Ngongotaha","3","A",0.1,1.54,0.06,NA,NA,NA,"20.4",108.5,"3.16","0.49",NA,NA,NA,NA
2025-12-15,NA,"Ngongotaha","1","B",21.73,2.4,9.05,NA,NA,NA,"20.4",108.5,"3.16","0.49",NA,NA,NA,NA
2025-12-15,NA,"Ngongotaha","2","B",5.5,1.15,4.78,NA,NA,NA,"20.4",108.5,"3.16","0.49",NA,NA,NA,NA
2025-12-15,NA,"Ngongotaha","3","B",0.1,0.03,3.33,NA,NA,NA,"20.4",108.5,"3.16","0.49",NA,NA,NA,NA
2025-12-15,NA,"Koutu","1","A",0.1,0,0,NA,NA,NA,"22.2",104.7,"3.76","0.48",NA,NA,NA,NA
2025-12-15,NA,"Koutu","2","A",0.1,0,0,NA,NA,NA,"22.2",104.7,"3.76","0.48",NA,NA,NA,NA
2025-12-15,NA,"Koutu","3","A",0.1,0,0,NA,NA,NA,"22.2",104.7,"3.76","0.48",NA,NA,NA,NA
2025-12-15,NA,"Koutu","1","B",0.1,2.55,0.03,NA,NA,NA,"22.2",104.7,"3.76","0.48",NA,NA,NA,NA
2025-12-15,NA,"Koutu","2","B",0.1,3.02,0.03,NA,NA,NA,"22.2",104.7,"3.76","0.48",NA,NA,NA,NA
2025-12-15,NA,"Koutu","3","B",0.1,2.87,0.03,NA,NA,NA,"22.2",104.7,"3.76","0.48",NA,NA,NA,NA
2025-12-15,NA,"Lake Front","1","A",4,2.72,1.47,NA,NA,NA,"22.2",84.6,"36.34","4.23",NA,NA,NA,NA
2025-12-15,NA,"Lake Front","2","A",42.86,3.9,10.98,NA,NA,NA,"22.2",84.6,"36.34","4.23",NA,NA,NA,NA
2025-12-15,NA,"Lake Front","3","A",0.1,4.93,0.02,NA,NA,NA,"22.2",84.6,"36.34","4.23",NA,NA,NA,NA
2025-12-15,NA,"Lake Front","1","B",77.3,12.17,6.35,NA,NA,NA,"22.2",84.6,"36.34","4.23",NA,NA,NA,NA
2025-12-15,NA,"Lake Front","2","B",82,12.72,6.44,NA,NA,NA,"22.2",84.6,"36.34","4.23",NA,NA,NA,NA
2025-12-15,NA,"Lake Front","3","B",91.39,13.46,6.78,NA,NA,NA,"22.2",84.6,"36.34","4.23",NA,NA,NA,NA
2025-12-17,NA,"Hannah's Bay","1","A",0.1,0,0,NA,NA,NA,"20",101.8,"2.85","0.52",NA,"cloudy,partly sunny",NA,NA
2025-12-17,NA,"Hannah's Bay","2","A",0.1,0,0,NA,NA,NA,"20",101.8,"2.85","0.52",NA,"cloudy,partly sunny",NA,NA
2025-12-17,NA,"Hannah's Bay","3","A",0.1,0,0,NA,NA,NA,"20",101.8,"2.85","0.52",NA,"cloudy,partly sunny",NA,NA
2025-12-17,NA,"Te Pōhue","1","A",31.13,0.05,622.6,NA,NA,NA,"19.7",98.3,"21.61","2.39",NA,NA,NA,NA
2025-12-17,NA,"Te Pōhue","2","A",28.78,0.45,63.95,NA,NA,NA,"19.7",98.3,"21.61","2.39",NA,NA,NA,NA
2025-12-17,NA,"Te Pōhue","3","A",20.17,1.14,17.69,NA,NA,NA,"19.7",98.3,"21.61","2.39",NA,NA,NA,NA
2025-12-17,NA,"Ohau Channel","1","A",0.1,1.44,0.06,NA,NA,NA,"20.1",102,"9.45","0.59",NA,NA,NA,NA
2025-12-17,NA,"Ohau Channel","2","A",0.1,0.1,1,NA,NA,NA,"20.1",102,"9.45","0.59",NA,NA,NA,NA
2025-12-17,NA,"Ohau Channel","3","A",0.1,0,0,NA,NA,NA,"20.1",102,"9.45","0.59",NA,NA,NA,NA
2025-12-17,NA,"Hamurana (East)","1","A",0.1,0,0,NA,NA,NA,"18.9",100.1,"12.06","6.84",NA,NA,NA,NA
2025-12-17,NA,"Hamurana (East)","2","A",0.1,1.24,0.08,NA,NA,NA,"18.9",100.1,"12.06","6.84",NA,NA,NA,NA
2025-12-17,NA,"Hamurana (East)","3","A",0.1,0,0,NA,NA,NA,"18.9",100.1,"12.06","6.84",NA,NA,NA,NA
2025-12-17,NA,"Hamurana (bridge)","1","A",0.1,0.95,0.1,NA,NA,NA,"21.3",107.1,"12.31","4.15",NA,NA,NA,NA
2025-12-17,NA,"Hamurana (bridge)","2","A",0.1,1.29,0.07,NA,NA,NA,"21.3",107.1,"12.31","4.15",NA,NA,NA,NA
2025-12-17,NA,"Hamurana (bridge)","3","A",0.1,1,0.1,NA,NA,NA,"21.3",107.1,"12.31","4.15",NA,NA,NA,NA
2025-12-17,NA,"Hamurana (West)","1","A",0.1,0,0,NA,NA,NA,"21.1",102.8,"4.07","0.58",NA,NA,NA,NA
2025-12-17,NA,"Hamurana (West)","2","A",0.1,0,0,NA,NA,NA,"21.1",102.8,"4.07","0.58",NA,NA,NA,NA
2025-12-17,NA,"Hamurana (West)","3","A",0.1,0,0,NA,NA,NA,"21.1",102.8,"4.07","0.58",NA,NA,NA,NA
2025-12-17,NA,"Awahou (Tarimano)","1","A",0.1,0,0,NA,NA,NA,"21.6",117.4,"10.8","2.44",NA,NA,NA,NA
2025-12-17,NA,"Awahou (Tarimano)","2","A",0.1,0,0,NA,NA,NA,"21.6",117.4,"10.8","2.44",NA,NA,NA,NA
2025-12-17,NA,"Awahou (Tarimano)","3","A",0.1,0,0,NA,NA,NA,"21.6",117.4,"10.8","2.44",NA,NA,NA,NA
2025-12-17,NA,"Ngongotaha","1","A",0.1,0,0,NA,NA,NA,"21.2",109.3,"0.82","0.45",NA,NA,NA,NA
2025-12-17,NA,"Ngongotaha","2","A",0.1,0,0,NA,NA,NA,"21.2",109.3,"0.82","0.45",NA,NA,NA,NA
2025-12-17,NA,"Ngongotaha","3","A",0.1,0,0,NA,NA,NA,"21.2",109.3,"0.82","0.45",NA,NA,NA,NA
2025-12-17,NA,"Koutu","1","A",0.1,1.09,0.09,NA,NA,NA,"21.2",109.9,"2.02","2.15",NA,NA,NA,NA
2025-12-17,NA,"Koutu","2","A",0.1,0,0,NA,NA,NA,"21.2",109.9,"2.02","2.15",NA,NA,NA,NA
2025-12-17,NA,"Koutu","3","A",0.1,0,0,NA,NA,NA,"21.2",109.9,"2.02","2.15",NA,NA,NA,NA
2025-12-17,NA,"Lake Front","1","A",0.1,0,0,NA,NA,NA,"19.3",84.8,"6.61","0.46",NA,NA,NA,NA
2025-12-17,NA,"Lake Front","2","A",0.1,0,0,NA,NA,NA,"19.3",84.8,"6.61","0.46",NA,NA,NA,NA
2025-12-17,NA,"Lake Front","3","A",0.1,0,0,NA,NA,NA,"19.3",84.8,"6.61","0.46",NA,NA,NA,NA
2025-12-19,NA,"Hannah's Bay","1","A",0.1,0,0,NA,NA,NA,"19.8",96.9,"2.34","0.2",NA,"Cloudy, partial rains",NA,NA
2025-12-19,NA,"Hannah's Bay","2","A",0.1,0,0,NA,NA,NA,"19.8",96.9,"2.34","0.2",NA,"Cloudy, partial rains",NA,NA
2025-12-19,NA,"Hannah's Bay","3","A",0.1,0,0,NA,NA,NA,"19.8",96.9,"2.34","0.2",NA,"Cloudy, partial rains",NA,NA
2025-12-19,NA,"Hannah's Bay","1","B",0.1,1.5,0.05,NA,NA,NA,"19.8",96.9,"2.34","0.2",NA,"Cloudy, partial rains",NA,NA
2025-12-19,NA,"Hannah's Bay","2","B",0.1,1.11,0.09,NA,NA,NA,"19.8",96.9,"2.34","0.2",NA,"Cloudy, partial rains",NA,NA
2025-12-19,NA,"Hannah's Bay","3","B",0.1,1.23,0.06,NA,NA,NA,"19.8",96.9,"2.34","0.2",NA,"Cloudy, partial rains",NA,NA
2025-12-19,NA,"Te Pōhue","1","A",0.1,0,0,NA,NA,NA,"19",101.4,"11.43","1.27",NA,NA,NA,NA
2025-12-19,NA,"Te Pōhue","2","A",3.25,0,0,NA,NA,NA,"19",101.4,"11.43","1.27",NA,NA,NA,NA
2025-12-19,NA,"Te Pōhue","3","A",2.5,0,0,NA,NA,NA,"19",101.4,"11.43","1.27",NA,NA,NA,NA
2025-12-19,NA,"Te Pōhue","1","B",0.1,2.48,0.04,NA,NA,NA,"19",101.4,"11.43","1.27",NA,NA,NA,NA
2025-12-19,NA,"Te Pōhue","2","B",0.1,2.9,0.03,NA,NA,NA,"19",101.4,"11.43","1.27",NA,NA,NA,NA
2025-12-19,NA,"Te Pōhue","3","B",0.1,2.59,0.03,NA,NA,NA,"19",101.4,"11.43","1.27",NA,NA,NA,NA
2025-12-19,NA,"Ohau Channel","1","A",0.1,0.65,0.15,NA,NA,NA,"19.5",103.2,"6.81","1.48",NA,NA,NA,NA
2025-12-19,NA,"Ohau Channel","2","A",0.1,0,0,NA,NA,NA,"19.5",103.2,"6.81","1.48",NA,NA,NA,NA
2025-12-19,NA,"Ohau Channel","3","A",0.1,0,0,NA,NA,NA,"19.5",103.2,"6.81","1.48",NA,NA,NA,NA
2025-12-19,NA,"Ohau Channel","1","B",0.1,3.29,0.03,NA,NA,NA,"19.5",103.2,"6.81","1.48",NA,NA,NA,NA
2025-12-19,NA,"Ohau Channel","2","B",0.1,2.94,0.03,NA,NA,NA,"19.5",103.2,"6.81","1.48",NA,NA,NA,NA
2025-12-19,NA,"Ohau Channel","3","B",0.1,2.63,0.03,NA,NA,NA,"19.5",103.2,"6.81","1.48",NA,NA,NA,NA
2025-12-19,NA,"Hamurana (East)","1","A",0.1,0.05,2,NA,NA,NA,"17.9",106,"3.05","0.97",NA,NA,NA,NA
2025-12-19,NA,"Hamurana (East)","2","A",0.1,0,0,NA,NA,NA,"17.9",106,"3.05","0.97",NA,NA,NA,NA
2025-12-19,NA,"Hamurana (East)","3","A",0.1,0,0,NA,NA,NA,"17.9",106,"3.05","0.97",NA,NA,NA,NA
2025-12-19,NA,"Hamurana (East)","1","B",0.1,2.83,0.03,NA,NA,NA,"17.9",106,"3.05","0.97",NA,NA,NA,NA
2025-12-19,NA,"Hamurana (East)","2","B",0.1,2.28,0.04,NA,NA,NA,"17.9",106,"3.05","0.97",NA,NA,NA,NA
2025-12-19,NA,"Hamurana (East)","3","B",0.1,2.32,0.04,NA,NA,NA,"19.8",110.5,"2.26","0.87",NA,NA,NA,NA
2025-12-19,NA,"Hamurana (bridge)","1","A",0.1,0,0,NA,NA,NA,NA,NA,NA,NA,NA,NA,NA,NA
2025-12-19,NA,"Hamurana (bridge)","2","A",0.1,0,0,NA,NA,NA,NA,NA,NA,NA,NA,NA,NA,NA
2025-12-19,NA,"Hamurana (bridge)","3","A",0.1,0,0,NA,NA,NA,NA,NA,NA,NA,NA,NA,NA,NA
2025-12-19,NA,"Hamurana (bridge)","1","B",0.1,2.67,0.03,NA,NA,NA,NA,NA,NA,NA,NA,NA,NA,NA
2025-12-19,NA,"Hamurana (bridge)","2","B",0.1,2.83,0.03,NA,NA,NA,NA,NA,NA,NA,NA,NA,NA,NA
2025-12-19,NA,"Hamurana (bridge)","3","B",0.1,3.37,0.02,NA,NA,NA,NA,NA,NA,NA,NA,NA,NA,NA
2025-12-19,NA,"Hamurana (West)","1","A",0.1,0,0,NA,NA,NA,"19.8",105.4,"0.69","0.53",NA,NA,NA,NA
2025-12-19,NA,"Hamurana (West)","2","A",0.1,0,0,NA,NA,NA,"19.8",105.4,"0.69","0.53",NA,NA,NA,NA
2025-12-19,NA,"Hamurana (West)","3","A",0.1,0,0,NA,NA,NA,"19.8",105.4,"0.69","0.53",NA,NA,NA,NA
2025-12-19,NA,"Hamurana (West)","1","B",0.1,2.16,0.04,NA,NA,NA,"19.8",105.4,"0.69","0.53",NA,NA,NA,NA
2025-12-19,NA,"Hamurana (West)","2","B",0.1,1.66,0.06,NA,NA,NA,"19.8",105.4,"0.69","0.53",NA,NA,NA,NA
2025-12-19,NA,"Hamurana (West)","3","B",0.1,1.7,0.05,NA,NA,NA,"19.8",105.4,"0.69","0.53",NA,NA,NA,NA
2025-12-19,NA,"Awahou (Tarimano)","1","A",0.1,0,0,NA,NA,NA,"18.7",114.5,"0.79","0.37",NA,NA,NA,NA
2025-12-19,NA,"Awahou (Tarimano)","2","A",0.1,0,0,NA,NA,NA,"18.7",114.5,"0.79","0.37",NA,NA,NA,NA
2025-12-19,NA,"Awahou (Tarimano)","3","A",0.1,0,0,NA,NA,NA,"18.7",114.5,"0.79","0.37",NA,NA,NA,NA
2025-12-19,NA,"Awahou (Tarimano)","1","B",0.1,1.31,0.07,NA,NA,NA,"18.7",114.5,"0.79","0.37",NA,NA,NA,NA
2025-12-19,NA,"Awahou (Tarimano)","2","B",0.1,1.97,0.05,NA,NA,NA,"18.7",114.5,"0.79","0.37",NA,NA,NA,NA
2025-12-19,NA,"Awahou (Tarimano)","3","B",0.1,1.62,0.06,NA,NA,NA,"18.7",114.5,"0.79","0.37",NA,NA,NA,NA
2025-12-19,NA,"Ngongotaha","1","A",0.1,0,0,NA,NA,NA,"19.7",103.8,"0.74","0.7",NA,NA,NA,NA
2025-12-19,NA,"Ngongotaha","2","A",0.1,0,0,NA,NA,NA,"19.7",103.8,"0.74","0.7",NA,NA,NA,NA
2025-12-19,NA,"Ngongotaha","3","A",0.1,0,0,NA,NA,NA,"19.7",103.8,"0.74","0.7",NA,NA,NA,NA
2025-12-19,NA,"Ngongotaha","1","B",0.1,1.7,0.05,NA,NA,NA,"19.7",103.8,"0.74","0.7",NA,NA,NA,NA
2025-12-19,NA,"Ngongotaha","2","B",0.1,1.35,0.07,NA,NA,NA,"19.7",103.8,"0.74","0.7",NA,NA,NA,NA
2025-12-19,NA,"Ngongotaha","3","B",0.1,1,0.1,NA,NA,NA,"19.7",103.8,"0.74","0.7",NA,NA,NA,NA
2025-12-19,NA,"Koutu","1","A",8.5,0.7,12.14,NA,NA,NA,"19.5",104.3,"1.31","1.27",NA,NA,NA,NA
2025-12-19,NA,"Koutu","2","A",0.1,0.3,0.33,NA,NA,NA,"19.5",104.3,"1.31","1.27",NA,NA,NA,NA
2025-12-19,NA,"Koutu","3","A",0.1,0.2,0.5,NA,NA,NA,"19.5",104.3,"1.31","1.27",NA,NA,NA,NA
2025-12-19,NA,"Koutu","1","B",0.1,2.75,0.03,NA,NA,NA,"19.5",104.3,"1.31","1.27",NA,NA,NA,NA
2025-12-19,NA,"Koutu","2","B",0.1,2.48,0.04,NA,NA,NA,"19.5",104.3,"1.31","1.27",NA,NA,NA,NA
2025-12-19,NA,"Koutu","3","B",0.1,2.75,0.03,NA,NA,NA,"19.5",104.3,"1.31","1.27",NA,NA,NA,NA
2025-12-19,NA,"Lake Front","1","A",0.1,1.19,0.08,NA,NA,NA,"20.6",86.3,"10.03","1.9",NA,NA,NA,NA
2025-12-19,NA,"Lake Front","2","A",0.1,1.09,0.09,NA,NA,NA,"20.6",86.3,"10.03","1.9",NA,NA,NA,NA
2025-12-19,NA,"Lake Front","3","A",0.1,0.9,0.11,NA,NA,NA,"20.6",86.3,"10.03","1.9",NA,NA,NA,NA
2025-12-19,NA,"Lake Front","1","B",0.1,3.33,0.03,NA,NA,NA,"20.6",86.3,"10.03","1.9",NA,NA,NA,NA
2025-12-19,NA,"Lake Front","2","B",0.1,3.25,0.03,NA,NA,NA,"20.6",86.3,"10.03","1.9",NA,NA,NA,NA
2025-12-19,NA,"Lake Front","3","B",0.1,3.45,0.02,NA,NA,NA,"20.6",86.3,"10.03","1.9",NA,NA,NA,NA
