"Date","Time","Site","Rep","FQ_ID","FQ_PH","FQ_chl","FQ_ratio","CF_PH","CF_chl","CF_ratio","temperature_C","DO_pct","turbidity","chl_RFU","maramataka","weather_description","water_description","Notes"
2025-01-20,"9:45","Hannah's Bay",1,"A",0.1,6.7,0.01,1749.2,7104.5,0.24,21.3,102.3,1.4,2.75,"Korekore-piri-ki-ng?-Tangaroa ","Overcast, fine spells. ","Murky, slight wave action with wind. ",NA
2025-01-20,"9:45","Hannah's Bay",2,"A",0.1,8.91,0.01,1953.3,7560.6,0.25,21.3,102.3,1.4,2.75,"Korekore-piri-ki-ng?-Tangaroa ","Overcast, fine spells. ","Murky, slight wave action with wind. ",NA
2025-01-20,"9:45","Hannah's Bay",3,"A",0.1,8.57,0.01,2092.5,6816.5,0.3,21.3,102.3,1.4,2.75,"Korekore-piri-ki-ng?-Tangaroa ","Overcast, fine spells. ","Murky, slight wave action with wind. ",NA
2025-01-20,"10:40","Te P?hue",1,NA,0.1,0.75,0.13,120.9,630.67,0.19,22.2,88.5,0.45,0.31,"Korekore-piri-ki-ng?-Tangaroa ",NA,"Clear, little wave action",NA
2025-01-20,"10:40","Te P?hue",2,NA,0.1,0.35,0.28,29.57,519.35,0.05,22.2,88.5,0.45,0.31,"Korekore-piri-ki-ng?-Tangaroa ",NA,"Clear, little wave action",NA
2025-01-20,"10:40","Te P?hue",3,NA,0.1,0.7,0.14,0.69,602.74,0.001,22.2,88.5,0.45,0.31,"Korekore-piri-ki-ng?-Tangaroa ",NA,"Clear, little wave action",NA
2025-01-20,"10:53","Ohau Channel",1,NA,0.1,2.77,0.03,265.77,839.96,0.31,20.2,80.6,1.02,0.5,"Korekore-piri-ki-ng?-Tangaroa ",NA,"Clear, slight wave action",NA
2025-01-20,"10:53","Ohau Channel",2,NA,0.1,2.22,0.04,440.97,906.26,0.48,20.2,80.6,1.02,0.5,"Korekore-piri-ki-ng?-Tangaroa ",NA,"Clear, slight wave action",NA
2025-01-20,"10:53","Ohau Channel",3,NA,0.1,1.68,0.05,98.1,2255.6,0.13,20.2,80.6,1.02,0.5,"Korekore-piri-ki-ng?-Tangaroa ",NA,"Clear, slight wave action",NA
2025-01-20,"11:23","Hamurana (bridge)",1,NA,0.1,2.03,0.04,98.24,558.29,0.17,19.1,146.3,0.79,0.43,"Korekore-piri-ki-ng?-Tangaroa ",NA,"Murky, slight wave action with wind. ",NA
2025-01-20,"11:23","Hamurana (bridge)",2,NA,0.1,2.23,0.04,239.72,1004.7,0.23,19.1,146.3,0.79,0.43,"Korekore-piri-ki-ng?-Tangaroa ",NA,"Murky, slight wave action with wind. ",NA
2025-01-20,"11:23","Hamurana (bridge)",3,NA,0.1,1.34,0.07,170.98,1013.5,0.16,19.1,146.3,0.79,0.43,"Korekore-piri-ki-ng?-Tangaroa ",NA,"Murky, slight wave action with wind. ",NA
2025-01-20,"11:39","Hamurana (West)",1,NA,0.1,1.49,0.06,109.91,509.35,0.21,21.8,124.5,0.6,0.28,"Korekore-piri-ki-ng?-Tangaroa ",NA,"Murky, slight wave action with wind. ",NA
2025-01-20,"11:39","Hamurana (West)",2,NA,0.1,2.13,0.04,66.6,593.97,0.11,21.8,124.5,0.6,0.28,"Korekore-piri-ki-ng?-Tangaroa ",NA,"Murky, slight wave action with wind. ",NA
2025-01-20,"11:39","Hamurana (West)",3,NA,0.1,1.98,0.05,92.02,699.59,0.13,21.8,124.5,0.6,0.28,"Korekore-piri-ki-ng?-Tangaroa ",NA,"Murky, slight wave action with wind. ",NA
2025-01-20,"11:56","Awahou (Tarimano)",1,NA,64,1.78,35.95,72.12,315.75,0.22,14.7,100.1,0.81,0.07,"Korekore-piri-ki-ng?-Tangaroa ",NA,"Clear, little wave action",NA
2025-01-20,"11:56","Awahou (Tarimano)",2,NA,17.04,0.94,NA,92.71,215.45,0.43,14.7,100.1,0.81,0.07,"Korekore-piri-ki-ng?-Tangaroa ",NA,"Clear, little wave action",NA
2025-01-20,"11:56","Awahou (Tarimano)",3,NA,0.1,2.27,0.04,36.41,167.45,0.21,14.7,100.1,0.81,0.07,"Korekore-piri-ki-ng?-Tangaroa ",NA,"Clear, little wave action",NA
2025-01-20,"12:28","Ngongotaha",1,NA,0.1,1.48,0.05,425.34,1112.3,0.2,19.5,109.8,2.92,0.41,"Korekore-piri-ki-ng?-Tangaroa ",NA,"moderate wave action, murky water",NA
2025-01-20,"12:28","Ngongotaha",2,NA,0.1,2.33,0.06,388.05,1471.4,0.43,19.5,109.8,2.92,0.41,"Korekore-piri-ki-ng?-Tangaroa ",NA,"moderate wave action, murky water",NA
2025-01-20,"12:28","Ngongotaha",3,NA,0.1,1.09,0.05,561.02,1702.2,0.33,19.5,109.8,2.92,0.41,"Korekore-piri-ki-ng?-Tangaroa ",NA,"moderate wave action, murky water",NA
2025-01-20,"12:53","Lake Front",1,NA,0.1,9.7,0.01,1555.6,5695.8,0.27,20.9,142.1,3.95,0.77,"Korekore-piri-ki-ng?-Tangaroa ",NA,"moderate wave action, murky water",NA
2025-01-20,"12:53","Lake Front",2,NA,0.1,7.93,0.01,1572,5353.9,0.2,20.9,142.1,3.95,0.77,"Korekore-piri-ki-ng?-Tangaroa ",NA,"moderate wave action, murky water",NA
2025-01-20,"12:53","Lake Front",3,NA,0.1,6.36,0.01,1557,4443.2,0.35,20.9,142.1,3.95,0.77,"Korekore-piri-ki-ng?-Tangaroa ",NA,"moderate wave action, murky water",NA
2025-01-22,"10:27","Hannah's Bay",1,"A",0.1,5.47,0.01,891.47,9226.6,0.09,20,99.9,11.1,1.93,"Tangaroa-?-roto ","Overcast/fine spells , Southeasterlies","Murky, slight wave action with wind. ",NA
2025-01-22,"10:27","Hannah's Bay",2,"A",0.1,7.68,0.01,1021.2,8855,0.11,20,99.9,11.1,1.93,"Tangaroa-?-roto ","Overcast/fine spells , Southeasterlies","Murky, slight wave action with wind. ",NA
2025-01-22,"10:27","Hannah's Bay",3,"A",0.1,11.28,0,415.54,3046.7,0.13,20,99.9,11.1,1.93,"Tangaroa-?-roto ","Overcast/fine spells , Southeasterlies","Murky, slight wave action with wind. ",NA
2025-01-22,"10:57","Te P?hue",1,NA,0.1,1.14,0.08,132.57,527.75,0.25,20.1,91.8,0.64,0.22,"Tangaroa-?-roto ",NA,"Clear, little wave action",NA
2025-01-22,"10:57","Te P?hue",2,NA,0.1,0.95,1.1,129.12,564.36,0.1,20.1,91.8,0.64,0.22,"Tangaroa-?-roto ",NA,"Clear, little wave action",NA
2025-01-22,"10:57","Te P?hue",3,NA,0.1,0.9,0.11,175.13,518.13,0.11,20.1,91.8,0.64,0.22,"Tangaroa-?-roto ",NA,"Clear, little wave action",NA
2025-01-22,"11:14","Ohau Channel",1,NA,0.1,3.4,0.02,269.22,440.52,0.61,19.9,91.2,0.85,0.21,"Tangaroa-?-roto ",NA,"Murky (due to swimmers stirring up sediment), slight wave action. ",NA
2025-01-22,"11:14","Ohau Channel",2,NA,0.1,1.68,0.05,878.41,699.81,1.35,19.9,91.2,0.85,0.21,"Tangaroa-?-roto ",NA,"Murky (due to swimmers stirring up sediment), slight wave action. ",NA
2025-01-22,"11:14","Ohau Channel",3,NA,0.1,3.65,0.02,901.07,3871,0.23,19.9,91.2,0.85,0.21,"Tangaroa-?-roto ",NA,"Murky (due to swimmers stirring up sediment), slight wave action. ",NA
2025-01-22,"11:37","Hamurana (bridge)",1,NA,54.6,4.54,12.03,622.01,8021.2,0.07,17.5,121.8,4.35,4.53,"Tangaroa-?-roto ",NA,"Murky, high wave action with wind ",NA
2025-01-22,"11:37","Hamurana (bridge)",2,NA,43.65,7.63,5.72,554.96,3684.3,0.15,17.5,121.8,4.35,4.53,"Tangaroa-?-roto ",NA,"Murky, high wave action with wind ",NA
2025-01-22,"11:37","Hamurana (bridge)",3,NA,28.78,5.67,5.07,730.78,5433.2,0.13,17.5,121.8,4.35,4.53,"Tangaroa-?-roto ",NA,"Murky, high wave action with wind ",NA
2025-01-22,"11:54","Hamurana (West)",1,NA,46,4.13,9.72,372.92,1485.4,0.25,19.2,103.8,11.37,1,"Tangaroa-?-roto ",NA,"Murky, high wave action with wind ",NA
2025-01-22,"11:54","Hamurana (West)",2,NA,17.82,3.95,4.51,462.94,1700.9,0.27,19.2,103.8,11.37,1,"Tangaroa-?-roto ",NA,"Murky, high wave action with wind ",NA
2025-01-22,"11:54","Hamurana (West)",3,NA,49.13,2.57,19.11,393.58,1397.3,0.28,19.2,103.8,11.37,1,"Tangaroa-?-roto ",NA,"Murky, high wave action with wind ",NA
2025-01-22,"12:21","Ngongotaha",1,NA,10.78,4.75,2.25,455.34,1622.3,0.28,18.7,111.3,3.82,0.51,"Tangaroa-?-roto ",NA,"moderate wave action, murky water",NA
2025-01-22,"12:21","Ngongotaha",2,NA,0.1,3.75,0.02,388.05,1471.4,0.26,18.7,111.3,3.82,0.51,"Tangaroa-?-roto ",NA,"moderate wave action, murky water",NA
2025-01-22,"12:21","Ngongotaha",3,NA,6.25,11.72,0.53,581.07,1712.2,0.33,18.7,111.3,3.82,0.51,"Tangaroa-?-roto ",NA,"moderate wave action, murky water",NA
2025-01-22,"12:40","Te Koutu",1,NA,0.1,2.13,0.04,585.15,2026.2,0.28,20.8,109,1.26,0.62,"Tangaroa-?-roto ",NA,"moderate wave action, murky water",NA
2025-01-22,"12:40","Te Koutu",2,NA,0.1,4,0.02,320.07,1545.6,0.2,20.8,109,1.26,0.62,"Tangaroa-?-roto ",NA,"moderate wave action, murky water",NA
2025-01-22,"12:40","Te Koutu",3,NA,19.39,2.22,8.73,407.25,2622.4,0.15,20.8,109,1.26,0.62,"Tangaroa-?-roto ",NA,"moderate wave action, murky water",NA
2025-01-22,"13:05","Lake Front",1,NA,46,0.75,61.33,175.82,730.04,0.24,23,102.8,1.61,0.41,"Tangaroa-?-roto ",NA,"moderate wave action, murky water",NA
2025-01-22,"13:05","Lake Front",2,NA,0.1,1.83,0.05,284.35,1061.5,0.26,23,102.8,1.61,0.41,"Tangaroa-?-roto ",NA,"moderate wave action, murky water",NA
2025-01-22,"13:05","Lake Front",3,NA,0.1,1.02,0.06,180.66,922.18,0.19,23,102.8,1.61,0.41,"Tangaroa-?-roto ",NA,"moderate wave action, murky water",NA
2025-01-24,"11:02","Hannah's Bay",1,"A",0.1,1.18,0.05,339.97,1262.1,0.27,21.8,96.6,1.14,1.01,"?tane ","Finespells, light winds ","Murky, lake weed wash up, moderate wave action ",NA
2025-01-24,"11:02","Hannah's Bay",2,"A",0.1,3.45,0.02,266.46,1699.1,0.16,21.8,96.6,1.14,1.01,"?tane ","Finespells, light winds ","Murky, lake weed wash up, moderate wave action ",NA
2025-01-24,"11:02","Hannah's Bay",3,"A",0.1,4.29,0.02,302.87,1677.3,0.18,21.8,96.6,1.14,1.01,"?tane ","Finespells, light winds ","Murky, lake weed wash up, moderate wave action ",NA
2025-01-24,"11:36","Te P?hue",1,NA,0.1,2.37,0.04,162.07,1828.2,0.09,21.5,96.5,2.91,0.59,"?tane ",NA,"clear, flat ",NA
2025-01-24,"11:36","Te P?hue",2,NA,0.1,3.5,0.02,243.8,2102.1,0.12,21.5,96.5,2.91,0.59,"?tane ",NA,"clear, flat ",NA
2025-01-24,"11:36","Te P?hue",3,NA,0.1,2.22,0.04,192.33,1863.9,0.1,21.5,96.5,2.91,0.59,"?tane ",NA,"clear, flat ",NA
2025-01-24,"11:51","Ohau Channel",1,NA,0.1,4.24,0.02,287.12,2264.3,0.13,22.3,111,3.04,0.65,"?tane ",NA,"Clear, flat. ",NA
2025-01-24,"11:51","Ohau Channel",2,NA,0.1,2.86,0.03,512.33,2196.3,0.23,22.3,111,3.04,0.65,"?tane ",NA,"Clear, flat. ",NA
2025-01-24,"11:51","Ohau Channel",3,NA,20.95,3.85,5.44,1950.5,2822.6,0.51,22.3,111,3.04,0.65,"?tane ",NA,"Clear, flat. ",NA
2025-01-24,"12:27","Hamurana (bridge)",1,NA,42.86,5.32,8.05,515.79,2598.4,8.05,23,138.6,2.07,1.61,"?tane ",NA,"Murky, high wave action with wind ",NA
2025-01-24,"12:27","Hamurana (bridge)",2,NA,20.17,4.44,4.54,473.95,2100.3,4.54,23,138.6,2.07,1.61,"?tane ",NA,"Murky, high wave action with wind ",NA
2025-01-24,"12:27","Hamurana (bridge)",3,NA,0.1,4.83,0.02,427.91,3043.3,0.02,23,138.6,2.07,1.61,"?tane ",NA,"Murky, high wave action with wind ",NA
2025-01-24,"12:44","Hamurana (West)",1,NA,0.1,4.34,0.02,808.36,2257.3,0.35,24.2,118,6.5,1.3,"?tane ",NA,"Murky, high wave action with wind ",NA
2025-01-24,"12:44","Hamurana (West)",2,NA,0.1,4.88,0.02,662.11,2859.2,0.23,24.2,118,6.5,1.3,"?tane ",NA,"Murky, high wave action with wind ",NA
2025-01-24,"12:44","Hamurana (West)",3,NA,0.76,4.19,0.41,547.36,2295.7,0.23,24.2,118,6.5,1.3,"?tane ",NA,"Murky, high wave action with wind ",NA
2025-01-24,"13:06","Awahou (Tarimano)",1,NA,0.1,0.11,0.11,89.95,2295.7,0.24,15.7,97.8,1.04,0.13,"?tane ",NA,"Clear, slight wave action ",NA
2025-01-24,"13:06","Awahou (Tarimano)",2,NA,22.47,0.75,0.13,56.3,371.6,0.2,15.7,97.8,1.04,0.13,"?tane ",NA,"Clear, slight wave action ",NA
2025-01-24,"13:06","Awahou (Tarimano)",3,NA,34.26,0.55,15.45,113.99,274.76,0.4,15.7,97.8,1.04,0.13,"?tane ",NA,"Clear, slight wave action ",NA
2025-01-24,"13:31","Ngongotaha",1,NA,0.1,3.65,0.02,133.26,960.34,0.13,24.7,116.4,1.43,0.58,"?tane ",NA,"Murky, slight wave action ",NA
2025-01-24,"13:31","Ngongotaha",2,NA,33.47,2.96,11.3,217.06,1691.3,0.12,24.7,116.4,1.43,0.58,"?tane ",NA,"Murky, slight wave action ",NA
2025-01-24,"13:31","Ngongotaha",3,NA,34.26,1.59,21.54,225.28,1196.7,0.18,24.7,116.4,1.43,0.58,"?tane ",NA,"Murky, slight wave action ",NA
2025-01-24,"13:56","Te Koutu",1,NA,46.78,2.47,18.93,57.69,432.68,0.13,25.3,129.2,1.43,0.58,"?tane ",NA,"Murky, moderate wave action ",NA
2025-01-24,"13:56","Te Koutu",2,NA,20.95,0.85,24.95,166.22,566.68,0.29,25.3,129.2,1.43,0.58,"?tane ",NA,"Murky, moderate wave action ",NA
2025-01-24,"13:56","Te Koutu",3,NA,28,0.85,32.94,26.11,431.75,0.06,25.3,129.2,1.43,0.58,"?tane ",NA,"Murky, moderate wave action ",NA
2025-01-24,"10:23","Lake Front",1,NA,0.1,1.34,0.07,63.9,641.13,0.0997,22.2,96.5,0.78,0.19,"?tane ",NA,"Murky, high wave action, lake weed build up on shore ",NA
2025-01-24,"10:23","Lake Front",2,NA,0.1,1.39,0.07,92.02,839.12,0.1097,22.2,96.5,0.78,0.19,"?tane ",NA,"Murky, high wave action, lake weed build up on shore ",NA
2025-01-24,"10:23","Lake Front",3,NA,0.1,2.47,0.04,143.56,811.19,0.177,22.2,96.5,0.78,0.19,"?tane ",NA,"Murky, high wave action, lake weed build up on shore ",NA
2025-01-29,"9:40","Hannah's Bay",1,"A",0.1,4.58,0.02,598.2,2865.3,0.22,21.6,97.4,1.35,1,"Tapikiora","Overcast, slight winds ","Murky,  lake weed build up on shore,  moderate wave action ",NA
2025-01-29,"9:40","Hannah's Bay",2,"A",0.1,3.92,0.02,395.58,3284.9,0.12,21.6,97.4,1.35,1,"Tapikiora","Overcast, slight winds ","Murky,  lake weed build up on shore,  moderate wave action ",NA
2025-01-29,"9:40","Hannah's Bay",3,"A",0.1,5.05,0.02,4715.63,3199.3,0.14,21.6,97.4,1.35,1,"Tapikiora","Overcast, slight winds ","Murky,  lake weed build up on shore,  moderate wave action ",NA
2025-01-29,"10:10","Te P?hue",1,"A",0.1,1.44,0.06,239.72,1140,0.21,21.5,96.5,1.6,0.52,"Tapikiora",NA,"Clear, slight wave action ",NA
2025-01-29,"10:10","Te P?hue",2,"A",0.1,2.08,0.05,395.58,992.65,0.39,21.5,96.5,1.6,0.52,"Tapikiora",NA,"Clear, slight wave action ",NA
2025-01-29,"10:10","Te P?hue",3,"A",0.1,1.29,0.05,205.39,1043.1,0.19,21.5,96.5,1.6,0.52,"Tapikiora",NA,"Clear, slight wave action ",NA
2025-01-29,"10:45","Ohau Channel",1,"A",0.1,5.22,0.01,365.39,1338,0.27,20.6,92.2,2.06,0.86,"Tapikiora",NA,"Clear, moderate wave action ",NA
2025-01-29,"10:45","Ohau Channel",2,"A",0.1,1.73,0.05,410.02,2077.6,0.19,20.6,92.2,2.06,0.86,"Tapikiora",NA,"Clear, moderate wave action ",NA
2025-01-29,"10:45","Ohau Channel",3,"A",0.1,3.7,0.02,599.44,2652.4,0.22,20.6,92.2,2.06,0.86,"Tapikiora",NA,"Clear, moderate wave action ",NA
2025-01-29,"11:05","Hamurana (East)",1,"A",0.1,10.64,0,1475.3,4139.7,0.35,20.8,98.7,4.02,2.39,"Tapikiora",NA,"Murky, slight wave action, lake weed build up on shore ",NA
2025-01-29,"11:05","Hamurana (East)",2,"A",0.1,6.06,0.01,1470.4,7478.6,0.19,20.8,98.7,4.02,2.39,"Tapikiora",NA,"Murky, slight wave action, lake weed build up on shore ",NA
2025-01-29,"11:05","Hamurana (East)",3,"A",0.1,11.77,0,1416.9,5196.8,0.27,20.8,98.7,4.02,2.39,"Tapikiora",NA,"Murky, slight wave action, lake weed build up on shore ",NA
2025-01-29,"11:30","Hamurana (bridge)",1,"A",0.1,3.85,0.02,331.74,2767.6,0.11,20.4,104.9,1.22,0.5,"Tapikiora",NA,"Murky, high wave action, lake weed build up on shore (stinky!!!) ",NA
2025-01-29,"11:30","Hamurana (bridge)",2,"A",0.1,2.13,0.04,465.01,4689.2,0.09,20.4,104.9,1.22,0.5,"Tapikiora",NA,"Murky, high wave action, lake weed build up on shore (stinky!!!) ",NA
2025-01-29,"11:30","Hamurana (bridge)",3,"A",0.1,2.62,0.03,484.21,2022.7,0.23,20.4,104.9,1.22,0.5,"Tapikiora",NA,"Murky, high wave action, lake weed build up on shore (stinky!!!) ",NA
2025-01-29,"11:45","Hamurana (West)",1,"A",0.1,0.85,0.11,258.93,2158.8,0.11,22.3,104.1,0.59,0.44,"Tapikiora",NA,"Murky, high wave action, lake weed build up on shore. ",NA
2025-01-29,"11:45","Hamurana (West)",2,"A",0.1,1.24,0.08,170.36,937.64,0.18,22.3,104.1,0.59,0.44,"Tapikiora",NA,"Murky, high wave action, lake weed build up on shore. ",NA
2025-01-29,"11:45","Hamurana (West)",3,"A",0.1,1.63,0.06,280.9,1740.1,0.16,22.3,104.1,0.59,0.44,"Tapikiora",NA,"Murky, high wave action, lake weed build up on shore. ",NA
2025-01-29,"12:07","Awahou (Tarimano)",1,"A",0.1,0.05,2,0,0,0,14.2,94.5,1.12,0.06,"Tapikiora",NA,"Clear, flat. ",NA
2025-01-29,"12:07","Awahou (Tarimano)",2,"A",0.1,0.05,2,0,0,0,14.2,94.5,1.12,0.06,"Tapikiora",NA,"Clear, flat. ",NA
2025-01-29,"12:07","Awahou (Tarimano)",3,"A",0.1,0,NA,0,0,0,14.2,94.5,1.12,0.06,"Tapikiora",NA,"Clear, flat. ",NA
2025-01-29,"12:30","Ngongotaha",1,"A",0.1,2.13,0.04,146.32,987.58,0.16,20.8,111.2,0.71,0.35,"Tapikiora",NA,"Murky but slightly clear?, moderate wave action. ",NA
2025-01-29,"12:30","Ngongotaha",2,"A",0.1,1.14,0.08,175.13,1524.7,0.11,20.8,111.2,0.71,0.35,"Tapikiora",NA,"Murky but slightly clear?, moderate wave action. ",NA
2025-01-29,"12:30","Ngongotaha",3,"A",0.1,1,0.1,159.31,1688.6,0.09,20.8,111.2,0.71,0.35,"Tapikiora",NA,"Murky but slightly clear?, moderate wave action. ",NA
2025-01-29,"13:00","Te Koutu",1,"A",0.1,2.08,0.04,122.97,1295.3,0.09,22.7,117.7,1.04,0.43,"Tapikiora",NA,"Clear-ish, moderate wave action. ",NA
2025-01-29,"13:00","Te Koutu",2,"A",0.1,2.57,0.03,197.79,1351,0.14,22.7,117.7,1.04,0.43,"Tapikiora",NA,"Clear-ish, moderate wave action. ",NA
2025-01-29,"13:00","Te Koutu",3,"A",0.1,1.88,0.05,217.06,1119.1,0.19,22.7,117.7,1.04,0.43,"Tapikiora",NA,"Clear-ish, moderate wave action. ",NA
2025-01-29,"13:30","Lake Front",1,"A",5.5,4.93,1.11,257.25,1097.3,0.22,21.2,115.8,1.34,0.4,"Tapikiora",NA,"Murky, moderate wave action, lake weed build up on shore ",NA
2025-01-29,"13:30","Lake Front",2,"A",0.1,2.03,0.04,294.65,1255.1,0.23,21.2,115.8,1.34,0.4,"Tapikiora",NA,"Murky, moderate wave action, lake weed build up on shore ",NA
2025-01-29,"13:30","Lake Front",3,"A",0.1,2.13,0.04,204.7,983.87,0.2,21.2,115.8,1.34,0.4,"Tapikiora",NA,"Murky, moderate wave action, lake weed build up on shore ",NA
2025-01-31,"10:40","Hannah's Bay",1,"A",0.1,7.09,0.01,703.28,3743.6,0.18,23.3,97.1,0.98,2.31,"?tirea","Moderately fine, slight winds ","Murky, moderate wave action",NA
2025-01-31,"10:40","Hannah's Bay",2,"A",0.1,7.49,0.07,813.2,4579.3,0.17,23.3,97.1,0.98,2.31,"?tirea","Moderately fine, slight winds ","Murky, moderate wave action",NA
2025-01-31,"10:40","Hannah's Bay",3,"A",0.1,6.31,0.01,768.57,4096.9,0.18,23.3,97.1,0.98,2.31,"?tirea","Moderately fine, slight winds ","Murky, moderate wave action",NA
2025-01-31,"11:20","Te P?hue",1,NA,0.1,2.22,0.04,270,1462.7,0.18,23,102,1.26,1.09,"?tirea",NA,"Clear, flat ",NA
2025-01-31,"11:20","Te P?hue",2,NA,0.1,2.37,0.03,361.93,2034.9,0.17,23,102,1.26,1.09,"?tirea",NA,"Clear, flat ",NA
2025-01-31,"11:20","Te P?hue",3,NA,0.1,2.42,0.04,318.69,1749.7,0.18,23,102,1.26,1.09,"?tirea",NA,"Clear, flat ",NA
2025-01-31,"11:47","Ohau Channel",1,NA,0.1,22.2,0.04,128.43,460.34,0.13,22.5,103.3,0.81,0.46,"?tirea",NA,"Clear, slight wave action ",NA
2025-01-31,"11:47","Ohau Channel",2,NA,0.1,1.19,0.08,297.41,1140.8,0.26,22.5,103.3,0.81,0.46,"?tirea",NA,"Clear, slight wave action ",NA
2025-01-31,"11:47","Ohau Channel",3,NA,0.1,0.8,0.12,102.31,935.03,0.19,22.5,103.3,0.81,0.46,"?tirea",NA,"Clear, slight wave action ",NA
2025-01-31,"12:13","Hamurana (bridge)",1,NA,22.52,1.44,15.63,229.43,2207.6,0.1,22.7,97.2,1.14,0.53,"?tirea",NA,"Murky, moderate wave action, lake weed wash up on shore ",NA
2025-01-31,"12:13","Hamurana (bridge)",2,NA,0.03,2.62,0.03,403.87,2596.7,0.15,22.7,97.2,1.14,0.53,"?tirea",NA,"Murky, moderate wave action, lake weed wash up on shore ",NA
2025-01-31,"12:13","Hamurana (bridge)",3,NA,0.1,2.47,0.04,249.33,1236,0.2,22.7,97.2,1.14,0.53,"?tirea",NA,"Murky, moderate wave action, lake weed wash up on shore ",NA
2025-01-31,"12:30","Hamurana (West)",1,NA,0.1,2.27,0.04,814.58,2879.3,0.28,23.8,107.4,0.57,0.81,"?tirea",NA,"Murky, moderate wave action, dried up lake weed on shore ",NA
2025-01-31,"12:30","Hamurana (West)",2,NA,0.1,4.98,0.02,264.46,2144.9,0.12,23.8,107.4,0.57,0.81,"?tirea",NA,"Murky, moderate wave action, dried up lake weed on shore ",NA
2025-01-31,"12:30","Hamurana (West)",3,NA,0.1,1.54,0.06,476.68,3353.7,0.14,23.8,107.4,0.57,0.81,"?tirea",NA,"Murky, moderate wave action, dried up lake weed on shore ",NA
2025-01-31,"12:50","Awahou (Tarimano)",1,NA,29.56,1.39,21.56,186.8,698.66,0.26,15.6,99,1.16,0.09,"?tirea",NA,"clear, flat.",NA
2025-01-31,"12:50","Awahou (Tarimano)",2,NA,0.1,1.14,0.08,109.22,421.29,0.25,15.6,99,1.16,0.09,"?tirea",NA,"clear, flat.",NA
2025-01-31,"12:50","Awahou (Tarimano)",3,NA,0.1,1.39,0.07,84.49,443.98,0.19,15.6,99,1.16,0.09,"?tirea",NA,"clear, flat.",NA
2025-01-31,"13:10","Ngongotaha",1,NA,0.1,4.98,0.02,278.07,804.97,0.28,23.2,112,1.03,0.91,"?tirea",NA,"Murky, slight wave action",NA
2025-01-31,"13:10","Ngongotaha",2,NA,0.1,6.16,0.01,800.83,4201.6,0.19,23.2,112,1.03,0.91,"?tirea",NA,"Murky, slight wave action",NA
2025-01-31,"13:10","Ngongotaha",3,NA,0.1,4.49,0.02,1132.5,5348.6,0.21,23.2,112,1.03,0.91,"?tirea",NA,"Murky, slight wave action",NA
2025-01-31,"13:50","Lake Front",1,NA,0.1,2.22,0.04,433.37,2097.7,0.2,27.5,170.2,3.24,2.76,"?tirea",NA,"murky, moderate wave action, lake weed wash up ",NA
2025-01-31,"13:50","Lake Front",2,NA,0.1,2.27,0.04,548.74,2422.2,0.22,27.5,170.2,3.24,2.76,"?tirea",NA,"murky, moderate wave action, lake weed wash up ",NA
2025-01-31,"13:50","Lake Front",3,NA,0.1,2.81,0.03,515.79,1911.1,0.26,27.5,170.2,3.24,2.76,"?tirea",NA,"murky, moderate wave action, lake weed wash up ",NA
2025-02-03,"10:30","Hannah's Bay",1,"A",0.1,2.62,0.03,164.15,1332.3,0.21,22.1,93.4,0.79,0.75,"Okorot?tea ","Finespells, light winds ","Moderate wave action, murky",NA
2025-02-03,"10:30","Hannah's Bay",2,"A",0.1,2.72,0.03,287.12,1301.4,0.22,22.1,93.4,0.79,0.75,"Okorot?tea ","Finespells, light winds ","Moderate wave action, murky",NA
2025-02-03,"10:30","Hannah's Bay",3,"A",0.1,1.39,0.07,291.57,1440.9,0.2,22.1,93.4,0.79,0.75,"Okorot?tea ","Finespells, light winds ","Moderate wave action, murky",NA
2025-02-03,"11:00","Te P?hue",1,NA,0.1,2.47,0.04,315.23,1639,0.19,22.9,96.4,1.24,0.84,"Okorot?tea ",NA,"Slight wave action, clear ",NA
2025-02-03,"11:00","Te P?hue",2,NA,0.1,2.23,0.04,397.65,2006.2,0.19,22.9,96.4,1.24,0.84,"Okorot?tea ",NA,"Slight wave action, clear ",NA
2025-02-03,"11:00","Te P?hue",3,NA,0.1,2.57,0.03,413.47,1653.7,0.25,22.9,96.4,1.24,0.84,"Okorot?tea ",NA,"Slight wave action, clear ",NA
2025-02-03,"11:30","Ohau Channel",1,NA,3.25,3.06,1.06,559.72,3088.6,0.18,21.8,93.6,0.76,0.82,"Okorot?tea ",NA,"Slight wave action, clear ",NA
2025-02-03,"11:30","Ohau Channel",2,NA,0.1,2.37,0.04,459.48,3831.8,0.11,21.8,93.6,0.76,0.82,"Okorot?tea ",NA,"Slight wave action, clear ",NA
2025-02-03,"11:30","Ohau Channel",3,NA,0.1,1.83,0.05,533.68,3193.3,0.16,21.8,93.6,0.76,0.82,"Okorot?tea ",NA,"Slight wave action, clear ",NA
2025-02-03,"12:00","Hamurana (East)",1,NA,9.25,2.27,4.07,571.4,2004.4,0.28,23,98.8,1.87,1.01,"Okorot?tea ",NA,"Cloudy but can still see lake bed, flat.",NA
2025-02-03,"12:00","Hamurana (East)",2,NA,14.69,1.96,7.41,344.8,1645,0.2,23,98.8,1.87,1.01,"Okorot?tea ",NA,"Cloudy but can still see lake bed, flat.",NA
2025-02-03,"12:00","Hamurana (East)",3,NA,33.47,2.62,12.71,602.35,2204.4,0.27,23,98.8,1.87,1.01,"Okorot?tea ",NA,"Cloudy but can still see lake bed, flat.",NA
2025-02-03,"12:30","Hamurana (bridge)",1,NA,26.43,2.98,8.92,614.02,2566.1,0.23,22.6,123.6,2.68,1.28,"Okorot?tea ",NA,"Murky, slight wave action ",NA
2025-02-03,"12:30","Hamurana (bridge)",2,NA,0.1,2.81,0.08,607.12,3386.9,0.17,22.6,123.6,2.68,1.28,"Okorot?tea ",NA,"Murky, slight wave action ",NA
2025-02-03,"12:30","Hamurana (bridge)",3,NA,1,2.37,0.42,538.48,2395.1,0.22,22.6,123.6,2.68,1.28,"Okorot?tea ",NA,"Murky, slight wave action ",NA
2025-02-03,"12:57","Hamurana (West)",1,NA,0.1,2.67,0.03,755.51,3556.1,0.21,24.2,112.1,2.44,2.07,"Okorot?tea ",NA,"Murky, slight wave action",NA
2025-02-03,"12:57","Hamurana (West)",2,NA,0.1,3.6,0.02,732.16,4301.9,0.17,24.2,112.1,2.44,2.07,"Okorot?tea ",NA,"Murky, slight wave action",NA
2025-02-03,"12:57","Hamurana (West)",3,NA,0.1,2.42,0.04,894.23,4212.1,0.21,24.2,112.1,2.44,2.07,"Okorot?tea ",NA,"Murky, slight wave action",NA
2025-02-03,"13:27","Awahou (Tarimano)",1,NA,0.1,1.24,0.08,114.68,224.14,0.51,15,99,0.28,0.05,"Okorot?tea ",NA,"clear, slight wave action ",NA
2025-02-03,"13:27","Awahou (Tarimano)",2,NA,13.91,0.03,46.36,129.12,188.37,0.68,15,99,0.28,0.05,"Okorot?tea ",NA,"clear, slight wave action ",NA
2025-02-03,"13:27","Awahou (Tarimano)",3,NA,33.47,0.3,111.56,97.55,164.83,0.59,15,99,0.28,0.05,"Okorot?tea ",NA,"clear, slight wave action ",NA
2025-02-03,"13:45","Ngongotaha",1,NA,19.39,2.72,7.12,212.23,1388.6,0.15,23.6,122.1,1.3,0.84,"Okorot?tea ",NA,"Moderate wave action. murky-ish? (cloudy) ",NA
2025-02-03,"13:45","Ngongotaha",2,NA,0.1,2.27,0.04,275.44,1433,0.19,23.6,122.1,1.3,0.84,"Okorot?tea ",NA,"Moderate wave action. murky-ish? (cloudy) ",NA
2025-02-03,"13:45","Ngongotaha",3,NA,0.1,1.88,0.05,299.48,1510.7,0.19,23.6,122.1,1.3,0.84,"Okorot?tea ",NA,"Moderate wave action. murky-ish? (cloudy) ",NA
2025-02-03,"14:10","Te Koutu",1,NA,0.1,1.39,0.07,250.02,250.02,0.16,25.7,143.1,0.72,0.49,"Okorot?tea ",NA,"Moderate Wave action, clear to cloudy looking water? ",NA
2025-02-03,"14:10","Te Koutu",2,NA,0.1,1.63,0.05,234.2,234.2,0.21,25.7,143.1,0.72,0.49,"Okorot?tea ",NA,"Moderate Wave action, clear to cloudy looking water? ",NA
2025-02-03,"14:10","Te Koutu",3,NA,0.1,1.68,0.05,267.15,267.15,0.27,25.7,143.1,0.72,0.49,"Okorot?tea ",NA,"Moderate Wave action, clear to cloudy looking water? ",NA
2025-02-03,"14:34","Lake Front",1,NA,0.1,3.4,0.02,427.91,2533,0.16,28.6,146.6,2.16,1.1,"Okorot?tea ",NA,"Murky, moderate wave action, light winds. ",NA
2025-02-03,"14:34","Lake Front",2,NA,0.1,3.21,0.03,456.72,2418.7,0.18,28.6,146.6,2.16,1.1,"Okorot?tea ",NA,"Murky, moderate wave action, light winds. ",NA
2025-02-03,"14:34","Lake Front",3,NA,0.1,3.5,0.02,418.24,2192.8,0.19,28.6,146.6,2.16,1.1,"Okorot?tea ",NA,"Murky, moderate wave action, light winds. ",NA
2025-02-05,"11:00","Hannah's Bay",1,"A",0.1,4.93,0.02,1233.5,7822.3,0.15,23.8,101.1,0.81,1.18,"Tamateaangana","Partly cloudy, light winds ","Flat, cloudy ",NA
2025-02-05,"11:00","Hannah's Bay",2,"A",0.1,5.62,0.01,974.58,4202.4,0.23,23.8,101.1,0.81,1.18,"Tamateaangana","Partly cloudy, light winds ","Flat, cloudy ",NA
2025-02-05,"11:00","Hannah's Bay",3,"A",0.1,5.13,0.01,918.96,3970.5,0.23,23.8,101.1,0.81,1.18,"Tamateaangana","Partly cloudy, light winds ","Flat, cloudy ",NA
2025-02-05,"11:30","Te P?hue",1,NA,0.1,0.35,0.28,125.66,1022.2,0.12,24.5,94.9,0.6,0.3,"Tamateaangana","slight wind and wave action, clear.","Slight wave action, clear. ",NA
2025-02-05,"11:30","Te P?hue",2,NA,0.1,1.14,0.08,217.75,1072,0.2,24.5,94.9,0.6,0.3,"Tamateaangana","slight wind and wave action, clear.","Slight wave action, clear. ",NA
2025-02-05,"11:30","Te P?hue",3,NA,0.1,1.44,0.06,228.74,1004.7,0.22,24.5,94.9,0.6,0.3,"Tamateaangana","slight wind and wave action, clear.","Slight wave action, clear. ",NA
2025-02-05,"11:57","Ohau Channel",1,NA,20.17,3.6,5.6,412.09,2982.2,0.13,23,91.1,1,0.96,"Tamateaangana",NA,"flat, clear.",NA
2025-02-05,"11:57","Ohau Channel",2,NA,1.75,1.88,0.93,430.87,2648.1,0.15,23,91.1,1,0.96,"Tamateaangana",NA,"flat, clear.",NA
2025-02-05,"11:57","Ohau Channel",3,NA,7,3.85,1.81,557.03,2739.7,0.2,23,91.1,1,0.96,"Tamateaangana",NA,"flat, clear.",NA
2025-02-05,"12:15","Hamurana (East)",1,NA,18.5,2.27,8.19,365.3,5272.2,0.14,23.8,107.3,1.6,1.09,"Tamateaangana",NA,"flar, clear ",NA
2025-02-05,"12:15","Hamurana (East)",2,NA,0.1,2.27,3.65,589.98,3862.3,0.15,23.8,107.3,1.6,1.09,"Tamateaangana",NA,"flar, clear ",NA
2025-02-05,"12:15","Hamurana (East)",3,NA,0.1,5.13,2.25,710.88,2402.2,0.29,23.8,107.3,1.6,1.09,"Tamateaangana",NA,"flar, clear ",NA
2025-02-05,"12:30","Hamurana (bridge)",1,NA,0.1,2.91,0.02,586.53,3063.3,0.19,23.3,107.4,1.18,1.12,"Tamateaangana",NA,"flat, cloudy",NA
2025-02-05,"12:30","Hamurana (bridge)",2,NA,0.1,3.65,0.02,378.45,2514.7,0.15,23.3,107.4,1.18,1.12,"Tamateaangana",NA,"flat, cloudy",NA
2025-02-05,"12:30","Hamurana (bridge)",3,NA,49.13,2.25,19.49,682,5989.7,0.11,23.3,107.4,1.18,1.12,"Tamateaangana",NA,"flat, cloudy",NA
2025-02-05,"12:50","Hamurana (West)",1,NA,0.1,4.34,0.02,385.98,2281.8,0.16,25.7,105.4,0.63,0.61,"Tamateaangana",NA,"flat, cloudy",NA
2025-02-05,"12:50","Hamurana (West)",2,NA,0.1,4.19,0.02,372.92,2461.5,0.15,25.7,105.4,0.63,0.61,"Tamateaangana",NA,"flat, cloudy",NA
2025-02-05,"12:50","Hamurana (West)",3,NA,0.1,4.63,0.02,441.59,2556.5,0.17,25.7,105.4,0.63,0.61,"Tamateaangana",NA,"flat, cloudy",NA
2025-02-05,"13:05","Awahou (Tarimano)",1,NA,4.75,0.85,5.58,70.05,231.98,0.3,15,98.5,8.5,0.09,"Tamateaangana",NA,"flat, clear",NA
2025-02-05,"13:05","Awahou (Tarimano)",2,NA,37.39,0.75,49.85,19.9,223.3,0.08,15,98.5,8.5,0.09,"Tamateaangana",NA,"flat, clear",NA
2025-02-05,"13:05","Awahou (Tarimano)",3,NA,31.91,0.8,39.88,85.87,266.07,0.34,15,98.5,8.5,0.09,"Tamateaangana",NA,"flat, clear",NA
2025-02-05,"13:30","Ngongotaha",1,NA,0.1,2.37,0.04,883.25,4206.8,0.21,24.6,111.5,0.91,1.03,"Tamateaangana",NA,"Flat, clear. ",NA
2025-02-05,"13:30","Ngongotaha",2,NA,0.1,2.27,0.04,486.98,3437.5,0.14,24.6,111.5,0.91,1.03,"Tamateaangana",NA,"Flat, clear. ",NA
2025-02-05,"13:30","Ngongotaha",3,NA,0.1,3.01,0.03,546.04,3055.4,0.17,24.6,111.5,0.91,1.03,"Tamateaangana",NA,"Flat, clear. ",NA
2025-02-05,"13:59","Te Koutu",1,NA,13.91,0.9,15.45,151.78,2172.7,0.06,26.3,122.4,0.61,0.22,"Tamateaangana",NA,"Moderate wind and wave action, clear ",NA
2025-02-05,"13:59","Te Koutu",2,NA,0.1,1.04,0.09,172.37,789.43,0.21,26.3,122.4,0.61,0.22,"Tamateaangana",NA,"Moderate wind and wave action, clear ",NA
2025-02-05,"13:59","Te Koutu",3,NA,0.1,0.65,0.01,35.03,697.82,0.05,26.3,122.4,0.61,0.22,"Tamateaangana",NA,"Moderate wind and wave action, clear ",NA
2025-02-05,"14:10","Lake Front",1,NA,0.1,6.21,0.01,3153.1,615.41,0.19,27.4,152.1,2.11,0.66,"Tamateaangana",NA,"Murky, moderate wind and wave action. ",NA
2025-02-05,"14:10","Lake Front",2,NA,0.1,6.16,0.01,583.77,4203.3,0.13,27.4,152.1,2.11,0.66,"Tamateaangana",NA,"Murky, moderate wind and wave action. ",NA
2025-02-05,"14:10","Lake Front",3,NA,0.1,6.01,0.01,626.39,4130.9,0.15,27.4,152.1,2.11,0.66,"Tamateaangana",NA,"Murky, moderate wind and wave action. ",NA
2025-02-07,"10:50","Hannah's Bay",1,"A",0.1,6.4,0.01,9.5,4105.6,0.17,24.1,97.2,1.21,1.99,"Tamateawhakapau","Partly cloudy, northerlies.","Murky, moderate wave action ",NA
2025-02-07,"10:50","Hannah's Bay",2,"A",0.1,4.54,0.02,329.67,2765.8,0.11,24.1,97.2,1.21,1.99,"Tamateawhakapau","Partly cloudy, northerlies.","Murky, moderate wave action ",NA
2025-02-07,"10:50","Hannah's Bay",3,"A",0.1,2.42,0.01,408.64,3334,0.12,24.1,97.2,1.21,1.99,"Tamateawhakapau","Partly cloudy, northerlies.","Murky, moderate wave action ",NA
2025-02-07,"11:27","Te P?hue",1,NA,0.1,1,0.1,169.76,2028.8,0.08,24,100.1,0.51,0.44,"Tamateawhakapau",NA,"clear, light wind and wave action",NA
2025-02-07,"11:27","Te P?hue",2,NA,0.1,1.09,0.09,427.91,2840.9,0.15,24,100.1,0.51,0.44,"Tamateawhakapau",NA,"clear, light wind and wave action",NA
2025-02-07,"11:27","Te P?hue",3,NA,0.1,2.42,0.04,241.73,1181,0.2,24,100.1,0.51,0.44,"Tamateawhakapau",NA,"clear, light wind and wave action",NA
2025-02-07,"11:55","Ohau Channel",1,NA,20.95,3.56,5.9,680.62,4002.62,0.17,22.1,101.3,1.11,1,"Tamateawhakapau",NA,"clear, flat.",NA
2025-02-07,"11:55","Ohau Channel",2,NA,0.1,1.93,0.05,892.16,6200.8,0.14,22.1,101.3,1.11,1,"Tamateawhakapau",NA,"clear, flat.",NA
2025-02-07,"11:55","Ohau Channel",3,NA,0.1,2.57,0.03,479.38,2711.7,0.17,22.1,101.3,1.11,1,"Tamateawhakapau",NA,"clear, flat.",NA
2025-02-07,"12:13","Hamurana (East)",1,NA,24.08,5.06,4.72,1210.1,5236.9,0.23,21.9,107.8,2.24,2.84,"Tamateawhakapau",NA,"flat, slightly cloudy",NA
2025-02-07,"12:13","Hamurana (East)",2,NA,10.76,4.24,2.54,817.96,5529.2,0.14,21.9,107.8,2.24,2.84,"Tamateawhakapau",NA,"flat, slightly cloudy",NA
2025-02-07,"12:13","Hamurana (East)",3,NA,0.1,10.39,0,1181.3,5154.9,0.22,21.9,107.8,2.24,2.84,"Tamateawhakapau",NA,"flat, slightly cloudy",NA
2025-02-07,"12:30","Hamurana (bridge)",1,NA,0.08,4.39,13.68,576.93,3100,0.18,19.8,142.4,1.57,1.4,"Tamateawhakapau",NA,"flat, murky",NA
2025-02-07,"12:30","Hamurana (bridge)",2,NA,31.13,3.6,8.64,719.79,3491.6,0.2,19.8,142.4,1.57,1.4,"Tamateawhakapau",NA,"flat, murky",NA
2025-02-07,"12:30","Hamurana (bridge)",3,NA,24.86,5.68,5.31,575.54,2791.1,0.2,19.8,142.4,1.57,1.4,"Tamateawhakapau",NA,"flat, murky",NA
2025-02-07,"12:51","Hamurana (West)",1,NA,9.26,2.52,3.67,427.22,1850.9,0.23,24.3,117.3,0.63,0.83,"Tamateawhakapau",NA,"slight wave action, murky ",NA
2025-02-07,"12:51","Hamurana (West)",2,NA,0.1,1.93,0.05,270.6,1430.4,0.18,24.3,117.3,0.63,0.83,"Tamateawhakapau",NA,"slight wave action, murky ",NA
2025-02-07,"12:51","Hamurana (West)",3,NA,0.1,1.88,0.05,456.72,2257.3,0.2,24.3,117.3,0.63,0.83,"Tamateawhakapau",NA,"slight wave action, murky ",NA
2025-02-07,"13:10","Awahou (Tarimano)",1,NA,36.6,1.14,32.1,46.7,229.37,0.2,14,96.3,0.35,0.08,"Tamateawhakapau",NA,"flat, clear ",NA
2025-02-07,"13:10","Awahou (Tarimano)",2,NA,25.66,0.75,34.2,0,0,0,14,96.3,0.35,0.08,"Tamateawhakapau",NA,"flat, clear ",NA
2025-02-07,"13:10","Awahou (Tarimano)",3,NA,34.26,0.7,48.94,29.57,160.54,0.18,14,96.3,0.35,0.08,"Tamateawhakapau",NA,"flat, clear ",NA
2025-02-07,"13:30","Ngongotaha",1,NA,7,2.91,0.4,536.18,3381.6,0.16,23.4,122.5,1.32,1.01,"Tamateawhakapau",NA,"Moderate wind and wave action, slightly murky ",NA
2025-02-07,"13:30","Ngongotaha",2,NA,0.1,2.72,0.08,700.52,13323,0.05,23.4,122.5,1.32,1.01,"Tamateawhakapau",NA,"Moderate wind and wave action, slightly murky ",NA
2025-02-07,"13:30","Ngongotaha",3,NA,0.1,3.9,0.02,592.06,2854,0.2,23.4,122.5,1.32,1.01,"Tamateawhakapau",NA,"Moderate wind and wave action, slightly murky ",NA
2025-02-07,"13:56","Te Koutu",1,NA,7,1.39,0.03,160.69,2341.1,0.06,26.8,129.3,0.64,0.42,"Tamateawhakapau",NA,"moderate wave action, moderate winds, slightly murky ",NA
2025-02-07,"13:56","Te Koutu",2,NA,0.1,1.63,0.05,236.96,906.26,0.26,26.8,129.3,0.64,0.42,"Tamateawhakapau",NA,"moderate wave action, moderate winds, slightly murky ",NA
2025-02-07,"13:56","Te Koutu",3,NA,0.1,2.03,0.04,83.8,697.82,0.12,26.8,129.3,0.64,0.42,"Tamateawhakapau",NA,"moderate wave action, moderate winds, slightly murky ",NA
2025-02-07,"14:12","Lake Front",1,NA,0.1,4.29,0.02,510.33,2723.1,0.18,27.6,173.3,2.53,0.59,"Tamateawhakapau",NA,"moderate wind and wave action, very murky ",NA
2025-02-07,"14:12","Lake Front",2,NA,0.1,4.78,0.02,605.8,4113.4,0.14,27.6,173.3,2.53,0.59,"Tamateawhakapau",NA,"moderate wind and wave action, very murky ",NA
2025-02-07,"14:12","Lake Front",3,NA,0.1,4.39,0.02,459.2,2606.2,0.19,27.6,173.3,2.53,0.59,"Tamateawhakapau",NA,"moderate wind and wave action, very murky ",NA
2025-02-10,"10:37","Hannah's Bay",1,"A",0.1,9.7,0.01,2067,2608.8,0.07,23.2,86.6,1.43,1.24,"Atuahaehae","Overcast, slight rains, light wind ","Moderate wave action, murky ",NA
2025-02-10,"10:37","Hannah's Bay",2,"A",0.1,7.29,0.01,266.46,3487.2,0.07,23.2,86.6,1.43,1.24,"Atuahaehae","Overcast, slight rains, light wind ","Moderate wave action, murky ",NA
2025-02-10,"10:37","Hannah's Bay",3,"A",0.1,5.13,0.01,348.88,3130.5,0.11,23.2,86.6,1.43,1.24,"Atuahaehae","Overcast, slight rains, light wind ","Moderate wave action, murky ",NA
2025-02-10,"11:15","Te P?hue",1,NA,0.1,0.65,0.15,219.76,1311.8,0.16,24.4,92.4,1.11,0.54,"Atuahaehae",NA,"flat, clear",NA
2025-02-10,"11:15","Te P?hue",2,NA,0.1,1.24,0.08,118.13,498.05,0.23,24.4,92.4,1.11,0.54,"Atuahaehae",NA,"flat, clear",NA
2025-02-10,"11:15","Te P?hue",3,NA,0.1,0.5,0.2,68.67,814.65,0.08,24.4,92.4,1.11,0.54,"Atuahaehae",NA,"flat, clear",NA
2025-02-10,"11:40","Ohau Channel",1,NA,0.1,2.62,0.03,804.97,2540.8,0.31,22,96.5,1.05,1.09,"Atuahaehae",NA,"clear, flat ",NA
2025-02-10,"11:40","Ohau Channel",2,NA,0.1,3.01,0.03,666.87,1726.1,0.38,22,96.5,1.05,1.09,"Atuahaehae",NA,"clear, flat ",NA
2025-02-10,"11:40","Ohau Channel",3,NA,0.1,10.88,0,983.49,5585.8,0.17,22,96.5,1.05,1.09,"Atuahaehae",NA,"clear, flat ",NA
2025-02-10,"12:00","Hamurana (East)",1,NA,0.1,2.03,0.04,599.59,3207.2,0.18,22.3,104,1.22,0.68,"Atuahaehae",NA,"light wave action, murky ",NA
2025-02-10,"12:00","Hamurana (East)",2,NA,5.5,2.72,2.02,1092.7,6243.8,0.17,22.3,104,1.22,0.68,"Atuahaehae",NA,"light wave action, murky ",NA
2025-02-10,"12:00","Hamurana (East)",3,NA,0.1,3.05,0.03,410.71,4041.1,0.1,22.3,104,1.22,0.68,"Atuahaehae",NA,"light wave action, murky ",NA
2025-02-10,"12:25","Hamurana (bridge)",1,NA,1.75,4.78,0.36,910.05,4008.8,0.22,18.6,120.9,2.87,1.61,"Atuahaehae",NA,"cloudy, slight wave action ",NA
2025-02-10,"12:25","Hamurana (bridge)",2,NA,5.5,5.47,1,1074.8,3596.2,0.29,18.6,120.9,2.87,1.61,"Atuahaehae",NA,"cloudy, slight wave action ",NA
2025-02-10,"12:25","Hamurana (bridge)",3,NA,0.1,5.42,0.01,921.04,4643,0.19,18.6,120.9,2.87,1.61,"Atuahaehae",NA,"cloudy, slight wave action ",NA
2025-02-10,"12:40","Hamurana (West)",1,NA,0.1,2.57,0.03,538.45,1884.9,0.28,24.2,123.4,0.65,1.05,"Atuahaehae",NA,"flat, slightly cloudy",NA
2025-02-10,"12:40","Hamurana (West)",2,NA,0.1,2.62,0.03,554.96,2700.4,0.2,24.2,123.4,0.65,1.05,"Atuahaehae",NA,"flat, slightly cloudy",NA
2025-02-10,"12:40","Hamurana (West)",3,NA,0.1,2.96,0.03,493.82,2457.1,0.2,24.2,123.4,0.65,1.05,"Atuahaehae",NA,"flat, slightly cloudy",NA
2025-02-10,"13:03","Awahou (Tarimano)",1,NA,28.78,0.55,52.32,81.73,279.15,0.29,14.9,102.3,1.37,0.07,"Atuahaehae",NA,"flat, clear",NA
2025-02-10,"13:03","Awahou (Tarimano)",2,NA,36.6,0.6,51,63.21,170.06,0.37,14.9,102.3,1.37,0.07,"Atuahaehae",NA,"flat, clear",NA
2025-02-10,"13:03","Awahou (Tarimano)",3,NA,54.6,0.7,78,72.12,196.31,0.36,14.9,102.3,1.37,0.07,"Atuahaehae",NA,"flat, clear",NA
2025-02-10,"13:29","Ngongotaha",1,NA,7.75,1.93,4.01,372.23,1171.4,0.31,23.2,120.1,1.08,0.55,"Atuahaehae",NA,"moderate wind and wave action, slighly murky ",NA
2025-02-10,"13:29","Ngongotaha",2,NA,0.1,1.83,0.05,241.11,1161.5,0.2,23.2,120.1,1.08,0.55,"Atuahaehae",NA,"moderate wind and wave action, slighly murky ",NA
2025-02-10,"13:29","Ngongotaha",3,NA,0.1,1.93,0.05,233.51,1422.6,0.16,23.2,120.1,1.08,0.55,"Atuahaehae",NA,"moderate wind and wave action, slighly murky ",NA
2025-02-10,"13:52","Te Koutu",1,NA,7,3.55,1.97,402.49,3969.5,0.1,24.7,116.7,1.11,0.81,"Atuahaehae",NA,"moderate wave action, slightly murky. ",NA
2025-02-10,"13:52","Te Koutu",2,NA,0.1,4.39,0.02,261.69,3119.1,0.08,24.7,116.7,1.11,0.81,"Atuahaehae",NA,"moderate wave action, slightly murky. ",NA
2025-02-10,"13:52","Te Koutu",3,NA,0.1,7.54,0.01,237.65,3361.7,0.07,24.7,116.7,1.11,0.81,"Atuahaehae",NA,"moderate wave action, slightly murky. ",NA
2025-02-10,"14:10","Lake Front",1,NA,0.1,9.4,0.01,885.32,5728,0.15,26.1,194.5,6.8,0.65,"Atuahaehae",NA,NA,NA
2025-02-10,"14:10","Lake Front",2,NA,0.1,8.96,0.01,932.71,4514.7,0.2,26.1,194.5,6.8,0.65,"Atuahaehae",NA,NA,NA
2025-02-10,"14:10","Lake Front",3,NA,0.1,8.32,0.01,917.58,5753.3,0.15,26.1,194.5,6.8,0.65,"Atuahaehae",NA,NA,NA
2025-02-12,"10:40","Hannah's Bay",1,"A",0.1,1.04,0.09,406.56,1880.6,0.21,22.1,102.4,0.98,0.8,"?turuturu","Clear skies, slight winds ","Slight ripples, hazy but can still see bottom ",NA
2025-02-12,"10:40","Hannah's Bay",2,"A",0.1,2.81,0.03,288.5,1995.6,0.14,22.1,102.4,0.98,0.8,"?turuturu","Clear skies, slight winds ","Slight ripples, hazy but can still see bottom ",NA
2025-02-12,"10:40","Hannah's Bay",3,"A",0.1,3.4,0.02,291.88,1162.7,0.25,22.1,102.4,0.98,0.8,"?turuturu","Clear skies, slight winds ","Slight ripples, hazy but can still see bottom ",NA
2025-02-12,"11:25","Te P?hue",1,NA,0.1,1.98,0.05,78.27,405.6,0.19,21.3,99.4,0.68,0.18,"?turuturu",NA,"Moderate wave action, clear ",NA
2025-02-12,"11:25","Te P?hue",2,NA,0.1,0.9,0.11,183.35,483.2,0.37,21.3,99.4,0.68,0.18,"?turuturu",NA,"Moderate wave action, clear ",NA
2025-02-12,"11:25","Te P?hue",3,NA,0.1,0.6,0.12,133.26,732.12,0.18,21.3,99.4,0.68,0.18,"?turuturu",NA,"Moderate wave action, clear ",NA
2025-02-12,"11:40","Ohau Channel",1,NA,0.1,1,0.1,78.96,836.5,0.09,21.2,88.6,0.7,0.31,"?turuturu",NA,"high wave action, clear ",NA
2025-02-12,"11:40","Ohau Channel",2,NA,0.1,2.08,0.04,199.17,896.65,0.22,21.2,88.6,0.7,0.31,"?turuturu",NA,"high wave action, clear ",NA
2025-02-12,"11:40","Ohau Channel",3,NA,0.1,0.8,0.12,162.07,1483.7,0.1,21.2,88.6,0.7,0.31,"?turuturu",NA,"high wave action, clear ",NA
2025-02-12,"12:01","Hamurana (East)",1,NA,0.1,1.39,0.07,278.13,1968.6,0.14,19.9,104.8,2.25,0.52,"?turuturu",NA,"high wave action, murky ",NA
2025-02-12,"12:01","Hamurana (East)",2,NA,0.1,2.32,0.04,256.86,1249.1,0.2,19.9,104.8,2.25,0.52,"?turuturu",NA,"high wave action, murky ",NA
2025-02-12,"12:01","Hamurana (East)",3,NA,0.1,1.95,0.05,204.7,1211.5,0.16,19.9,104.8,2.25,0.52,"?turuturu",NA,"high wave action, murky ",NA
2025-02-12,"12.26","Hamurana (bridge)",1,NA,0.1,5.27,0.01,773.77,3297,0.23,19,134,5.52,0.79,"?turuturu",NA,"high wave action, murky ",NA
2025-02-12,"12.26","Hamurana (bridge)",2,NA,0.1,6.31,0.01,1076.8,4631.6,0.23,19,134,5.52,0.79,"?turuturu",NA,"high wave action, murky ",NA
2025-02-12,"12.26","Hamurana (bridge)",3,NA,0.1,5.47,0.01,949.15,4699.7,0.2,19,134,5.52,0.79,"?turuturu",NA,"high wave action, murky ",NA
2025-02-12,"12.39","Hamurana (West)",1,NA,5.5,4.24,1.29,515.79,2437.9,0.21,21.9,118.5,7.85,1.43,"?turuturu",NA,"moderate wave action, murky ",NA
2025-02-12,"12.39","Hamurana (West)",2,NA,0.1,3.6,0.02,469.08,2679.5,0.17,21.9,118.5,7.85,1.43,"?turuturu",NA,"moderate wave action, murky ",NA
2025-02-12,"12.39","Hamurana (West)",3,NA,28.78,4.14,0.95,539.83,2543.5,0.21,21.9,118.5,7.85,1.43,"?turuturu",NA,"moderate wave action, murky ",NA
2025-02-12,"12.55","Awahou (Tarimano)",1,NA,0.1,0.85,0.11,61.83,197.15,0.31,14.2,110,1.07,0.05,"?turuturu",NA,"flat, clear",NA
2025-02-12,"12.55","Awahou (Tarimano)",2,NA,0.1,0.75,0.13,0,0,0,14.2,110,1.07,0.05,"?turuturu",NA,"flat, clear",NA
2025-02-12,"12.55","Awahou (Tarimano)",3,NA,0.1,0.6,0.16,7.53,285.22,0.02,14.2,110,1.07,0.05,"?turuturu",NA,"flat, clear",NA
2025-02-12,"13:14","Ngongotaha",1,NA,25.65,1.98,12.95,239.03,1811.6,0.13,22.9,114.3,1.45,0.99,"?turuturu",NA,"Moderate wave action, hazy ",NA
2025-02-12,"13:14","Ngongotaha",2,NA,15.47,1.83,8.45,347.5,1309.2,0.26,22.9,114.3,1.45,0.99,"?turuturu",NA,"Moderate wave action, hazy ",NA
2025-02-12,"13:14","Ngongotaha",3,NA,14.69,2.77,5.3,390.81,1338,0.29,22.9,114.3,1.45,0.99,"?turuturu",NA,"Moderate wave action, hazy ",NA
2025-02-12,"13:31","Te Koutu",1,NA,0.1,1.54,0.06,118.83,762.35,0.15,24,120.1,1,0.91,"?turuturu",NA,"moderate wave action, clear ",NA
2025-02-12,"13:31","Te Koutu",2,NA,0.1,1.98,0.05,201.24,822.49,0.24,24,120.1,1,0.91,"?turuturu",NA,"moderate wave action, clear ",NA
2025-02-12,"13:31","Te Koutu",3,NA,0.1,1.44,0.06,230.05,683.81,0.33,24,120.1,1,0.91,"?turuturu",NA,"moderate wave action, clear ",NA
2025-02-12,"14:05","Lake Front",1,NA,0.1,5.8,0.01,3689.5,1025.4,0.27,26.9,173.8,7.1,0.7,"?turuturu",NA,"moderate wave action, murky ",NA
2025-02-12,"14:05","Lake Front",2,NA,0.1,5.57,0.01,957.44,2934.2,0.32,26.9,173.8,7.1,0.7,"?turuturu",NA,"moderate wave action, murky ",NA
2025-02-12,"14:05","Lake Front",3,NA,0.1,5.03,0.01,916.2,2699.6,0.33,26.9,173.8,7.1,0.7,"?turuturu",NA,"moderate wave action, murky ",NA
2025-02-14,"10:22","Hannah's Bay",1,"A",0.1,5.08,0.01,864.73,3717.5,0.23,NA,NA,NA,NA,"R?kaumatohi ","Fine spells, light winds ","Light wave action, clear","Probe unavailable for use"
2025-02-14,"10:22","Hannah's Bay",2,"A",0.1,5.22,0.01,729.4,4300.1,0.16,NA,NA,NA,NA,"R?kaumatohi ","Fine spells, light winds ","Light wave action, clear",NA
2025-02-14,"10:22","Hannah's Bay",3,"A",0.1,4.24,0.02,495.89,2242.5,0.22,NA,NA,NA,NA,"R?kaumatohi ","Fine spells, light winds ","Light wave action, clear",NA
2025-02-14,"10:58","Te P?hue",1,NA,0.1,0.5,0.2,43.5,358.53,0.12,NA,NA,NA,NA,"R?kaumatohi ",NA,"ripples, clear",NA
2025-02-14,"10:58","Te P?hue",2,NA,0.1,0.6,0.16,70.05,1096.4,0.06,NA,NA,NA,NA,"R?kaumatohi ",NA,"ripples, clear",NA
2025-02-14,"10:58","Te P?hue",3,NA,0.1,0.75,0.13,55.32,570.43,0.07,NA,NA,NA,NA,"R?kaumatohi ",NA,"ripples, clear",NA
2025-02-14,"11:10","Ohau Channel",1,NA,0.1,2.52,0.03,92.71,921.95,0.1,NA,NA,NA,NA,"R?kaumatohi ",NA,"ripples. clear ",NA
2025-02-14,"11:10","Ohau Channel",2,NA,0.1,1.78,0.05,177.89,884.5,0.2,NA,NA,NA,NA,"R?kaumatohi ",NA,"ripples. clear ",NA
2025-02-14,"11:10","Ohau Channel",3,NA,0.1,1.34,0.07,156.61,889.73,0.17,NA,NA,NA,NA,"R?kaumatohi ",NA,"ripples. clear ",NA
2025-02-14,"11.22","Hamurana (East)",1,NA,0.1,2.77,0.08,471.16,3364.3,0.14,NA,NA,NA,NA,"R?kaumatohi ",NA,"ripples, clear ",NA
2025-02-14,"11.22","Hamurana (East)",2,NA,0.1,1.83,0.05,321.45,2703.1,0.11,NA,NA,NA,NA,"R?kaumatohi ",NA,"ripples, clear ",NA
2025-02-14,"11.22","Hamurana (East)",3,NA,0.1,2.37,0.04,424.46,1919.8,0.22,NA,NA,NA,NA,"R?kaumatohi ",NA,"ripples, clear ",NA
2025-02-14,"11:42","Hamurana (bridge)",1,NA,0.1,3.5,0.02,642.52,2991.7,0.21,NA,NA,NA,NA,"R?kaumatohi ",NA,"slight ripples/ murky ",NA
2025-02-14,"11:42","Hamurana (bridge)",2,NA,0.1,5.86,0.01,854.37,4374.37,0.19,NA,NA,NA,NA,"R?kaumatohi ",NA,"slight ripples/ murky "," "
2025-02-14,"11:42","Hamurana (bridge)",3,NA,0.1,3.8,0.02,574.16,574.16,0.18,NA,NA,NA,NA,"R?kaumatohi ",NA,"slight ripples/ murky ",NA
2025-02-14,"12:00","Hamurana (West)",1,NA,0.1,1,0.1,0,0,0,NA,NA,NA,NA,"R?kaumatohi ",NA,"ripples, clear",NA
2025-02-14,"12:00","Hamurana (West)",2,NA,0.1,1.19,0.08,30.88,510.29,0.06,NA,NA,NA,NA,"R?kaumatohi ",NA,"ripples, clear",NA
2025-02-14,"12:00","Hamurana (West)",3,NA,0.1,1.34,0.07,0,0,0,NA,NA,NA,NA,"R?kaumatohi ",NA,"ripples, clear",NA
2025-02-14,"12:21","Awahou (Tarimano)",1,NA,4,1.39,2.87,94.78,255.61,0.37,NA,NA,NA,NA,"R?kaumatohi ",NA,"Flat, clear",NA
2025-02-14,"12:21","Awahou (Tarimano)",2,NA,0.1,1.29,0.07,87.25,239.92,0.36,NA,NA,NA,NA,"R?kaumatohi ",NA,"Flat, clear",NA
2025-02-14,"12:21","Awahou (Tarimano)",3,NA,0.1,1.3,0.07,64.59,905.96,0.08,NA,NA,NA,NA,"R?kaumatohi ",NA,"Flat, clear",NA
2025-02-14,"12:40","Ngongotaha",1,NA,0.1,1.29,0.05,278.13,2292.2,0.12,NA,NA,NA,NA,"R?kaumatohi ",NA,"clear, light wave action",NA
2025-02-14,"12:40","Ngongotaha",2,NA,0.1,1.73,0.04,182.66,1134.7,0.16,NA,NA,NA,NA,"R?kaumatohi ",NA,"clear, light wave action",NA
2025-02-14,"12:40","Ngongotaha",3,NA,0.1,1.78,0.05,143.56,906.26,0.15,NA,NA,NA,NA,"R?kaumatohi ",NA,"clear, light wave action",NA
2025-02-14,"13:13","Te Koutu",1,NA,0.1,1.73,0.05,143.56,831.27,0.17,NA,NA,NA,NA,"R?kaumatohi ",NA,"light wave action, clear",NA
2025-02-14,"13:13","Te Koutu",2,NA,0.1,2.03,0.04,271.3,993.49,0.27,NA,NA,NA,NA,"R?kaumatohi ",NA,"light wave action, clear",NA
2025-02-14,"13:13","Te Koutu",3,NA,0.1,1.83,0.05,122.28,739.66,0.16,NA,NA,NA,NA,"R?kaumatohi ",NA,"light wave action, clear",NA
2025-02-14,"13:30","Lake Front",1,NA,0.1,5.8,0.01,3689.5,1025.4,0.21,NA,NA,NA,NA,"R?kaumatohi ",NA,"moderate wave action, murky ",NA
2025-02-14,"13:30","Lake Front",2,NA,0.1,5.57,0.01,957.44,2934.2,0.32,NA,NA,NA,NA,"R?kaumatohi ",NA,"moderate wave action, murky ",NA
2025-02-14,"13:30","Lake Front",3,NA,0.1,5.03,0.01,916.2,2699.6,0.33,NA,NA,NA,NA,"R?kaumatohi ",NA,"moderate wave action, murky ",NA
2025-02-19,"10:50","Hannah's Bay",1,"A",0.1,2.77,0.03,144.25,1837,0.07,22.3,82,2.75,0.64,"Korekore-piri-ki-nga-Tangaroa ","Cloudy, medium winds- northerlies ","High wave action, hazy but can still see lake floor ",NA
2025-02-19,"10:50","Hannah's Bay",2,"A",0.1,4,0.02,182.66,1630.2,0.11,22.3,82,2.75,0.64,"Korekore-piri-ki-nga-Tangaroa ","Cloudy, medium winds- northerlies ","High wave action, hazy but can still see lake floor ",NA
2025-02-19,"10:50","Hannah's Bay",3,"A",0.1,2.47,0.04,268.53,1643.3,0.16,22.3,82,2.75,0.64,"Korekore-piri-ki-nga-Tangaroa ","Cloudy, medium winds- northerlies ","High wave action, hazy but can still see lake floor ",NA
2025-02-19,"11:25","Te P?hue",1,NA,0.1,1.04,0.09,139.41,878.34,0.15,22.7,96.5,1.83,0.27,"Korekore-piri-ki-nga-Tangaroa ",NA,"High wave action, clear.",NA
2025-02-19,"11:25","Te P?hue",2,NA,0.1,0.75,0.13,186.11,431.75,0.43,22.7,96.5,1.83,0.27,"Korekore-piri-ki-nga-Tangaroa ",NA,"High wave action, clear.",NA
2025-02-19,"11:25","Te P?hue",3,NA,0.1,1.04,0.09,354.4,1294.4,0.29,22.7,96.5,1.83,0.27,"Korekore-piri-ki-nga-Tangaroa ",NA,"High wave action, clear.",NA
2025-02-19,"11:45","Ohau Channel",1,NA,0.1,1.29,0.07,166.91,549.51,0.3,22,79.2,0.62,0.36,"Korekore-piri-ki-nga-Tangaroa ",NA,"light wave action, clear. ",NA
2025-02-19,"11:45","Ohau Channel",2,NA,0.1,0.9,0.11,126.36,1273.4,0.09,22,79.2,0.62,0.36,"Korekore-piri-ki-nga-Tangaroa ",NA,"light wave action, clear. ",NA
2025-02-19,"11:45","Ohau Channel",3,NA,16.26,4.04,4.02,74.2,1227.2,0.06,22,79.2,0.62,0.36,"Korekore-piri-ki-nga-Tangaroa ",NA,"light wave action, clear. ",NA
2025-02-19,"12:12","Hamurana (East)",1,NA,17.04,2.18,7.81,317.31,914.11,0.34,22.2,74.2,1.38,0.4,"Korekore-piri-ki-nga-Tangaroa ",NA,"light wave action, clear",NA
2025-02-19,"12:12","Hamurana (East)",2,NA,5.5,1.54,3.57,250.71,1959.9,0.12,22.2,74.2,1.38,0.4,"Korekore-piri-ki-nga-Tangaroa ",NA,"light wave action, clear",NA
2025-02-19,"12:12","Hamurana (East)",3,NA,0.1,2.42,0.04,102.31,509.35,0.37,22.2,74.2,1.38,0.4,"Korekore-piri-ki-nga-Tangaroa ",NA,"light wave action, clear",NA
2025-02-19,"12:30","Hamurana (bridge)",1,NA,27.21,1.63,16.69,146.32,785.88,0.18,17.2,114,0.67,0.19,"Korekore-piri-ki-nga-Tangaroa ",NA,"Clear, ripples",NA
2025-02-19,"12:30","Hamurana (bridge)",2,NA,38.17,1.63,23.41,149.71,785.04,0.19,17.2,114,0.67,0.19,"Korekore-piri-ki-nga-Tangaroa ",NA,"Clear, ripples",NA
2025-02-19,"12:30","Hamurana (bridge)",3,NA,47.56,1.73,27.49,102.31,513.74,0.19,17.2,114,0.67,0.19,"Korekore-piri-ki-nga-Tangaroa ",NA,"Clear, ripples",NA
2025-02-19,"12:53","Hamurana (West)",1,NA,1,1.29,0.77,89.26,477.13,0.18,23.1,108.8,0.41,0.12,"Korekore-piri-ki-nga-Tangaroa ",NA,"clear, ripples ",NA
2025-02-19,"12:53","Hamurana (West)",2,NA,0.1,1.19,0.08,0,0,0,23.1,108.8,0.41,0.12,"Korekore-piri-ki-nga-Tangaroa ",NA,"clear, ripples ",NA
2025-02-19,"12:53","Hamurana (West)",3,NA,0.1,1.49,0.06,39.17,622.82,0.06,23.1,108.8,0.41,0.12,"Korekore-piri-ki-nga-Tangaroa ",NA,"clear, ripples ",NA
2025-02-19,"13:16","Awahou (Tarimano)",1,NA,40.52,1.59,25.48,37.79,143.07,0.26,13.7,94.3,0.18,0.01,"Korekore-piri-ki-nga-Tangaroa ",NA,"light wave actions, clear ",NA
2025-02-19,"13:16","Awahou (Tarimano)",2,NA,23.3,1.83,12.73,36.41,293.99,0.12,13.7,94.3,0.18,0.01,"Korekore-piri-ki-nga-Tangaroa ",NA,"light wave actions, clear ",NA
2025-02-19,"13:16","Awahou (Tarimano)",3,NA,24.97,1.34,24.97,10.98,118.61,0.09,13.7,94.3,0.18,0.01,"Korekore-piri-ki-nga-Tangaroa ",NA,"light wave actions, clear ",NA
2025-02-19,"13:47","Ngongotaha",1,NA,28.78,1.93,14.91,168.98,641.97,0.26,19.3,108,0.71,0.16,"Korekore-piri-ki-nga-Tangaroa ",NA,"high wave action, clear ",NA
2025-02-19,"13:47","Ngongotaha",2,NA,3.25,1.24,2.62,119.52,531.21,0.22,19.3,108,0.71,0.16,"Korekore-piri-ki-nga-Tangaroa ",NA,"high wave action, clear ",NA
2025-02-19,"13:47","Ngongotaha",3,NA,21.73,1.34,16.21,201.24,614.04,0.32,19.3,108,0.71,0.16,"Korekore-piri-ki-nga-Tangaroa ",NA,"high wave action, clear ",NA
2025-02-19,"14:10","Te Koutu",1,NA,0.1,12.9,0,188.88,1021.4,0.18,23.7,127,0.98,0.52,"Korekore-piri-ki-nga-Tangaroa ",NA,"high wave action, hazy ",NA
2025-02-19,"14:10","Te Koutu",2,NA,0.1,13.1,0,618.1,10359,0.05,23.7,127,0.98,0.52,"Korekore-piri-ki-nga-Tangaroa ",NA,"high wave action, hazy ",NA
2025-02-19,"14:10","Te Koutu",3,NA,1,2.47,0.4,340.66,2285.2,0.14,23.7,127,0.98,0.52,"Korekore-piri-ki-nga-Tangaroa ",NA,"high wave action, hazy ",NA
2025-02-19,"14:29","Lake Front",1,NA,0.1,3.21,0.03,1624.3,4110,0.39,25.7,123.6,4.02,1.55,"Korekore-piri-ki-nga-Tangaroa ",NA,"High wave action, murky ",NA
2025-02-19,"14:29","Lake Front",2,NA,0.1,4.63,0.02,644.91,4383.9,0.14,25.7,123.6,4.02,1.55,"Korekore-piri-ki-nga-Tangaroa ",NA,"High wave action, murky ",NA
2025-02-19,"14:29","Lake Front",3,NA,0.1,4,0.02,397.65,2588.5,0.15,25.7,123.6,4.02,1.55,"Korekore-piri-ki-nga-Tangaroa ",NA,"High wave action, murky ",NA
2025-02-24,"10:40","Hannah's Bay",1,"A",0.1,3.4,0.02,730.78,3217.6,0.22,21.2,101,1.98,0.8,"?rongonui ","Partly cloudy, light winds ","Moderate eave action, clear. ","Probe malfunction in field "
2025-02-24,"10:40","Hannah's Bay",2,"A",0.1,4.39,0.02,632.54,2804.2,0.22,21.2,101,1.98,0.8,"?rongonui ","Partly cloudy, light winds ","Moderate eave action, clear. ",NA
2025-02-24,"10:40","Hannah's Bay",3,"A",0.1,5.42,0.01,496.58,2314,0.21,21.2,101,1.98,0.8,"?rongonui ","Partly cloudy, light winds ","Moderate eave action, clear. ",NA
2025-02-24,"11:15","Te P?hue",1,NA,0.1,1.04,0.09,206.08,853.97,0.24,21.9,98.7,0.99,0.67,"?rongonui ",NA,"Clear, ripples ",NA
2025-02-24,"11:15","Te P?hue",2,NA,0.1,2.27,0.04,162.07,992.65,0.16,21.9,98.7,0.99,0.67,"?rongonui ",NA,"Clear, ripples ",NA
2025-02-24,"11:15","Te P?hue",3,NA,0.1,1.73,0.05,334.51,1420,0.23,21.9,98.7,0.99,0.67,"?rongonui ",NA,"Clear, ripples ",NA
2025-02-24,"11:35","Ohau Channel",1,NA,0.1,1.88,0.05,448.5,1131.3,0.39,NA,NA,NA,NA,"?rongonui ",NA,"flat, clear",NA
2025-02-24,"11:35","Ohau Channel",2,NA,0.1,1.63,0.06,199.17,816.42,0.24,NA,NA,NA,NA,"?rongonui ",NA,"flat, clear",NA
2025-02-24,"11:35","Ohau Channel",3,NA,0.1,1.73,0.05,113.3,857.42,0.13,NA,NA,NA,NA,"?rongonui ",NA,"flat, clear",NA
2025-02-24,"11:59","Hamurana (East)",1,NA,0.1,2.18,0.04,334.51,2086.4,0.27,NA,NA,NA,NA,"?rongonui ",NA,"Clear, ripples ",NA
2025-02-24,"11:59","Hamurana (East)",2,NA,0.1,1.63,0.06,316.61,3042.3,0.17,NA,NA,NA,NA,"?rongonui ",NA,"Clear, ripples ",NA
2025-02-24,"11:59","Hamurana (East)",3,NA,0.1,1.49,0.06,420.31,2764.1,0.19,NA,NA,NA,NA,"?rongonui ",NA,"Clear, ripples ",NA
2025-02-24,"12:19","Hamurana (bridge)",1,NA,0.1,5.27,0.01,599.69,2086.4,0.27,NA,NA,NA,NA,"?rongonui ",NA,"Murky, light wave action. Smelly mud/sediment wash up, oil?",NA
2025-02-24,"12:19","Hamurana (bridge)",2,NA,0.1,3.7,0.02,546.04,3042.3,0.17,NA,NA,NA,NA,"?rongonui ",NA,"Murky, light wave action. Smelly mud/sediment wash up, oil?",NA
2025-02-24,"12:19","Hamurana (bridge)",3,NA,0.1,4.09,0.02,548.05,2764.1,0.19,NA,NA,NA,NA,"?rongonui ",NA,"Murky, light wave action. Smelly mud/sediment wash up, oil?",NA
2025-02-24,"12:30","Hamurana (West)",1,NA,23.3,3.31,7.03,3252.7,1486.3,2.18,NA,NA,NA,NA,"?rongonui ",NA,"Murky, light wave action",NA
2025-02-24,"12:30","Hamurana (West)",2,NA,79.65,5.77,13.8,2741,1717.4,1.59,NA,NA,NA,NA,"?rongonui ",NA,"Murky, light wave action",NA
2025-02-24,"12:30","Hamurana (West)",3,NA,42.86,2.81,15.25,2848.2,1717.4,1.65,NA,NA,NA,NA,"?rongonui ",NA,"Murky, light wave action",NA
2025-02-24,"12:50","Awahou (Tarimano)",1,NA,40.52,1.59,25.48,144.94,416.06,0.34,NA,NA,NA,NA,"?rongonui ",NA,"Clear, flat. ",NA
2025-02-24,"12:50","Awahou (Tarimano)",2,NA,31.13,1.54,20.21,117.44,294.83,0.39,NA,NA,NA,NA,"?rongonui ",NA,"Clear, flat. ",NA
2025-02-24,"12:50","Awahou (Tarimano)",3,NA,76.26,1.09,14.91,234.89,284.38,0.82,NA,NA,NA,NA,"?rongonui ",NA,"Clear, flat. ",NA
2025-02-24,"13:11","Ngongotaha",1,NA,36.6,2.27,16.12,611.26,1788.9,0.34,NA,NA,NA,NA,"?rongonui ",NA,"Murky, ripples ",NA
2025-02-24,"13:11","Ngongotaha",2,NA,0.1,2.52,0.03,937.48,1889.3,0.49,NA,NA,NA,NA,"?rongonui ",NA,"Murky, ripples ",NA
2025-02-24,"13:11","Ngongotaha",3,NA,0.1,1.98,0.05,1355.1,3377.3,0.4,NA,NA,NA,NA,"?rongonui ",NA,"Murky, ripples ",NA
2025-02-24,"13:35","Te Koutu",1,NA,0.1,1.34,0.07,72.12,920.27,0.07,NA,NA,NA,NA,"?rongonui ",NA,"light wave action, clear. ",NA
2025-02-24,"13:35","Te Koutu",2,NA,14.69,0.5,29.38,113.99,542.51,0.21,NA,NA,NA,NA,"?rongonui ",NA,"light wave action, clear. ",NA
2025-02-24,"13:35","Te Koutu",3,NA,5.5,0.85,6.47,113.99,403.82,0.28,NA,NA,NA,NA,"?rongonui ",NA,"light wave action, clear. ",NA
2025-02-24,"14:00","Lake Front",1,NA,0.1,2.18,0.04,609.19,2275.7,0.26,NA,NA,NA,NA,"?rongonui ",NA,"light wave action, clear-ish ",NA
2025-02-24,"14:00","Lake Front",2,NA,0.1,2.81,0.05,526.77,2225.9,0.23,NA,NA,NA,NA,"?rongonui ",NA,"light wave action, clear-ish ",NA
2025-02-24,"14:00","Lake Front",3,NA,0.1,2.47,0.04,522.69,2113.4,0.24,NA,NA,NA,NA,"?rongonui ",NA,"light wave action, clear-ish ",NA
2025-02-26,"11:00","Hannah's Bay",1,"A",0.1,2.91,0.03,514.4,3134.8,0.16,NA,NA,NA,NA,"?mutu ","Partly cloudy, moderate winds (westerlies) ","Murky, high wave action, moderate winds ",NA
2025-02-26,"11:00","Hannah's Bay",2,"A",0.1,4.93,0.02,513.71,2956.9,0.17,NA,NA,NA,NA,"?mutu ","Partly cloudy, moderate winds (westerlies) ","Murky, high wave action, moderate winds ",NA
2025-02-26,"11:00","Hannah's Bay",3,"A",0.1,3.4,0.02,570.09,2681.3,0.21,NA,NA,NA,NA,"?mutu ","Partly cloudy, moderate winds (westerlies) ","Murky, high wave action, moderate winds ",NA
2025-02-26,"11:30","Te P?hue",1,NA,0.1,1.88,0.05,378.45,1461.9,0.25,NA,NA,NA,NA,"?mutu ",NA,"Clear, high wave action, moderate winds ",NA
2025-02-26,"11:30","Te P?hue",2,NA,0.1,1.83,0.05,367.46,1229,0.29,NA,NA,NA,NA,"?mutu ",NA,"Clear, high wave action, moderate winds ",NA
2025-02-26,"11:30","Te P?hue",3,NA,0.1,1.93,0.05,483.52,1485.4,0.32,NA,NA,NA,NA,"?mutu ",NA,"Clear, high wave action, moderate winds ",NA
2025-02-26,"11:45","Ohau Channel",1,NA,0.1,14.82,0,633.23,2177.9,0.29,NA,NA,NA,NA,"?mutu ",NA,"High wave action, murky, light winds",NA
2025-02-26,"11:45","Ohau Channel",2,NA,0.1,3.11,0.03,765.57,1889.3,0.4,NA,NA,NA,NA,"?mutu ",NA,"High wave action, murky, light winds",NA
2025-02-26,"11:45","Ohau Channel",3,NA,0.1,2.91,0.03,844.77,4572.3,0.18,NA,NA,NA,NA,"?mutu ",NA,"High wave action, murky, light winds",NA
2025-02-26,"12:06","Hamurana (East)",1,NA,0.1,3.01,0.03,599.59,1863.1,0.32,NA,NA,NA,NA,"?mutu ",NA,"High wave action, murky, light winds ",NA
2025-02-26,"12:06","Hamurana (East)",2,NA,0.1,2.52,0.03,610.57,1780.3,0.34,NA,NA,NA,NA,"?mutu ",NA,"High wave action, murky, light winds ",NA
2025-02-26,"12:06","Hamurana (East)",3,NA,0.1,3.01,0.03,639.45,2075.9,0.3,NA,NA,NA,NA,"?mutu ",NA,"High wave action, murky, light winds ",NA
2025-02-26,"12:19","Hamurana (bridge)",1,NA,2.5,19.55,0.12,2798.7,13310,0.21,NA,NA,NA,NA,"?mutu ",NA,"Moderate wind action, light winds, murky, smelly/oil coating top of water near shores",NA
2025-02-26,"12:19","Hamurana (bridge)",2,NA,0.1,21.65,0,2937.4,13109,0.22,NA,NA,NA,NA,"?mutu ",NA,"Moderate wind action, light winds, murky, smelly/oil coating top of water near shores",NA
2025-02-26,"12:19","Hamurana (bridge)",3,NA,10.78,16.79,0.64,2747.9,12610,0.21,NA,NA,NA,NA,"?mutu ",NA,"Moderate wind action, light winds, murky, smelly/oil coating top of water near shores",NA
2025-02-26,"12:29","Hamurana (West)",1,NA,2.5,5.27,0.47,1197.7,4283.6,0.27,NA,NA,NA,NA,"?mutu ",NA,"Light wave action, murky-ish (can still see lake bottom). ",NA
2025-02-26,"12:29","Hamurana (West)",2,NA,0.1,6.06,0.01,1147.6,3953.8,0.29,NA,NA,NA,NA,"?mutu ",NA,"Light wave action, murky-ish (can still see lake bottom). ",NA
2025-02-26,"12:29","Hamurana (West)",3,NA,0.1,5.67,0.01,1150.4,4195.4,0.27,NA,NA,NA,NA,"?mutu ",NA,"Light wave action, murky-ish (can still see lake bottom). ",NA
2025-02-26,"12:49","Awahou (Tarimano)",1,NA,0.1,5.08,0.01,661.42,2294,0.28,NA,NA,NA,NA,"?mutu ",NA,"light wave action, clear. ",NA
2025-02-26,"12:49","Awahou (Tarimano)",2,NA,1,3.01,0.33,530.45,2544.3,0.21,NA,NA,NA,NA,"?mutu ",NA,"light wave action, clear. ",NA
2025-02-26,"12:49","Awahou (Tarimano)",3,NA,4.75,2.81,1.69,835.16,3255.2,0.25,NA,NA,NA,NA,"?mutu ",NA,"light wave action, clear. ",NA
2025-02-26,"13:15","Ngongotaha",1,NA,0.1,1.34,0.07,478.6,1486.3,0.32,NA,NA,NA,NA,"?mutu ",NA,"flat, clear. ",NA
2025-02-26,"13:15","Ngongotaha",2,NA,0.1,1.93,0.05,419.62,1612.7,0.62,NA,NA,NA,NA,"?mutu ",NA,"flat, clear. ",NA
2025-02-26,"13:15","Ngongotaha",3,NA,0.1,2.27,0.04,346.87,1539.5,0.22,NA,NA,NA,NA,"?mutu ",NA,"flat, clear. ",NA
2025-02-26,"13:30","Te Koutu",1,NA,3.25,0.55,5.9,63.21,318.37,0.19,NA,NA,NA,NA,"?mutu ",NA,"flat, clear. ",NA
2025-02-26,"13:30","Te Koutu",2,NA,0.1,0.95,0.1,89.26,425.68,0.2,NA,NA,NA,NA,"?mutu ",NA,"flat, clear. ",NA
2025-02-26,"13:30","Te Koutu",3,NA,0.1,0.75,0.13,96.86,450.98,0.21,NA,NA,NA,NA,"?mutu ",NA,"flat, clear. ",NA
2025-02-26,"13:42","Lake Front",1,NA,8.5,2.18,3.89,390.81,990.04,0.39,NA,NA,NA,NA,"?mutu ",NA,"flat, clear. ",NA
2025-02-26,"13:42","Lake Front",2,NA,0.1,1.68,0.05,146.32,861.81,0.16,NA,NA,NA,NA,"?mutu ",NA,"flat, clear. ",NA
2025-02-26,"13:42","Lake Front",3,NA,0.1,1.88,0.05,188.19,790.27,0.23,NA,NA,NA,NA,"?mutu ",NA,"flat, clear. ",NA
2025-03-02,"12:28","Hannah's Bay",1,"A",22.52,2.91,7.73,440.97,3128.7,0.14,22.7,109.3,1.38,1.16,"Hoata ",NA,"Moderate wind and wace action, clear ",NA
2025-03-02,"12:28","Hannah's Bay",2,"A",13.91,2.67,5.2,443.66,1829.1,0.24,22.7,109.3,1.38,1.16,"Hoata ",NA,"Moderate wind and wace action, clear ",NA
2025-03-02,"12:28","Hannah's Bay",3,"A",0.1,5.27,0.01,415.54,1904.1,0.21,22.7,109.3,1.38,1.16,"Hoata ",NA,"Moderate wind and wace action, clear ",NA
2025-03-02,"12:25","Te P?hue",1,NA,17.04,2.27,7.5,364.01,921.11,0.39,22.9,103.8,1.07,0.36,"Hoata ",NA,"Moderate wave action, murky ",NA
2025-03-02,"12:25","Te P?hue",2,NA,0.1,2.08,0.04,320.76,808.88,0.39,22.9,103.8,1.07,0.36,"Hoata ",NA,"Moderate wave action, murky ",NA
2025-03-02,"12:25","Te P?hue",3,NA,0.1,2.03,0.04,351.64,832.11,0.42,22.9,103.8,1.07,0.36,"Hoata ",NA,"Moderate wave action, murky ",NA
2025-03-02,"12:03","Ohau Channel",1,NA,1,3.16,0.31,360.55,1287.4,0.28,21.2,109.8,2.46,0.56,"Hoata ",NA,"High winds and wave action, murky",NA
2025-03-02,"12:03","Ohau Channel",2,NA,22.5,3.31,0.8,367.46,1187,0.3,21.2,109.8,2.46,0.56,"Hoata ",NA,"High winds and wave action, murky",NA
2025-03-02,"12:03","Ohau Channel",3,NA,18.6,3.16,0.36,445.04,1388.6,0.32,21.2,109.8,2.46,0.56,"Hoata ",NA,"High winds and wave action, murky",NA
2025-03-02,"11:47","Hamurana (East)",1,NA,31.91,4.78,6.67,767.18,1931.1,0.39,20.8,106.3,5.87,1.28,"Hoata ",NA,"High winds and wave action, murky",NA
2025-03-02,"11:47","Hamurana (East)",2,NA,18.6,5.57,3.33,710.19,2236.4,0.31,20.8,106.3,5.87,1.28,"Hoata ",NA,"High winds and wave action, murky",NA
2025-03-02,"11:47","Hamurana (East)",3,NA,2.5,4.29,0.58,736.23,2442.2,0.3,20.8,106.3,5.87,1.28,"Hoata ",NA,"High winds and wave action, murky",NA
2025-03-02,"11:23","Hamurana (bridge)",1,NA,13.13,11.37,1.15,2301.4,7950.5,0.28,21.2,112.1,6.25,2.39,"Hoata ",NA,"High winds and wave action, murky ",NA
2025-03-02,"11:23","Hamurana (bridge)",2,NA,1.75,18.51,0.07,3774,12187,0.3,21.2,112.1,6.25,2.39,"Hoata ",NA,"High winds and wave action, murky ",NA
2025-03-02,"11:23","Hamurana (bridge)",3,NA,4,12.65,0.31,2899,13077,0.22,21.2,112.1,6.25,2.39,"Hoata ",NA,"High winds and wave action, murky ",NA
2025-03-02,"11:00","Hamurana (West)",1,NA,4.75,5.81,0.81,1276.7,4412.7,0.28,21.2,103,4.68,1.26,"Hoata ",NA,"High winds and wave action, murky ",NA
2025-03-02,"11:00","Hamurana (West)",2,NA,0.1,5.91,0.01,1265.7,5385.2,0.23,21.2,103,4.68,1.26,"Hoata ",NA,"High winds and wave action, murky ",NA
2025-03-02,"11:00","Hamurana (West)",3,NA,0.1,7.09,0.01,1300.7,4335.1,0.3,21.2,103,4.68,1.26,"Hoata ",NA,"High winds and wave action, murky ",NA
2025-03-02,NA,"Awahou (Tarimano)",1,NA,8.99,1.5,5.1,250.05,865.55,0.3,20.1,111.1,1.4,0.41,"Hoata ",NA,"Hazy, moderate wave action ",NA
2025-03-02,NA,"Awahou (Tarimano)",2,NA,12,2.9,31,274.6,890.44,0.29,20.1,111.1,1.4,0.41,"Hoata ",NA,"Hazy, moderate wave action ",NA
2025-03-02,NA,"Awahou (Tarimano)",3,NA,38.17,1.93,21.75,391,773.4,0.67,20.1,111.1,1.4,0.41,"Hoata ",NA,"Hazy, moderate wave action ",NA
2025-03-02,"10:29","Ngongotaha",1,NA,0.1,1.59,0.06,323.52,1488.9,0.21,20.4,101.9,0.84,0.93,"Hoata ",NA,"flat, clear ",NA
2025-03-02,"10:29","Ngongotaha",2,NA,0.1,2.62,0.03,224.59,1591.8,0.14,20.4,101.9,0.84,0.93,"Hoata ",NA,"flat, clear ",NA
2025-03-02,"10:29","Ngongotaha",3,NA,0.1,2.22,0.04,331.74,1360.7,0.24,20.4,101.9,0.84,0.93,"Hoata ",NA,"flat, clear ",NA
2025-03-02,"10:05","Te Koutu",1,NA,0.1,1.93,0.02,379.14,1374.7,0.29,21.6,109.5,1.43,0.87,"Hoata ",NA,"Flat, clear ",NA
2025-03-02,"10:05","Te Koutu",2,NA,0.1,2.13,0.02,298.79,1215.9,0.24,21.6,109.5,1.43,0.87,"Hoata ",NA,"Flat, clear ",NA
2025-03-02,"10:05","Te Koutu",3,NA,0.1,1.73,0.02,387.36,1283.1,0.28,21.6,109.5,1.43,0.87,"Hoata ",NA,"Flat, clear ",NA
2025-03-02,"9:48","Lake Front",1,NA,0.1,3.36,0.05,660.03,1741.4,0.24,21,80.8,1.22,0.45,"Hoata ",NA,"Flat, clear ",NA
2025-03-02,"9:48","Lake Front",2,NA,0.1,3.95,0.04,572.09,2233.8,0.25,21,80.8,1.22,0.45,"Hoata ",NA,"Flat, clear ",NA
2025-03-02,"9:48","Lake Front",3,NA,0.1,4,0.05,574.85,2122.2,0.27,21,80.8,1.22,0.45,"Hoata ",NA,"Flat, clear ",NA
2025-03-03,"13:35","Hannah's Bay",1,"A",17.04,3.95,4.31,669.64,3031,0.22,23.8,116.3,1.83,1.47,"?uenuku ",NA,"ripples, clear ",NA
2025-03-03,"13:35","Hannah's Bay",2,"A",25.65,3.85,6.66,598.2,2592.3,0.23,23.8,116.3,1.83,1.47,"?uenuku ",NA,"ripples, clear ",NA
2025-03-03,"13:35","Hannah's Bay",3,"A",28.78,3.31,8.69,576.93,3071.1,0.18,23.8,116.3,1.83,1.47,"?uenuku ",NA,"ripples, clear ",NA
2025-03-03,"13:16","Te P?hue",1,NA,31.13,1.24,25.1,357.17,1047.5,0.34,23.8,115,1.84,1.29,"?uenuku ",NA,"light wave action, clear ",NA
2025-03-03,"13:16","Te P?hue",2,NA,31.91,1.49,21.41,383.21,1317,0.29,23.8,115,1.84,1.29,"?uenuku ",NA,"light wave action, clear ",NA
2025-03-03,"13:16","Te P?hue",3,NA,34.26,1.54,22.24,419.62,1210.7,0.34,23.8,115,1.84,1.29,"?uenuku ",NA,"light wave action, clear ",NA
2025-03-03,"12:52","Ohau Channel",1,NA,10,1,10,379.14,984.81,0.38,21.7,103.9,3.67,0.78,"?uenuku ",NA,"Moderate wind and wave action, murky ",NA
2025-03-03,"12:52","Ohau Channel",2,NA,0.1,1.54,0.06,211.54,730.04,0.28,21.7,103.9,3.67,0.78,"?uenuku ",NA,"Moderate wind and wave action, murky ",NA
2025-03-03,"12:52","Ohau Channel",3,NA,0.1,1.73,0.05,358.55,1040.5,0.34,21.7,103.9,3.67,0.78,"?uenuku ",NA,"Moderate wind and wave action, murky ",NA
2025-03-03,"12:39","Hamurana (East)",1,NA,2.5,3.36,0.74,374.99,1547.3,0.24,22.4,112.5,1.52,0.46,"?uenuku ",NA,"moderate wave action, clear ",NA
2025-03-03,"12:39","Hamurana (East)",2,NA,15.47,2.08,7.43,346.18,1242.9,0.27,22.4,112.5,1.52,0.46,"?uenuku ",NA,"moderate wave action, clear ",NA
2025-03-03,"12:39","Hamurana (East)",3,NA,21.73,2.08,10.7,285.04,1157.4,0.24,22.4,112.5,1.52,0.46,"?uenuku ",NA,"moderate wave action, clear ",NA
2025-03-03,"12:18","Hamurana (bridge)",1,NA,28.78,3.85,7.47,1296.7,5143.6,0.25,21.9,105.6,2.74,0.98,"?uenuku ",NA,"Moderate wind and wave action, murky ",NA
2025-03-03,"12:18","Hamurana (bridge)",2,NA,23.3,5.62,4.14,1269.9,4829.6,0.26,21.9,105.6,2.74,0.98,"?uenuku ",NA,"Moderate wind and wave action, murky ",NA
2025-03-03,"12:18","Hamurana (bridge)",3,NA,38.17,5.08,7.51,1177.8,5188.9,0.22,21.9,105.6,2.74,0.98,"?uenuku ",NA,"Moderate wind and wave action, murky ",NA
2025-03-03,"12:00","Hamurana (West)",1,NA,18.6,1.63,11.41,353.71,1375.5,0.25,21.9,102.3,0.83,0.46,"?uenuku ",NA,"Moderate wind and wave action, hazy ",NA
2025-03-03,"12:00","Hamurana (West)",2,NA,0.1,1.39,0.07,307.7,1157.4,0.26,21.9,102.3,0.83,0.46,"?uenuku ",NA,"Moderate wind and wave action, hazy ",NA
2025-03-03,"12:00","Hamurana (West)",3,NA,13.91,1.44,9.65,395.17,2008.8,0.17,21.9,102.3,0.83,0.46,"?uenuku ",NA,"Moderate wind and wave action, hazy ",NA
2025-03-03,"11:52","Awahou (Tarimano)",1,NA,21.73,1.68,12.93,390.12,1958.2,0.19,19,104.3,1.21,0.35,"?uenuku ",NA,"Hazy, light wave action ",NA
2025-03-03,"11:52","Awahou (Tarimano)",2,NA,55.56,2.13,30.77,539.14,2083.5,0.25,19,104.3,1.21,0.35,"?uenuku ",NA,"Hazy, light wave action ",NA
2025-03-03,"11:52","Awahou (Tarimano)",3,NA,0.1,1.98,0.05,342.04,1891.9,0.18,19,104.3,1.21,0.35,"?uenuku ",NA,"Hazy, light wave action ",NA
2025-03-03,"11:30","Ngongotaha",1,NA,9.25,1.78,5.19,274.06,844.35,0.32,20.6,96.5,0.99,0.75,"?uenuku ",NA,"flat, clear ",NA
2025-03-03,"11:30","Ngongotaha",2,NA,11.56,2.67,4.32,247.94,830.43,0.29,20.6,96.5,0.99,0.75,"?uenuku ",NA,"flat, clear ",NA
2025-03-03,"11:30","Ngongotaha",3,NA,36.17,1.83,20.85,427.22,743.2,0.57,20.6,96.5,0.99,0.75,"?uenuku ",NA,"flat, clear ",NA
2025-03-03,"10:20","Te Koutu",1,NA,0.1,1.04,0.09,499.34,1347.6,0.37,21.4,97.3,0.79,0.8,"?uenuku ",NA,"flat, clear",NA
2025-03-03,"10:20","Te Koutu",2,NA,0.1,1.39,0.07,293.26,1507.2,0.19,21.4,97.3,0.79,0.8,"?uenuku ",NA,"flat, clear",NA
2025-03-03,"10:20","Te Koutu",3,NA,0.1,0.25,0.4,205.39,1249.9,0.16,21.4,97.3,0.79,0.8,"?uenuku ",NA,"flat, clear",NA
2025-03-03,"9:50","Lake Front",1,NA,0.1,3.11,0.03,451.95,2483.2,0.18,21.3,79.8,1.28,0.83,"?uenuku ",NA,"flat, clear",NA
2025-03-03,"9:50","Lake Front",2,NA,0.1,5.08,0.01,552.19,2070.7,0.26,21.3,79.8,1.28,0.83,"?uenuku ",NA,"flat, clear",NA
2025-03-03,"9:50","Lake Front",3,NA,0.1,3.11,0.03,435.44,2186.7,0.19,21.3,79.8,1.28,0.83,"?uenuku ",NA,"flat, clear",NA
2025-03-05,"10:15","Hannah's Bay",1,"A",0.1,0.85,0.11,149.71,903.65,0.16,19.5,84.1,0.85,0.47,"Tamateatutahi ","Clear skies, moderate winds ","ripples. clear",NA
2025-03-05,"10:15","Hannah's Bay",2,"A",0.1,1.04,0.09,26.8,571.3,0.04,19.5,84.1,0.85,0.47,"Tamateatutahi ","Clear skies, moderate winds ","ripples. clear",NA
2025-03-05,"10:15","Hannah's Bay",3,"A",0.1,0.9,0.11,199.02,888.8,0.16,19.5,84.1,0.85,0.47,"Tamateatutahi ","Clear skies, moderate winds ","ripples. clear",NA
2025-03-05,"10:36","Te P?hue",1,NA,0.1,1.63,0.06,258.93,712.67,0.36,18,96.2,2.05,0.5,"Tamateatutahi ",NA,"Light wave action, clear ",NA
2025-03-05,"10:36","Te P?hue",2,NA,0.1,1.68,0.05,228.74,688.2,0.33,18,96.2,2.05,0.5,"Tamateatutahi ",NA,"Light wave action, clear ",NA
2025-03-05,"10:36","Te P?hue",3,NA,0.1,1.83,0.05,407.94,1238.6,0.32,18,96.2,2.05,0.5,"Tamateatutahi ",NA,"Light wave action, clear ",NA
2025-03-05,"10:54","Ohau Channel",1,NA,60.86,2.52,25.15,947.77,1376.7,0.69,17,102.4,4.15,0.73,"Tamateatutahi ",NA,"murky, high wave action ",NA
2025-03-05,"10:54","Ohau Channel",2,NA,33.47,2.13,15.71,367.46,1108.6,0.33,17,102.4,4.15,0.73,"Tamateatutahi ",NA,"murky, high wave action ",NA
2025-03-05,"10:54","Ohau Channel",3,NA,40.52,2.52,16.07,732.85,2229.5,0.32,17,102.4,4.15,0.73,"Tamateatutahi ",NA,"murky, high wave action ",NA
2025-03-05,"11:08","Hamurana (East)",1,NA,46,4,11.5,1106.4,2514.7,0.44,16.6,100.2,7.79,1.54,"Tamateatutahi ",NA,"high wind and  wave action, murky",NA
2025-03-05,"11:08","Hamurana (East)",2,NA,10,3.75,2.66,824.87,2251.5,0.37,16.6,100.2,7.79,1.54,"Tamateatutahi ",NA,"high wind and  wave action, murky",NA
2025-03-05,"11:08","Hamurana (East)",3,NA,18.6,3.06,6.07,813.89,2557.4,0.31,16.6,100.2,7.79,1.54,"Tamateatutahi ",NA,"high wind and  wave action, murky",NA
2025-03-05,"11:24","Hamurana (bridge)",1,NA,26.65,15.35,1.66,2629.7,10693,0.24,18.4,110.7,11.01,6.21,"Tamateatutahi ",NA,"high wind and  wave action, murky",NA
2025-03-05,"11:24","Hamurana (bridge)",2,NA,8.5,12.16,0.69,2973.2,12409,0.23,18.4,110.7,11.01,6.21,"Tamateatutahi ",NA,"high wind and  wave action, murky",NA
2025-03-05,"11:24","Hamurana (bridge)",3,NA,24.08,16.05,1.5,3247.2,16203,0.2,18.4,110.7,11.01,6.21,"Tamateatutahi ",NA,"high wind and  wave action, murky",NA
2025-03-05,"11:38","Hamurana (West)",1,NA,91.39,4,22.84,2868.1,4244.3,0.67,18.6,94.7,38.3,6.51,"Tamateatutahi ",NA,"High wind and wave action, murky ",NA
2025-03-05,"11:38","Hamurana (West)",2,NA,53.82,4.49,11.98,2679.2,3348.5,0.8,18.6,94.7,38.3,6.51,"Tamateatutahi ",NA,"High wind and wave action, murky ",NA
2025-03-05,"11:38","Hamurana (West)",3,NA,82,4.04,20.29,2529.5,3664.2,0.69,18.6,94.7,38.3,6.51,"Tamateatutahi ",NA,"High wind and wave action, murky ",NA
2025-03-05,"12:06","Awahou (Tarimano)",1,NA,3.25,2.96,1.09,1006.1,2394.3,0.42,19.9,101.3,9.88,1.46,"Tamateatutahi ",NA,"High wind and wave action, murky",NA
2025-03-05,"12:06","Awahou (Tarimano)",2,NA,3.25,3.11,1.04,1105.7,2230.3,0.49,19.9,101.3,9.88,1.46,"Tamateatutahi ",NA,"High wind and wave action, murky",NA
2025-03-05,"12:06","Awahou (Tarimano)",3,NA,20.95,2.22,9.43,156.06,2288.8,0.41,19.9,101.3,9.88,1.46,"Tamateatutahi ",NA,"High wind and wave action, murky",NA
2025-03-05,"12:24","Ngongotaha",1,NA,0.1,2.77,0.03,1705.3,979.58,1.7,16.8,110.1,3.5,0.15,"Tamateatutahi ",NA,"clear, flat ",NA
2025-03-05,"12:24","Ngongotaha",2,NA,7,4.14,1.69,840.69,839.96,1,16.8,110.1,3.5,0.15,"Tamateatutahi ",NA,"clear, flat ",NA
2025-03-05,"12:24","Ngongotaha",3,NA,26.43,5.37,4.92,654.51,887.12,0.73,16.8,110.1,3.5,0.15,"Tamateatutahi ",NA,"clear, flat ",NA
2025-03-05,"12:45","Te Koutu",1,NA,0.1,4.04,0.02,807.67,2644.6,0.3,20.5,110.4,1.39,0.82,"Tamateatutahi ",NA,"clear, flat",NA
2025-03-05,"12:45","Te Koutu",2,NA,8.5,1.59,5.34,576.93,1691.3,0.34,20.5,110.4,1.39,0.82,"Tamateatutahi ",NA,"clear, flat",NA
2025-03-05,"12:45","Te Koutu",3,NA,19.39,1.24,15.63,346.18,1335.4,0.25,20.5,110.4,1.39,0.82,"Tamateatutahi ",NA,"clear, flat",NA
2025-03-05,"13:02","Lake Front",1,NA,46,0.8,57.5,182.66,361.98,0.5,20.3,97.8,1.4,0.07,"Tamateatutahi ",NA,"clear, flat ",NA
2025-03-05,"13:02","Lake Front",2,NA,22.52,0.8,28.15,78.96,286.45,0.2,20.3,97.8,1.4,0.07,"Tamateatutahi ",NA,"clear, flat ",NA
2025-03-05,"13:02","Lake Front",3,NA,21.73,0.65,33.43,91.33,331.44,0.27,20.3,97.8,1.4,0.07,"Tamateatutahi ",NA,"clear, flat ",NA
2025-03-07,"10:46","Hannah's Bay",1,"A",0.1,1.09,0.09,343.42,880.96,0.38,18.4,95.5,0.96,0.52,"Tamateaangana",NA,"ripples, clear",NA
2025-03-07,"10:46","Hannah's Bay",2,"A",0.1,1.19,0.08,191.64,1232.4,0.15,18.4,95.5,0.96,0.52,"Tamateaangana",NA,"ripples, clear",NA
2025-03-07,"10:46","Hannah's Bay",3,"A",0.1,0.6,0.16,349.57,1290.1,0.27,18.4,95.5,0.96,0.52,"Tamateaangana",NA,"ripples, clear",NA
2025-03-07,"11:09","Te P?hue",1,NA,13.91,1.19,11.68,140.1,290.45,0.48,16.4,97,1.17,0.1,"Tamateaangana",NA,"Light wave action, clear ",NA
2025-03-07,"11:09","Te P?hue",2,NA,10.78,1.04,10.36,56.3,327.05,0.17,16.4,97,1.17,0.1,"Tamateaangana",NA,"Light wave action, clear ",NA
2025-03-07,"11:09","Te P?hue",3,NA,0.1,1,0.1,94.78,587.9,0.16,16.4,97,1.17,0.1,"Tamateaangana",NA,"Light wave action, clear ",NA
2025-03-07,"11:27","Ohau Channel",1,NA,35.04,2.08,16.84,251.4,633.28,0.39,17.7,92.9,0.81,0.22,"Tamateaangana",NA,"Light wave action, clear ",NA
2025-03-07,"11:27","Ohau Channel",2,NA,21.73,2.42,8.97,581.07,633.28,0.91,17.7,92.9,0.81,0.22,"Tamateaangana",NA,"Light wave action, clear ",NA
2025-03-07,"11:27","Ohau Channel",3,NA,10,1.78,5.61,390.12,1253.4,0.31,17.7,92.9,0.81,0.22,"Tamateaangana",NA,"Light wave action, clear ",NA
2025-03-07,"11:46","Hamurana (East)",1,NA,5.6,3.55,1.54,1129.8,1304.8,0.86,19.8,102.4,2.05,0.49,"Tamateaangana",NA,"Light wave action, clear ",NA
2025-03-07,"11:46","Hamurana (East)",2,NA,31.91,2.77,11.51,401.8,1179.2,0.34,19.8,102.4,2.05,0.49,"Tamateaangana",NA,"Light wave action, clear ",NA
2025-03-07,"11:46","Hamurana (East)",3,NA,10.78,2.47,4.36,713.58,741.43,0.96,19.8,102.4,2.05,0.49,"Tamateaangana",NA,"Light wave action, clear ",NA
2025-03-07,"12:01","Hamurana (bridge)",1,NA,40.52,3.75,10.8,427.22,1098.1,0.38,16.7,92.4,6.67,0.55,"Tamateaangana",NA,"flat, murky ",NA
2025-03-07,"12:01","Hamurana (bridge)",2,NA,7,3.21,2.18,513.71,1502,0.34,16.7,92.4,6.67,0.55,"Tamateaangana",NA,"flat, murky ",NA
2025-03-07,"12:01","Hamurana (bridge)",3,NA,24.08,3.06,7.86,440.97,1002.1,0.44,16.7,92.4,6.67,0.55,"Tamateaangana",NA,"flat, murky ",NA
2025-03-07,"12:14","Hamurana (West)",1,NA,30.34,2.27,13.36,186.11,897.58,0.2,17,100.2,8.86,0.25,"Tamateaangana",NA,"flat, murky ",NA
2025-03-07,"12:14","Hamurana (West)",2,NA,4.75,3.25,1.45,231.43,651.59,0.35,17,100.2,8.86,0.25,"Tamateaangana",NA,"flat, murky ",NA
2025-03-07,"12:14","Hamurana (West)",3,NA,0.1,1.68,0.05,267.15,566.98,0.47,17,100.2,8.86,0.25,"Tamateaangana",NA,"flat, murky ",NA
2025-03-07,"12:29","Awahou (Tarimano)",1,NA,72.6,1.39,52.23,152.47,235.53,0.64,13.9,94,0.32,0.02,"Tamateaangana",NA,"flat, clear ",NA
2025-03-07,"12:29","Awahou (Tarimano)",2,NA,82,1.04,78.84,40.55,221.52,0.18,13.9,94,0.32,0.02,"Tamateaangana",NA,"flat, clear ",NA
2025-03-07,"12:29","Awahou (Tarimano)",3,NA,9.47,1.68,41.35,92.71,210.22,0.44,13.9,94,0.32,0.02,"Tamateaangana",NA,"flat, clear ",NA
2025-03-07,"12:48","Ngongotaha",1,NA,14.69,1.29,11.38,355.09,587.05,0.6,18.5,103,1.02,0.38,"Tamateaangana",NA,"Light wave action, clear ",NA
2025-03-07,"12:48","Ngongotaha",2,NA,19.39,1.34,14.47,250.02,789.43,0.31,18.5,103,1.02,0.38,"Tamateaangana",NA,"Light wave action, clear ",NA
2025-03-07,"12:48","Ngongotaha",3,NA,1,1.93,0.51,338.58,1152.6,0.29,18.5,103,1.02,0.38,"Tamateaangana",NA,"Light wave action, clear ",NA
2025-03-07,"13:11","Te Koutu",1,NA,20.95,0.85,24.64,144.25,689.97,0.2,19.6,115.2,0.53,0.18,"Tamateaangana",NA,"flat, clear ",NA
2025-03-07,"13:11","Te Koutu",2,NA,22.52,1,22.52,815.27,6022,0.13,19.6,115.2,0.53,0.18,"Tamateaangana",NA,"flat, clear ",NA
2025-03-07,"13:11","Te Koutu",3,NA,11.55,1.29,8.96,902.45,5181.1,0.17,19.6,115.2,0.53,0.18,"Tamateaangana",NA,"flat, clear ",NA
2025-03-07,"13:26","Lake Front",1,NA,0.1,1.63,0.66,359.17,1117.3,0.32,23.7,133.6,1.45,0.17,"Tamateaangana",NA,"Flat, clear ",NA
2025-03-07,"13:26","Lake Front",2,NA,0.1,3.16,0.03,271.99,1775,0.15,23.7,133.6,1.45,0.17,"Tamateaangana",NA,"Flat, clear ",NA
2025-03-07,"13:26","Lake Front",3,NA,4.75,2.86,1.65,290.5,1246.4,0.23,23.7,133.6,1.45,0.17,"Tamateaangana",NA,"Flat, clear ",NA
2025-03-10,"10:43","Hannah's Bay",1,"A",0.1,3.22,0.02,249.33,1166.1,0.21,18.4,96.8,1.3,0.67,"Arimatanui ","Partly cloudy, light winds ","Clear, ripples ",NA
2025-03-10,"10:43","Hannah's Bay",2,"A",0.1,1.49,0.06,535.71,1797.6,0.19,18.4,96.8,1.3,0.67,"Arimatanui ","Partly cloudy, light winds ","Clear, ripples ",NA
2025-03-10,"10:43","Hannah's Bay",3,"A",0.1,0.35,0.28,302.18,1331.9,0.22,18.4,96.8,1.3,0.67,"Arimatanui ","Partly cloudy, light winds ","Clear, ripples ",NA
2025-03-10,"11:09","Te P?hue",1,NA,0.1,1.83,0.05,254.09,881.89,0.28,18.4,102.6,1.2,0.53,"Arimatanui ",NA,NA,NA
2025-03-10,"11:09","Te P?hue",2,NA,0.1,1.09,0.09,393.58,898.42,0.43,18.4,102.6,1.2,0.53,"Arimatanui ",NA,NA,NA
2025-03-10,"11:09","Te P?hue",3,NA,2.5,1.39,1.79,254.09,756.28,0.33,18.4,102.6,1.2,0.53,"Arimatanui ",NA,NA,NA
2025-03-10,"11:32","Ohau Channel",1,NA,4.75,6.6,0.71,353.02,1105.1,0.31,17.6,94.6,0.76,0.33,"Arimatanui ",NA,NA,NA
2025-03-10,"11:32","Ohau Channel",2,NA,4.75,1.59,2.98,196.41,673.35,0.29,17.6,94.6,0.76,0.33,"Arimatanui ",NA,NA,NA
2025-03-10,"11:32","Ohau Channel",3,NA,33.47,0.9,37.18,344.11,705.66,0.48,17.6,94.6,0.76,0.33,"Arimatanui ",NA,NA,NA
2025-03-10,"11:48","Hamurana (East)",1,NA,13.13,2.67,4.91,464.32,1732.3,0.26,19.1,106,1.61,0.72,"Arimatanui ",NA,NA,NA
2025-03-10,"11:48","Hamurana (East)",2,NA,3.25,3.21,1.01,876.41,1634.6,0.53,19.1,106,1.61,0.72,"Arimatanui ",NA,NA,NA
2025-03-10,"11:48","Hamurana (East)",3,NA,0.1,1.63,0.06,715.65,1619.7,0.44,19.1,106,1.61,0.72,"Arimatanui ",NA,NA,NA
2025-03-10,"12:13","Hamurana (bridge)",1,NA,48.34,5.67,8.52,1462.9,7503.1,0.19,16.8,108,10.53,5.01,"Arimatanui ",NA,NA,NA
2025-03-10,"12:13","Hamurana (bridge)",2,NA,43.65,6.8,6.41,1637.3,8318.1,0.19,16.8,108,10.53,5.01,"Arimatanui ",NA,NA,NA
2025-03-10,"12:13","Hamurana (bridge)",3,NA,28.78,9.36,3.07,1573.4,8821.9,0.17,16.8,108,10.53,5.01,"Arimatanui ",NA,NA,NA
2025-03-10,"12:30","Hamurana (West)",1,NA,42.08,3.01,13.98,814.58,2626.3,0.31,17.8,105,14.74,1.84,"Arimatanui ",NA,NA,NA
2025-03-10,"12:30","Hamurana (West)",2,NA,42.86,2.47,17.35,712.19,2525.1,0.28,17.8,105,14.74,1.84,"Arimatanui ",NA,NA,NA
2025-03-10,"12:30","Hamurana (West)",3,NA,19.39,2.77,7,801.52,2656,0.3,17.8,105,14.74,1.84,"Arimatanui ",NA,NA,NA
2025-03-10,"12:47","Awahou (Tarimano)",1,NA,0.1,1.19,0.08,449.88,1203.7,0.37,16.3,99.5,2.22,0.18,"Arimatanui ",NA,NA,NA
2025-03-10,"12:47","Awahou (Tarimano)",2,NA,0.1,1.68,0.05,333.13,1153.1,0.28,16.3,99.5,2.22,0.18,"Arimatanui ",NA,NA,NA
2025-03-10,"12:47","Awahou (Tarimano)",3,NA,7,1.83,3.82,509.64,1260.4,0.4,16.3,99.5,2.22,0.18,"Arimatanui ",NA,NA,NA
2025-03-10,"13:06","Ngongotaha",1,NA,14.69,3.5,4.19,657.27,1263.8,0.52,17.3,114.8,7.66,0.32,"Arimatanui ",NA,NA,NA
2025-03-10,"13:06","Ngongotaha",2,NA,13.13,2.22,5.19,565.25,1471.4,0.38,17.3,114.8,7.66,0.32,"Arimatanui ",NA,NA,NA
2025-03-10,"13:06","Ngongotaha",3,NA,0.1,1.39,0.07,610.57,1354.6,0.45,17.3,114.8,7.66,0.32,"Arimatanui ",NA,NA,NA
2025-03-10,"13:32","Te Koutu",1,NA,34.26,2.08,16.47,511.71,1293.5,0.39,19.9,120.1,1.73,0.35,"Arimatanui ",NA,NA,NA
2025-03-10,"13:32","Te Koutu",2,NA,0.1,1.88,0.05,1261,5792.6,0.2,19.9,120.1,1.73,0.35,"Arimatanui ",NA,NA,NA
2025-03-10,"13:32","Te Koutu",3,NA,0.1,1.59,0.06,1936.7,1693,1.14,19.9,120.1,1.73,0.35,"Arimatanui ",NA,NA,NA
2025-03-10,"13:49","Lake Front",1,NA,0.1,0.7,0.14,330.36,963.89,0.34,22,107.2,1.28,0.16,"Arimatanui ",NA,NA,NA
2025-03-10,"13:49","Lake Front",2,NA,0.1,0.75,0.13,217.75,737.04,0.29,22,107.2,1.28,0.16,"Arimatanui ",NA,NA,NA
2025-03-10,"13:49","Lake Front",3,NA,0.1,1,0.1,350.95,1315.3,0.26,22,107.2,1.28,0.16,"Arimatanui ",NA,NA,NA
2025-03-12,"11:06","Hannah's Bay",1,"A",1,5.08,0.19,655.91,2752.7,0.23,19.9,99.8,2.44,0.96,"?hoturoa ",NA,NA,NA
2025-03-12,"11:06","Hannah's Bay",2,"A",0.1,5.81,0.01,838.62,3221.2,0.26,19.9,99.8,2.44,0.96,"?hoturoa ",NA,NA,NA
2025-03-12,"11:06","Hannah's Bay",3,"A",0.1,3.75,0.02,623.63,2827.8,0.22,19.9,99.8,2.44,0.96,"?hoturoa ",NA,NA,NA
2025-03-12,"11:29","Te P?hue",1,NA,23.3,3.8,6.13,557.72,2034,0.27,19.2,101.1,8.39,1.12,"?hoturoa ",NA,NA,NA
2025-03-12,"11:29","Te P?hue",2,NA,20.95,6.55,3.19,821.42,2086.4,0.39,19.2,101.1,8.39,1.12,"?hoturoa ",NA,NA,NA
2025-03-12,"11:29","Te P?hue",3,NA,11.56,3.01,3.84,738.31,2099.6,0.35,19.2,101.1,8.39,1.12,"?hoturoa ",NA,NA,NA
2025-03-12,"11:42","Ohau Channel",1,NA,22.52,5.96,3.77,775.41,1919.8,0.4,19.1,106.3,11.36,2.62,"?hoturoa ",NA,NA,NA
2025-03-12,"11:42","Ohau Channel",2,NA,29.56,6.45,4.58,2187.5,6289.7,0.34,19.1,106.3,11.36,2.62,"?hoturoa ",NA,NA,NA
2025-03-12,"11:42","Ohau Channel",3,NA,25.66,5.77,4.44,958.83,2686.5,0.35,19.1,106.3,11.36,2.62,"?hoturoa ",NA,NA,NA
2025-03-12,"11:54","Hamurana (East)",1,NA,78.86,2.77,28.46,516.48,13763,0.38,18.4,111.7,3.43,0.45,"?hoturoa ",NA,NA,NA
2025-03-12,"11:54","Hamurana (East)",2,NA,30.34,2.32,13.07,508.95,1271.7,0.4,18.4,111.7,3.43,0.45,"?hoturoa ",NA,NA,NA
2025-03-12,"11:54","Hamurana (East)",3,NA,18.6,2.32,8.01,754.82,1368.5,0.55,18.4,111.7,3.43,0.45,"?hoturoa ",NA,NA,NA
2025-03-12,"12:10","Hamurana (bridge)",1,NA,89.04,3.99,1.66,21126,104196,0.2,20.1,114,5.84,1.61,"?hoturoa ",NA,NA,NA
2025-03-12,"12:10","Hamurana (bridge)",2,NA,114.79,83.32,1.39,21326,107091,0.19,20.1,114,5.84,1.61,"?hoturoa ",NA,NA,NA
2025-03-12,"12:10","Hamurana (bridge)",3,NA,60.86,94.73,0.64,22328,111938,0.19,20.1,114,5.84,1.61,"?hoturoa ",NA,NA,NA
2025-03-12,"12:23","Hamurana (West)",1,NA,4,3.9,1.02,883.25,2270.4,0.35,20,105,3.67,0.63,"?hoturoa ",NA,NA,NA
2025-03-12,"12:23","Hamurana (West)",2,NA,19.39,4.04,4.79,548.05,1637.2,0.33,20,105,3.67,0.63,"?hoturoa ",NA,NA,NA
2025-03-12,"12:23","Hamurana (West)",3,NA,27.21,2.67,10.19,618.79,1475.8,0.41,20,105,3.67,0.63,"?hoturoa ",NA,NA,NA
2025-03-12,"12:39","Awahou (Tarimano)",1,NA,10,3.65,2.73,335.82,846.96,0.39,17.1,98.7,0.42,0.14,"?hoturoa ",NA,NA,NA
2025-03-12,"12:39","Awahou (Tarimano)",2,NA,35.04,2.32,15.1,177.89,904.49,0.19,17.1,98.7,0.42,0.14,"?hoturoa ",NA,NA,NA
2025-03-12,"12:39","Awahou (Tarimano)",3,NA,7,3.45,2.02,124.28,805.96,0.15,17.1,98.7,0.42,0.14,"?hoturoa ",NA,NA,NA
2025-03-12,"12:55","Ngongotaha",1,NA,71.82,1.54,46.63,326.91,1060.6,0.3,20.6,107.7,0.89,0.77,"?hoturoa ",NA,NA,NA
2025-03-12,"12:55","Ngongotaha",2,NA,35.82,1.98,18.09,464.32,1454,0.31,20.6,107.7,0.89,0.77,"?hoturoa ",NA,NA,NA
2025-03-12,"12:55","Ngongotaha",3,NA,25.65,2.03,12.63,422.38,1618.9,0.26,20.6,107.7,0.89,0.77,"?hoturoa ",NA,NA,NA
2025-03-12,"13:17","Te Koutu",1,NA,50.69,1.98,25.6,76.27,272.14,0.28,21.9,117.9,0.87,0.45,"?hoturoa ",NA,NA,NA
2025-03-12,"13:17","Te Koutu",2,NA,50.69,1.93,26.26,113.3,261.68,0.43,21.9,117.9,0.87,0.45,"?hoturoa ",NA,NA,NA
2025-03-12,"13:17","Te Koutu",3,NA,52.26,1.92,26.39,78.27,266.07,0.29,21.9,117.9,0.87,0.45,"?hoturoa ",NA,NA,NA
2025-03-12,"13:39","Lake Front",1,NA,28.17,2.57,14.85,221.14,747.5,0.29,23.5,110,0.91,0.27,"?hoturoa ",NA,NA,NA
2025-03-12,"13:39","Lake Front",2,NA,0.1,5.21,0.01,184.73,807.74,0.22,23.5,110,0.91,0.27,"?hoturoa ",NA,NA,NA
2025-03-12,"13:39","Lake Front",3,NA,22.52,4.44,5.07,158.69,640.19,0.24,23.5,110,0.91,0.27,"?hoturoa ",NA,NA,NA
2025-03-14,"11:34","Hannah's Bay",1,"A",0.1,3.5,0.02,585.84,3562.3,0.16,20.6,96,0.96,0.41,"R?kaunui ",NA,NA,NA
2025-03-14,"11:34","Hannah's Bay",2,"A",0.1,3.75,0.02,831.02,4807.8,0.17,20.6,96,0.96,0.41,"R?kaunui ",NA,NA,NA
2025-03-14,"11:34","Hannah's Bay",3,"A",0.1,5.77,0.01,745.91,3151.4,0.23,20.6,96,0.96,0.41,"R?kaunui ",NA,NA,NA
2025-03-14,"12:23","Te P?hue",1,NA,25.65,2.27,11.29,585.15,938.58,0.62,21.2,98.7,1.88,0.39,"R?kaunui ",NA,NA,NA
2025-03-14,"12:23","Te P?hue",2,NA,0.1,1.73,0.05,767.18,1003.9,0.72,21.2,98.7,1.88,0.39,"R?kaunui ",NA,NA,NA
2025-03-14,"12:23","Te P?hue",3,NA,5.5,1.49,3.69,347.5,561.75,0.61,21.2,98.7,1.88,0.39,"R?kaunui ",NA,NA,NA
2025-03-14,"12:36","Ohau Channel",1,NA,0.1,2.18,0.04,320.7,892.35,0.35,21.3,95.1,0.85,0.69,"R?kaunui ",NA,NA,NA
2025-03-14,"12:36","Ohau Channel",2,NA,0.1,1.73,0.05,430,844.35,0.51,21.3,95.1,0.85,0.69,"R?kaunui ",NA,NA,NA
2025-03-14,"12:36","Ohau Channel",3,NA,0.1,1.78,0.05,1017.2,1090.3,0.93,21.3,95.1,0.85,0.69,"R?kaunui ",NA,NA,NA
2025-03-14,"13:30","Hamurana (East)",1,NA,0.1,1.78,0.05,438.89,1460.1,0.3,22.3,115.1,2.02,0.43,"R?kaunui ",NA,NA,NA
2025-03-14,"13:30","Hamurana (East)",2,NA,0.1,2.18,0.04,364.01,733.58,0.49,22.3,115.1,2.02,0.43,"R?kaunui ",NA,NA,NA
2025-03-14,"13:30","Hamurana (East)",3,NA,0.1,2.62,0.03,789.84,990.88,0.79,22.3,115.1,2.02,0.43,"R?kaunui ",NA,NA,NA
2025-03-14,"13:46","Hamurana (bridge)",1,NA,0.1,13.54,0,2776.7,11738,0.23,20,119.9,2.52,1.22,"R?kaunui ",NA,NA,NA
2025-03-14,"13:46","Hamurana (bridge)",2,NA,3.25,12.21,0.26,2809.7,12004,0.23,20,119.9,2.52,1.22,"R?kaunui ",NA,NA,NA
2025-03-14,"13:46","Hamurana (bridge)",3,NA,4.75,16.69,0.28,2733.5,11251,0.24,20,119.9,2.52,1.22,"R?kaunui ",NA,NA,NA
2025-03-14,"13:57","Hamurana (West)",1,NA,0.1,1.49,0.06,170.98,700.57,0.22,21.5,112.6,0.56,0.24,"R?kaunui ",NA,NA,NA
2025-03-14,"13:57","Hamurana (West)",2,NA,11.56,1.54,7.5,267.15,927.18,0.28,21.5,112.6,0.56,0.24,"R?kaunui ",NA,NA,NA
2025-03-14,"13:57","Hamurana (West)",3,NA,11.56,1.44,8.02,258.93,981.26,0.26,21.5,112.6,0.56,0.24,"R?kaunui ",NA,NA,NA
2025-03-14,"15:25","Lake Front",1,NA,0.1,5.21,0.01,760.28,3387.8,0.22,23,109.8,1.1,0.3,"R?kaunui ",NA,NA,NA
2025-03-14,"15:25","Lake Front",2,NA,0.1,6.6,0.01,894.23,4192,0.21,23,109.8,1.1,0.3,"R?kaunui ",NA,NA,NA
2025-03-14,"15:25","Lake Front",3,NA,0.1,6.65,0.01,758.96,3886.7,0.19,23,109.8,1.1,0.3,"R?kaunui ",NA,NA,NA
2025-03-17,"9:14","Hannah's Bay",1,"A",122.57,8.37,14.64,346.18,1955.6,0.17,21.4,42.5,4.33,0.82,"Oike ","Cloudy ","moderate wave action, hazy ",NA
2025-03-17,"9:14","Hannah's Bay",2,"A",24.08,8.18,2.94,298.1,1036.2,0.28,21.4,42.5,4.33,0.82,"Oike ","Cloudy ","moderate wave action, hazy ",NA
2025-03-17,"9:14","Hannah's Bay",3,"A",24.86,8.42,2.95,442.28,807.74,0.54,21.4,42.5,4.33,0.82,"Oike ","Cloudy ","moderate wave action, hazy ",NA
2025-03-17,"9:39","Te P?hue",1,NA,20.95,6.6,3.17,75.58,758.89,0.09,20.2,96.1,1.56,0.51,"Oike ",NA,"ripples, clear",NA
2025-03-17,"9:39","Te P?hue",2,NA,24.86,8.62,2.88,241.11,1215,0.19,20.2,96.1,1.56,0.51,"Oike ",NA,"ripples, clear",NA
2025-03-17,"9:39","Te P?hue",3,NA,0.1,3.5,0.02,150.4,611.43,0.24,20.2,96.1,1.56,0.51,"Oike ",NA,"ripples, clear",NA
2025-03-17,"10:02","Ohau Channel",1,NA,30.34,7.63,3.97,359.86,141.73,0.25,19.5,95.8,1.31,0.54,"Oike ",NA,"moderate wave action, hazy ",NA
2025-03-17,"10:02","Ohau Channel",2,NA,0.1,3.16,0.03,280.21,1552.6,0.18,19.5,95.8,1.31,0.54,"Oike ",NA,"moderate wave action, hazy ",NA
2025-03-17,"10:02","Ohau Channel",3,NA,6.25,7,0.69,228.74,1508.1,0.15,19.5,95.8,1.31,0.54,"Oike ",NA,"moderate wave action, hazy ",NA
2025-03-17,"10:21","Hamurana (East)",1,NA,0.1,4.09,0.02,470.47,1892.7,0.24,13.5,91.5,0.74,0.6,"Oike ",NA,"light wave action, clear ",NA
2025-03-17,"10:21","Hamurana (East)",2,NA,32.69,6.01,5.43,423.07,1427,0.29,13.5,91.5,0.74,0.6,"Oike ",NA,"light wave action, clear ",NA
2025-03-17,"10:21","Hamurana (East)",3,NA,0.1,4.78,0.02,357.86,2146.5,0.16,13.5,91.5,0.74,0.6,"Oike ",NA,"light wave action, clear ",NA
2025-03-17,"10:38","Hamurana (bridge)",1,NA,0.1,4.34,0.02,271.3,1292.7,0.2,20.7,88.9,0.18,0.05,"Oike ",NA,"light wave action, clear ",NA
2025-03-17,"10:38","Hamurana (bridge)",2,NA,0.1,2.67,0.03,372.92,2307.9,0.16,20.7,88.9,0.18,0.05,"Oike ",NA,"light wave action, clear ",NA
2025-03-17,"10:38","Hamurana (bridge)",3,NA,24.86,5.18,4.79,578.31,2798.1,0.2,20.7,88.9,0.18,0.05,"Oike ",NA,"light wave action, clear ",NA
2025-03-17,"10:50","Hamurana (West)",1,NA,77.3,3.75,20.61,179.97,853.97,0.21,18.1,90.9,0.42,0.49,"Oike ",NA,"light wave action, clear",NA
2025-03-17,"10:50","Hamurana (West)",2,NA,8.5,5.86,1.45,179.27,980.42,0.18,18.1,90.9,0.42,0.49,"Oike ",NA,"light wave action, clear",NA
2025-03-17,"10:50","Hamurana (West)",3,NA,0.01,2.42,0.05,152.47,859.2,0.17,18.1,90.9,0.42,0.49,"Oike ",NA,"light wave action, clear",NA
2025-03-17,"11:06","Awahou (Tarimano)",1,NA,76.52,2.37,32.28,208.08,225.07,0.92,20.3,84.1,1.16,1.22,"Oike ",NA,"light wave action, hazy ",NA
2025-03-17,"11:06","Awahou (Tarimano)",2,NA,7.75,3.11,2.49,88.57,246.83,0.35,20.3,84.1,1.16,1.22,"Oike ",NA,"light wave action, hazy ",NA
2025-03-17,"11:06","Awahou (Tarimano)",3,NA,43.34,2.18,22.17,52.92,259.07,0.2,20.3,84.1,1.16,1.22,"Oike ",NA,"light wave action, hazy ",NA
2025-03-17,"11:18","Ngongotaha",1,NA,0.1,3.45,0.02,358.55,1086.7,0.32,20.3,98.8,0.97,0.94,"Oike ",NA,"moderate wave action, clear-hazy ",NA
2025-03-17,"11:18","Ngongotaha",2,NA,0.1,2.32,0.04,158.69,848.74,0.18,20.3,98.8,0.97,0.94,"Oike ",NA,"moderate wave action, clear-hazy ",NA
2025-03-17,"11:18","Ngongotaha",3,NA,10.78,1.24,8.69,158,636.74,0.24,20.3,98.8,0.97,0.94,"Oike ",NA,"moderate wave action, clear-hazy ",NA
2025-03-17,"11:31","Te Koutu",1,NA,0.1,2.47,0.04,236.27,911.49,0.25,21.8,93.4,0.88,0.68,"Oike ",NA,"moderate wave action, clear",NA
2025-03-17,"11:31","Te Koutu",2,NA,0.1,2.37,0.04,188.88,793.73,0.23,21.8,93.4,0.88,0.68,"Oike ",NA,"moderate wave action, clear",NA
2025-03-17,"11:31","Te Koutu",3,NA,0.1,2.22,0.04,207.39,862.65,0.24,21.8,93.4,0.88,0.68,"Oike ",NA,"moderate wave action, clear",NA
2025-03-17,"11:48","Lake Front",1,NA,0.1,7,0.01,760.28,3387.8,0.22,21.9,86.1,2.82,0.72,"Oike ",NA,"moderate wave action, hazy but can still see lake bottom",NA
2025-03-17,"11:48","Lake Front",2,NA,0.1,7.19,0.01,894.23,4192,0.21,21.9,86.1,2.82,0.72,"Oike ",NA,"moderate wave action, hazy but can still see lake bottom",NA
2025-03-17,"11:48","Lake Front",3,NA,0.1,6.69,0.01,758.96,3886.7,0.19,21.9,86.1,2.82,0.72,"Oike ",NA,"moderate wave action, hazy but can still see lake bottom",NA
2025-03-19,"13:39","Hannah's Bay",1,"A",0.1,3.75,0.02,956.75,5187.3,0.18,NA,NA,NA,NA,"Korekore-te-ngangana","Overcast, drizzles ","clear, flat","Probe algae sensor malfunction in the field. Advised to not use probe until sensor is inspected. "
2025-03-19,"13:39","Hannah's Bay",2,"A",0.1,3.7,0.02,1287.1,6148.4,0.2,NA,NA,NA,NA,"Korekore-te-ngangana","Overcast, drizzles ","clear, flat",NA
2025-03-19,"13:39","Hannah's Bay",3,"A",0.1,4.09,0.02,1247.2,7619.9,0.16,NA,NA,NA,NA,"Korekore-te-ngangana","Overcast, drizzles ","clear, flat",NA
2025-03-19,"14:02","Te P?hue",1,NA,0.1,0.95,0.1,114.68,649.81,0.17,NA,NA,NA,NA,"Korekore-te-ngangana",NA,"clear flat",NA
2025-03-19,"14:02","Te P?hue",2,NA,52.26,3.06,17.07,235.38,658.59,0.35,NA,NA,NA,NA,"Korekore-te-ngangana",NA,"clear flat",NA
2025-03-19,"14:02","Te P?hue",3,NA,18.6,2.52,7.38,119.52,518.13,0.23,NA,NA,NA,NA,"Korekore-te-ngangana",NA,"clear flat",NA
2025-03-19,"14:24","Ohau Channel",1,NA,0.1,2.18,0.04,175.82,1024.8,0.17,NA,NA,NA,NA,"Korekore-te-ngangana",NA,"clear, flat",NA
2025-03-19,"14:24","Ohau Channel",2,NA,0.1,4.59,0.02,249.33,1492.3,0.16,NA,NA,NA,NA,"Korekore-te-ngangana",NA,"clear, flat",NA
2025-03-19,"14:24","Ohau Channel",3,NA,20.17,0.95,21.23,196.41,777.2,0.25,NA,NA,NA,NA,"Korekore-te-ngangana",NA,"clear, flat",NA
2025-03-19,"14:41","Hamurana (East)",1,NA,13.91,1.63,8.53,174.44,733.58,0.23,NA,NA,NA,NA,"Korekore-te-ngangana",NA,"clear, flat",NA
2025-03-19,"14:41","Hamurana (East)",2,NA,9.25,1.98,4.67,221.14,761.51,0.29,NA,NA,NA,NA,"Korekore-te-ngangana",NA,"clear, flat",NA
2025-03-19,"14:41","Hamurana (East)",3,NA,73.39,1.39,52.79,158.69,587.9,0.26,NA,NA,NA,NA,"Korekore-te-ngangana",NA,"clear, flat",NA
2025-03-19,"14:59","Hamurana (bridge)",1,NA,4,7.98,0.5,422.38,2248.6,0.18,NA,NA,NA,NA,"Korekore-te-ngangana",NA,"clear, flat",NA
2025-03-19,"14:59","Hamurana (bridge)",2,NA,0.1,3.3,0.02,519.95,3316.3,0.23,NA,NA,NA,NA,"Korekore-te-ngangana",NA,"clear, flat",NA
2025-03-19,"14:59","Hamurana (bridge)",3,NA,0.1,7.93,0.01,491.74,2861.8,0.17,NA,NA,NA,NA,"Korekore-te-ngangana",NA,"clear, flat",NA
2025-03-19,"15:11","Hamurana (West)",1,NA,29.56,1.88,15.72,89.95,733.58,0.12,NA,NA,NA,NA,"Korekore-te-ngangana",NA,"clear, flat",NA
2025-03-19,"15:11","Hamurana (West)",2,NA,49.13,3.75,13.1,142.18,1031.8,0.13,NA,NA,NA,NA,"Korekore-te-ngangana",NA,"clear, flat",NA
2025-03-19,"15:11","Hamurana (West)",3,NA,0.1,4.49,0.02,201.93,719.58,0.28,NA,NA,NA,NA,"Korekore-te-ngangana",NA,"clear, flat",NA
2025-03-19,"11:52","Awahou (Tarimano)",1,NA,32.69,9.65,3.38,17.89,72.38,0.24,13,91,0.27,0.03,"Korekore-te-ngangana",NA,"clear, flat",NA
2025-03-19,"11:52","Awahou (Tarimano)",2,NA,38.17,0.75,50.89,31.57,52.3,0.6,13,91,0.27,0.03,"Korekore-te-ngangana",NA,"clear, flat",NA
2025-03-19,"11:52","Awahou (Tarimano)",3,NA,0.1,4.04,0.02,0.69,103.76,0.006,13,91,0.27,0.03,"Korekore-te-ngangana",NA,"clear, flat",NA
2025-03-19,"12:16","Ngongotaha",1,NA,4.75,5.08,0.93,364.01,1321.4,0.27,18.6,102.1,0.62,0.66,"Korekore-te-ngangana",NA,"clear, flat",NA
2025-03-19,"12:16","Ngongotaha",2,NA,0.1,2.13,0.04,501.35,1605.8,0.31,18.6,102.1,0.62,0.66,"Korekore-te-ngangana",NA,"clear, flat",NA
2025-03-19,"12:16","Ngongotaha",3,NA,0.1,6.4,0.01,313.05,1128.7,0.27,18.6,102.1,0.62,0.66,"Korekore-te-ngangana",NA,"clear, flat",NA
2025-03-19,"12:44","Te Koutu",1,NA,0.1,5.22,0.01,129.12,591.35,0.21,19.8,105.8,0.7,0.4,"Korekore-te-ngangana",NA,"clear, flat",NA
2025-03-19,"12:44","Te Koutu",2,NA,0.1,6.19,0.01,272.68,633.28,0.43,19.8,105.8,0.7,0.4,"Korekore-te-ngangana",NA,"clear, flat",NA
2025-03-19,"12:44","Te Koutu",3,NA,0.1,6.06,0.01,276.75,710.05,0.38,19.8,105.8,0.7,0.4,"Korekore-te-ngangana",NA,"clear, flat",NA
2025-03-19,"13:16","Lake Front",1,NA,0.1,1.09,0.09,222.52,1226.4,0.18,21.4,147.4,3.62,0.48,"Korekore-te-ngangana",NA,"clear, flat",NA
2025-03-19,"13:16","Lake Front",2,NA,0.1,1.14,0.08,253.4,1384.2,0.18,21.4,147.4,3.62,0.48,"Korekore-te-ngangana",NA,"clear, flat",NA
2025-03-19,"13:16","Lake Front",3,NA,0.1,1.04,0.09,188.19,1126.1,0.16,21.4,147.4,3.62,0.48,"Korekore-te-ngangana",NA,"clear, flat",NA
2025-03-21,"10:17","Hannah's Bay",1,"A",0.1,1.24,0.08,0,481.52,0,17.1,93.3,1,0.47,"Tangaroa-?-mua ","Partial cloudy ","light wave action and clear",NA
2025-03-21,"10:17","Hannah's Bay",2,"A",0.1,1.29,0.07,162.07,909.72,0.17,17.1,93.3,1,0.47,"Tangaroa-?-mua ","Partial cloudy ","light wave action and clear",NA
2025-03-21,"10:17","Hannah's Bay",3,"A",0.1,1.44,0.05,280.21,1454.9,0.19,17.1,93.3,1,0.47,"Tangaroa-?-mua ","Partial cloudy ","light wave action and clear",NA
2025-03-21,"10:46","Te P?hue",1,NA,0.1,2.27,0.04,188.88,1925,0.09,15.7,96.3,1.8,0.42,"Tangaroa-?-mua ",NA,"light wave action, hazy ",NA
2025-03-21,"10:46","Te P?hue",2,NA,0.1,1.24,0.08,192.33,912.23,0.21,15.7,96.3,1.8,0.42,"Tangaroa-?-mua ",NA,"light wave action, hazy ",NA
2025-03-21,"10:46","Te P?hue",3,NA,10,1.98,5.05,337.2,1099.9,0.3,15.7,96.3,1.8,0.42,"Tangaroa-?-mua ",NA,"light wave action, hazy ",NA
2025-03-21,"11:02","Ohau Channel",1,NA,0.1,0.6,0.16,358.55,3284.9,0.1,15.4,100.6,2.21,0.6,"Tangaroa-?-mua ",NA,"moderate wave action, hazy ",NA
2025-03-21,"11:02","Ohau Channel",2,NA,24.08,0,0,348.83,1295.3,0.26,15.4,100.6,2.21,0.6,"Tangaroa-?-mua ",NA,"moderate wave action, hazy ",NA
2025-03-21,"11:02","Ohau Channel",3,NA,1.75,2.47,0.7,293.26,1322.3,0.22,15.4,100.6,2.21,0.6,"Tangaroa-?-mua ",NA,"moderate wave action, hazy ",NA
2025-03-21,"11:21","Hamurana (East)",1,NA,0.1,0.75,0.1,410.02,1238.6,0.33,16.3,106.5,2.74,0.85,"Tangaroa-?-mua ",NA,"moderate wave action, hazy ",NA
2025-03-21,"11:21","Hamurana (East)",2,NA,0.1,0.95,0.1,620.17,1575.3,0.39,16.3,106.5,2.74,0.85,"Tangaroa-?-mua ",NA,"moderate wave action, hazy ",NA
2025-03-21,"11:21","Hamurana (East)",3,NA,6978.97,486.57,14.34,769.95,1546.4,0.49,16.3,106.5,2.74,0.85,"Tangaroa-?-mua ",NA,"moderate wave action, hazy ",NA
2025-03-21,"11:42","Hamurana (bridge)",1,NA,0.1,23.93,0,5050.1,15026,0.33,17.1,114.8,19.88,10.71,"Tangaroa-?-mua ",NA,"moderate wave action, murky ",NA
2025-03-21,"11:42","Hamurana (bridge)",2,NA,0.1,33.23,0,7046.7,27419,0.25,17.1,114.8,19.88,10.71,"Tangaroa-?-mua ",NA,"moderate wave action, murky ",NA
2025-03-21,"11:42","Hamurana (bridge)",3,NA,0.1,43.47,0,6894.9,30137,0.22,17.1,114.8,19.88,10.71,"Tangaroa-?-mua ",NA,"moderate wave action, murky ",NA
2025-03-21,"11:58","Hamurana (West)",1,NA,0.1,0.75,0.13,393.58,860.99,0.45,16.6,100.7,11.56,0.78,"Tangaroa-?-mua ",NA,"moderate wave action, hazy ",NA
2025-03-21,"11:58","Hamurana (West)",2,NA,0.1,0,0,342.04,754.5,0.45,16.6,100.7,11.56,0.78,"Tangaroa-?-mua ",NA,"moderate wave action, hazy ",NA
2025-03-21,"11:58","Hamurana (West)",3,NA,0.1,0,0,292.57,726.23,0.4,16.6,100.7,11.56,0.78,"Tangaroa-?-mua ",NA,"moderate wave action, hazy ",NA
2025-03-21,"12:14","Awahou (Tarimano)",1,NA,0.1,0,0,190.95,517.29,0.36,17.3,103.3,1.7,0.2,"Tangaroa-?-mua ",NA,"light wave action, clear ",NA
2025-03-21,"12:14","Awahou (Tarimano)",2,NA,0.1,0,0,262.38,584.44,0.44,17.3,103.3,1.7,0.2,"Tangaroa-?-mua ",NA,"light wave action, clear ",NA
2025-03-21,"12:14","Awahou (Tarimano)",3,NA,0.1,1.39,0.07,208.77,762.35,0.27,17.3,103.3,1.7,0.2,"Tangaroa-?-mua ",NA,"light wave action, clear ",NA
2025-03-21,"12:30","Ngongotaha",1,NA,0.1,0,0,162.07,400.37,0.4,16.3,108.7,1.44,0.14,"Tangaroa-?-mua ",NA,"moderate wave action, clear",NA
2025-03-21,"12:30","Ngongotaha",2,NA,0.1,0,0,98.93,497.21,0.19,16.3,108.7,1.44,0.14,"Tangaroa-?-mua ",NA,"moderate wave action, clear",NA
2025-03-21,"12:30","Ngongotaha",3,NA,0.1,0,0,139.41,308.75,0.45,16.3,108.7,1.44,0.14,"Tangaroa-?-mua ",NA,"moderate wave action, clear",NA
2025-03-21,"12:53","Te Koutu",1,NA,0.1,11.18,0,489.67,1878,0.26,18.5,120.3,0.76,0.15,"Tangaroa-?-mua ",NA,"moderate wave action, clear",NA
2025-03-21,"12:53","Te Koutu",2,NA,0.1,2.32,0.04,699.9,642.81,1.08,18.5,120.3,0.76,0.15,"Tangaroa-?-mua ",NA,"moderate wave action, clear",NA
2025-03-21,"12:53","Te Koutu",3,NA,0.4,0,0,138.72,760.57,0.18,18.5,120.3,0.76,0.15,"Tangaroa-?-mua ",NA,"moderate wave action, clear",NA
2025-03-21,"13:09","Lake Front",1,NA,0.1,0,0,1366.7,3075.5,0.44,20.5,102.4,0.92,0.19,"Tangaroa-?-mua ",NA,"moderate wave action, clear ",NA
2025-03-21,"13:09","Lake Front",2,NA,0.1,0,0,144.25,495.44,0.29,20.5,102.4,0.92,0.19,"Tangaroa-?-mua ",NA,"moderate wave action, clear ",NA
2025-03-21,"13:09","Lake Front",3,NA,0.1,0,0,153.85,382.9,0.4,20.5,102.4,0.92,0.19,"Tangaroa-?-mua ",NA,"moderate wave action, clear ",NA
2025-03-24,"14:18","Hannah's Bay",1,"A",0.1,0,0,245.18,1229,0.19,21.5,106.5,1.19,0.61,"?tane ","Overcast ","clear, light wave action",NA
2025-03-24,"14:18","Hannah's Bay",2,"A",0.1,1.09,0.09,245.87,1388.6,0.17,21.5,106.5,1.19,0.61,"?tane ","Overcast ","clear, light wave action",NA
2025-03-24,"14:18","Hannah's Bay",3,"A",0.1,1.93,0.05,173.06,1051,0.16,21.5,106.5,1.19,0.61,"?tane ","Overcast ","clear, light wave action",NA
2025-03-24,"14:04","Te P?hue",1,NA,0.1,0,0,974.58,1484.5,0.65,22,109.3,2.29,0.56,"?tane ",NA,"clear, light wave action",NA
2025-03-24,"14:04","Te P?hue",2,NA,0.1,0,0,1255.3,1263.8,1.2,22,109.3,2.29,0.56,"?tane ",NA,"clear, light wave action",NA
2025-03-24,"14:04","Te P?hue",3,NA,0.1,0,0,308.39,1053.7,0.29,22,109.3,2.29,0.56,"?tane ",NA,"clear, light wave action",NA
2025-03-24,"13:49","Ohau Channel",1,NA,0.1,0,0,1111.3,1372.1,0.8,22,125.1,4.19,0.86,"?tane ",NA,"light wave action, murky",NA
2025-03-24,"13:49","Ohau Channel",2,NA,0.1,1.59,0.05,612.64,1519.4,0.4,22,125.1,4.19,0.86,"?tane ",NA,"light wave action, murky",NA
2025-03-24,"13:49","Ohau Channel",3,NA,0.1,4.44,0.02,426.53,1232.4,0.34,22,125.1,4.19,0.86,"?tane ",NA,"light wave action, murky",NA
2025-03-24,"13:35","Hamurana (East)",1,NA,0.1,0,0,229.43,893.19,0.25,19.4,135.6,2.05,0.41,"?tane ",NA,"murky, light wave action. ",NA
2025-03-24,"13:35","Hamurana (East)",2,NA,0.1,0,0,258.93,760.57,0.34,19.4,135.6,2.05,0.41,"?tane ",NA,"murky, light wave action. ",NA
2025-03-24,"13:35","Hamurana (East)",3,NA,0.1,0.5,2,317.31,785.85,0.4,19.4,135.6,2.05,0.41,"?tane ",NA,"murky, light wave action. ",NA
2025-03-24,"13:19","Hamurana (bridge)",1,NA,0.1,8.62,0.01,3487.6,15512,0.22,20.6,114.1,3.33,1.34,"?tane ",NA,"murky, moderate wave action ",NA
2025-03-24,"13:19","Hamurana (bridge)",2,NA,0.1,10.19,0,4445,21302,0.2,20.6,114.1,3.33,1.34,"?tane ",NA,"murky, moderate wave action ",NA
2025-03-24,"13:19","Hamurana (bridge)",3,NA,0.1,7.73,0.1,4421,20956,0.21,20.6,114.1,3.33,1.34,"?tane ",NA,"murky, moderate wave action ",NA
2025-03-24,"12:52","Hamurana (West)",1,NA,0.1,0,0,472.54,1961.6,0.24,20,107.1,1.89,1.06,"?tane ",NA,"clear, moderate wave action",NA
2025-03-24,"12:52","Hamurana (West)",2,NA,0.1,12.85,0,349.89,2150.1,0.18,20,107.1,1.89,1.06,"?tane ",NA,"clear, moderate wave action",NA
2025-03-24,"12:52","Hamurana (West)",3,NA,0.1,0,0,524.7,1827.3,0.28,20,107.1,1.89,1.06,"?tane ",NA,"clear, moderate wave action",NA
2025-03-24,"12:35","Awahou (Tarimano)",1,NA,0.1,3.01,0.03,537.06,1883.2,0.28,17.8,105,0.9,0.49,"?tane ",NA,"clear, moderate wave action ",NA
2025-03-24,"12:35","Awahou (Tarimano)",2,NA,0.1,4.54,0.02,431.99,1180.1,0.36,17.8,105,0.9,0.49,"?tane ",NA,"clear, moderate wave action ",NA
2025-03-24,"12:35","Awahou (Tarimano)",3,NA,0.1,0,0,477.31,2143.1,0.22,17.8,105,0.9,0.49,"?tane ",NA,"clear, moderate wave action ",NA
2025-03-24,"12:17","Ngongotaha",1,NA,0.1,0,0,565.94,1555.2,0.36,19.8,104.4,0.64,1.05,"?tane ",NA,"flat, clear",NA
2025-03-24,"12:17","Ngongotaha",2,NA,0.1,0,0,258.93,966.5,0.26,19.8,104.4,0.64,1.05,"?tane ",NA,"flat, clear",NA
2025-03-24,"12:17","Ngongotaha",3,NA,0.1,0,0,402.49,1440,0.27,19.8,104.4,0.64,1.05,"?tane ",NA,"flat, clear",NA
2025-03-24,"11:23","Te Koutu",1,NA,0.1,0,0,401.45,1092.9,0.41,19.6,108.5,0.4,0.37,"?tane ",NA,"flat, clear ",NA
2025-03-24,"11:23","Te Koutu",2,NA,0.1,0,0,353.02,1283.9,0.27,19.6,108.5,0.4,0.37,"?tane ",NA,"flat, clear ",NA
2025-03-24,"11:23","Te Koutu",3,NA,0.1,0,0,353.02,990.88,0.35,19.6,108.5,0.4,0.37,"?tane ",NA,"flat, clear ",NA
2025-03-24,"11:14","Lake Front",1,NA,0.1,0,0,395.58,1350.2,0.29,20.3,95.5,1.11,0.33,"?tane ",NA,"clear, flat ",NA
2025-03-24,"11:14","Lake Front",2,NA,0.1,0,0,463.63,1742.7,0.26,20.3,95.5,1.11,0.33,"?tane ",NA,"clear, flat ",NA
2025-03-24,"11:14","Lake Front",3,NA,0.1,0,0,434.75,1297,0.33,20.3,95.5,1.11,0.33,"?tane ",NA,"clear, flat ",NA
2025-03-26,"14:23","Hannah's Bay",1,"A",0.1,0,0,385.21,3927.7,0.09,22.6,117.3,1.34,1.21,"?rongomauri ","Sunny, partly cloudy ","light wave action, murky",NA
2025-03-26,"14:23","Hannah's Bay",2,"A",0.1,2.96,0.03,421,2652.4,0.15,22.6,117.3,1.34,1.21,"?rongomauri ","Sunny, partly cloudy ","light wave action, murky",NA
2025-03-26,"14:23","Hannah's Bay",3,"A",0.1,6.45,0.01,659.34,4363.8,0.15,22.6,117.3,1.34,1.21,"?rongomauri ","Sunny, partly cloudy ","light wave action, murky",NA
2025-03-26,"14:04","Te P?hue",1,NA,0.1,3.21,0.03,124.28,547.74,0.22,23.7,114.6,0.67,0.28,"?rongomauri ",NA,"flat, clear",NA
2025-03-26,"14:04","Te P?hue",2,NA,0.1,0,0,65.22,856.58,0.07,23.7,114.6,0.67,0.28,"?rongomauri ",NA,"flat, clear",NA
2025-03-26,"14:04","Te P?hue",3,NA,0.1,0,0,131.19,26.82,0.24,23.7,114.6,0.67,0.28,"?rongomauri ",NA,"flat, clear",NA
2025-03-26,"13:49","Ohau Channel",1,NA,0.1,0,0,162.76,1361.5,0.11,21.8,106.5,0.62,0.51,"?rongomauri ",NA,"clear, light wave action",NA
2025-03-26,"13:49","Ohau Channel",2,NA,0.1,1.69,0.06,221.14,1295.3,0.17,21.8,106.5,0.62,0.51,"?rongomauri ",NA,"clear, light wave action",NA
2025-03-26,"13:49","Ohau Channel",3,NA,0.1,0.5,0.2,293.26,1721.8,0.17,21.8,106.5,0.62,0.51,"?rongomauri ",NA,"clear, light wave action",NA
2025-03-26,"13:35","Hamurana (East)",1,NA,0.1,0,0,254.78,771.97,0.33,21.3,127.4,1.31,0.61,"?rongomauri ",NA,"Light wave action, hazy ",NA
2025-03-26,"13:35","Hamurana (East)",2,NA,0.1,0,0,182.04,823.43,0.22,21.3,127.4,1.31,0.61,"?rongomauri ",NA,"Light wave action, hazy ",NA
2025-03-26,"13:35","Hamurana (East)",3,NA,0.1,0,0,321.45,1071.1,0.3,21.3,127.4,1.31,0.61,"?rongomauri ",NA,"Light wave action, hazy ",NA
2025-03-26,"13:19","Hamurana (bridge)",1,NA,0.1,0.7,0.14,883.94,5971.4,0.14,20.5,105.4,0.69,0.68,"?rongomauri ",NA,"hazy, light wave action ",NA
2025-03-26,"13:19","Hamurana (bridge)",2,NA,0.1,1.24,0.08,554.96,4410.1,0.12,20.5,105.4,0.69,0.68,"?rongomauri ",NA,"hazy, light wave action ",NA
2025-03-26,"13:19","Hamurana (bridge)",3,NA,0.1,0.8,0.12,925.8,2907.2,0.31,20.5,105.4,0.69,0.68,"?rongomauri ",NA,"hazy, light wave action ",NA
2025-03-26,"13:06","Hamurana (West)",1,NA,0.1,0,0,164.84,471.9,0.34,21.6,107.1,0.47,0.38,"?rongomauri ",NA,"light wave action, clear ",NA
2025-03-26,"13:06","Hamurana (West)",2,NA,0.1,0,0,147.01,407.37,0.36,21.6,107.1,0.47,0.38,"?rongomauri ",NA,"light wave action, clear ",NA
2025-03-26,"13:06","Hamurana (West)",3,NA,0.1,0,0,73.51,418.67,0.17,21.6,107.1,0.47,0.38,"?rongomauri ",NA,"light wave action, clear ",NA
2025-03-26,"12:46","Awahou (Tarimano)",1,NA,0.1,0,0,224.59,510.29,0.44,15.9,99.8,1.11,0.19,"?rongomauri ",NA,"moderate wave action, clear ",NA
2025-03-26,"12:46","Awahou (Tarimano)",2,NA,0.1,0,0,234.28,510.29,0.45,15.9,99.8,1.11,0.19,"?rongomauri ",NA,"moderate wave action, clear ",NA
2025-03-26,"12:46","Awahou (Tarimano)",3,NA,0.1,0,0,162.76,422.21,0.36,15.9,99.8,1.11,0.19,"?rongomauri ",NA,"moderate wave action, clear ",NA
2025-03-26,"12:20","Ngongotaha",1,NA,0.1,0,0,160,587.05,0.27,20.4,111.2,0.71,0.41,"?rongomauri ",NA,"moderate wave action, clear ",NA
2025-03-26,"12:20","Ngongotaha",2,NA,0.1,0,0,179.97,900.19,0.19,20.4,111.2,0.71,0.41,"?rongomauri ",NA,"moderate wave action, clear ",NA
2025-03-26,"12:20","Ngongotaha",3,NA,0.1,0,0,262.38,147.1,0.17,20.4,111.2,0.71,0.41,"?rongomauri ",NA,"moderate wave action, clear ",NA
2025-03-26,"11:53","Te Koutu",1,NA,0.1,0,0,92.71,724.81,0.12,20.7,107.7,0.76,0.29,"?rongomauri ",NA,"flat, clear ",NA
2025-03-26,"11:53","Te Koutu",2,NA,0.1,0,0,153.16,785.04,0.19,20.7,107.7,0.76,0.29,"?rongomauri ",NA,"flat, clear ",NA
2025-03-26,"11:53","Te Koutu",3,NA,0.1,0,0,187.5,709.12,0.26,20.7,107.7,0.76,0.29,"?rongomauri ",NA,"flat, clear ",NA
2025-03-26,"11:22","Lake Front",1,NA,0.1,0,0,329.67,1158.3,0.28,21.1,85.6,1.21,0.52,"?rongomauri ",NA,"flat, ripples ",NA
2025-03-26,"11:22","Lake Front",2,NA,0.1,0,0,437.51,1340.6,0.32,21.1,85.6,1.21,0.52,"?rongomauri ",NA,"flat, ripples ",NA
2025-03-26,"11:22","Lake Front",3,NA,0.1,0,0,423.07,1436.6,0.29,21.1,85.6,1.21,0.52,"?rongomauri ",NA,"flat, ripples ",NA
2025-03-28,"14:29","Hannah's Bay",1,"A",0.1,0,0,4778.69,2544.3,0.18,22.4,107.4,2.48,1.55,"Mutuwhenua ","Overcast, partial skies","Hazy, light wave action ",NA
2025-03-28,"14:29","Hannah's Bay",2,"A",0.1,0,0,510.33,1781.1,0.28,22.4,107.4,2.48,1.55,"Mutuwhenua ","Overcast, partial skies","Hazy, light wave action ",NA
2025-03-28,"14:29","Hannah's Bay",3,"A",44.43,1.39,31.96,478,2613.2,0.18,22.4,107.4,2.48,1.55,"Mutuwhenua ","Overcast, partial skies","Hazy, light wave action ",NA
2025-03-28,"14:05","Te P?hue",1,NA,0.1,0,0,274.06,1231.6,0.22,22.9,109.6,1.04,0.52,"Mutuwhenua ",NA,"clear, light wave action.",NA
2025-03-28,"14:05","Te P?hue",2,NA,0.1,2.08,0.04,258.93,973.41,0.26,22.9,109.6,1.04,0.52,"Mutuwhenua ",NA,"clear, light wave action.",NA
2025-03-28,"14:05","Te P?hue",3,NA,0.1,0,0,312.47,1109.4,0.28,22.9,109.6,1.04,0.52,"Mutuwhenua ",NA,"clear, light wave action.",NA
2025-03-28,"13:47","Ohau Channel",1,NA,17.82,0,0,172.37,800.73,0.21,21.8,118,0.95,0.29,"Mutuwhenua ",NA,"clear, moderate wave action ",NA
2025-03-28,"13:47","Ohau Channel",2,NA,0.1,0,0,155.23,603.58,0.25,21.8,118,0.95,0.29,"Mutuwhenua ",NA,"clear, moderate wave action ",NA
2025-03-28,"13:47","Ohau Channel",3,NA,0.1,0,0,125.66,632.35,0.19,21.8,118,0.95,0.29,"Mutuwhenua ",NA,"clear, moderate wave action ",NA
2025-03-28,"13:16","Hamurana (bridge)",1,NA,0.1,1.32,0.04,1689.5,7654.8,0.22,21.4,115.1,2.07,1.21,"Mutuwhenua ",NA,"murky, light wave action ",NA
2025-03-28,"13:16","Hamurana (bridge)",2,NA,0.1,1.59,0.06,2034.3,7365.2,0.27,21.4,115.1,2.07,1.21,"Mutuwhenua ",NA,"murky, light wave action ",NA
2025-03-28,"13:16","Hamurana (bridge)",3,NA,0.1,2.27,0.04,2438.2,7023.3,0.34,21.4,115.1,2.07,1.21,"Mutuwhenua ",NA,"murky, light wave action ",NA
2025-03-28,"13:03","Hamurana (West)",1,NA,13.91,0,0,317.31,935.03,0.33,20.9,102.3,3.34,1.13,"Mutuwhenua ",NA,"Hazy, light wave action ",NA
2025-03-28,"13:03","Hamurana (West)",2,NA,15.47,2.42,6.39,337.2,1084.1,0.31,20.9,102.3,3.34,1.13,"Mutuwhenua ",NA,"Hazy, light wave action ",NA
2025-03-28,"13:03","Hamurana (West)",3,NA,0.1,3.6,0.02,465.01,1019.6,0.45,20.9,102.3,3.34,1.13,"Mutuwhenua ",NA,"Hazy, light wave action ",NA
2025-03-28,"12:43","Awahou (Tarimano)",1,NA,0.1,0,0,723.47,2091.6,0.34,20.6,112.5,2.81,1.33,"Mutuwhenua ",NA,"hazy, moderate wave action ",NA
2025-03-28,"12:43","Awahou (Tarimano)",2,NA,0.1,6.5,0.01,723.87,2341.1,0.3,20.6,112.5,2.81,1.33,"Mutuwhenua ",NA,"hazy, moderate wave action ",NA
2025-03-28,"12:43","Awahou (Tarimano)",3,NA,13.91,4.68,2.97,635.3,3188,0.19,20.6,112.5,2.81,1.33,"Mutuwhenua ",NA,"hazy, moderate wave action ",NA
2025-03-28,"12:24","Ngongotaha",1,NA,0.1,0,0,558.41,1239.4,0.45,20,108.2,0.88,0.93,"Mutuwhenua ",NA,"flat, clear ",NA
2025-03-28,"12:24","Ngongotaha",2,NA,0.1,0,0,307.22,1235,0.29,20,108.2,0.88,0.93,"Mutuwhenua ",NA,"flat, clear ",NA
2025-03-28,"12:24","Ngongotaha",3,NA,0.1,0,0,508.95,1791.6,0.28,20,108.2,0.88,0.93,"Mutuwhenua ",NA,"flat, clear ",NA
2025-03-28,"11:47","Te Koutu",1,NA,0.1,0,0,225.28,668.12,0.3,21,108.7,0.56,0.4,"Mutuwhenua ",NA,"clear, ripples ",NA
2025-03-28,"11:47","Te Koutu",2,NA,0.1,0,0,182.04,664.66,0.27,21,108.7,0.56,0.4,"Mutuwhenua ",NA,"clear, ripples ",NA
2025-03-28,"11:47","Te Koutu",3,NA,0.1,0,0,194.4,771.97,0.25,21,108.7,0.56,0.4,"Mutuwhenua ",NA,"clear, ripples ",NA
2025-03-28,"11:28","Lake Front",1,NA,0.1,0,0,121.59,605.36,0.2,21,97.8,1.24,0.37,"Mutuwhenua ",NA,"clear, ripples ",NA
2025-03-28,"11:28","Lake Front",2,NA,0.1,0,0,207.39,837.34,0.24,21,97.8,1.24,0.37,"Mutuwhenua ",NA,"clear, ripples ",NA
2025-03-28,"11:28","Lake Front",3,NA,0.1,0,0,134.63,644.58,0.2,21,97.8,1.24,0.37,"Mutuwhenua ",NA,"clear, ripples ",NA
2025-03-31,"11:18","Hannah's Bay",1,"A",0.1,0,0,420.31,1615.3,0.26,20.9,107.1,1.07,1.49,"?tirea ","Overcast, partial skies. ","clear, flat ",NA
2025-03-31,"11:18","Hannah's Bay",2,"A",0.1,0,0,353.71,2703.1,0.13,20.9,107.1,1.07,1.49,"?tirea ","Overcast, partial skies. ","clear, flat ",NA
2025-03-31,"11:18","Hannah's Bay",3,"A",0.1,0,0,286.42,1658.9,0.17,20.9,107.1,1.07,1.49,"?tirea ","Overcast, partial skies. ","clear, flat ",NA
2025-03-31,"11:43","Te P?hue",1,NA,0.1,0,0,447.12,985.65,0.45,20.2,101.2,1.21,0.53,"?tirea ",NA,"clear, flat ",NA
2025-03-31,"11:43","Te P?hue",2,NA,0.1,0,0,399.72,1019.6,0.39,20.2,101.2,1.21,0.53,"?tirea ",NA,"clear, flat ",NA
2025-03-31,"11:43","Te P?hue",3,NA,0.1,0,0,332.44,914.95,0.36,20.2,101.2,1.21,0.53,"?tirea ",NA,"clear, flat ",NA
2025-03-31,NA,"Ohau Channel",1,NA,0.1,0.5,0.2,19986,628.05,0.31,NA,NA,NA,NA,"?tirea ",NA,"clear, flat ",NA
2025-03-31,NA,"Ohau Channel",2,NA,0.1,0,0,242.42,1093.7,0.22,NA,NA,NA,NA,"?tirea ",NA,"clear, flat ",NA
2025-03-31,NA,"Ohau Channel",3,NA,0.1,0,0,320.07,712.51,0.44,NA,NA,NA,NA,"?tirea ",NA,"clear, flat ",NA
2025-03-31,"12:15","Hamurana (East)",1,NA,0.1,1.63,0.06,517.86,1132.1,0.45,20.1,125.3,1.16,0.69,"?tirea ",NA,"clear, flat ",NA
2025-03-31,"12:15","Hamurana (East)",2,NA,0.1,1.76,0.05,585.84,912.33,0.64,20.1,125.3,1.16,0.69,"?tirea ",NA,"clear, flat ",NA
2025-03-31,"12:15","Hamurana (East)",3,NA,0.1,0,0,481.95,1338,0.35,20.1,125.3,1.16,0.69,"?tirea ",NA,"clear, flat ",NA
2025-03-31,"12:31","Hamurana (bridge)",1,NA,32.69,0,0,515.09,2334.1,0.22,18.3,105.9,0.59,0.39,"?tirea ",NA,"clear, flat ",NA
2025-03-31,"12:31","Hamurana (bridge)",2,NA,0.1,0,0,35648,1272.6,0.28,18.3,105.9,0.59,0.39,"?tirea ",NA,"clear, flat ",NA
2025-03-31,"12:31","Hamurana (bridge)",3,NA,0.1,2.81,0,349.57,1153.1,0.3,18.3,105.9,0.59,0.39,"?tirea ",NA,"clear, flat ",NA
2025-03-31,"12:43","Hamurana (West)",1,NA,0.1,0,0,262.38,607.13,0.43,19.9,97,0.59,0.39,"?tirea ",NA,"clear, flat",NA
2025-03-31,"12:43","Hamurana (West)",2,NA,0.1,0,0,157.31,539.89,0.29,19.9,97,0.59,0.39,"?tirea ",NA,"clear, flat",NA
2025-03-31,"12:43","Hamurana (West)",3,NA,84.34,0.75,112.45,141.49,545.12,0.25,19.9,97,0.59,0.39,"?tirea ",NA,"clear, flat",NA
2025-03-31,"13:12","Awahou (Tarimano)",1,NA,0.1,4.98,0.02,175.02,209.38,0.83,13.9,95.6,2.27,0.13,"?tirea ",NA,"clear flat",NA
2025-03-31,"13:12","Awahou (Tarimano)",2,NA,0.1,0,0,78.27,184.91,0.43,13.9,95.6,2.27,0.13,"?tirea ",NA,"clear flat",NA
2025-03-31,"13:12","Awahou (Tarimano)",3,NA,2.5,2.18,1.14,82.42,218.91,0.37,13.9,95.6,2.27,0.13,"?tirea ",NA,"clear flat",NA
2025-03-31,"13:28","Ngongotaha",1,NA,13.91,2.62,5.3,410.71,1723.5,0.23,20.6,110.1,0.67,1.04,"?tirea ",NA,"clear, light wave action ",NA
2025-03-31,"13:28","Ngongotaha",2,NA,0.1,5.91,0.01,470.47,2341.9,0.2,20.6,110.1,0.67,1.04,"?tirea ",NA,"clear, light wave action ",NA
2025-03-31,"13:28","Ngongotaha",3,NA,0.1,1.73,0.05,546.04,1732.3,0.31,20.6,110.1,0.67,1.04,"?tirea ",NA,"clear, light wave action ",NA
2025-03-31,"13:49","Te Koutu",1,NA,0.1,1.54,0.06,265,839.96,0.31,22.2,127.1,0.71,0.3,"?tirea ",NA,"clear, light wave action",NA
2025-03-31,"13:49","Te Koutu",2,NA,0.1,0,0,228.74,730.97,0.31,22.2,127.1,0.71,0.3,"?tirea ",NA,"clear, light wave action",NA
2025-03-31,"13:49","Te Koutu",3,NA,0.1,0,0,252.78,892.35,0.28,22.2,127.1,0.71,0.3,"?tirea ",NA,"clear, light wave action",NA
2025-03-31,"14:06","Lake Front",1,NA,0.1,3.16,0.03,1232.1,5041.6,0.24,25.3,154.4,0.87,0.55,"?tirea ",NA,"clear, light wave action",NA
2025-03-31,"14:06","Lake Front",2,NA,0.1,6.26,0.01,967.05,4473.7,0.21,25.3,154.4,0.87,0.55,"?tirea ",NA,"clear, light wave action",NA
2025-03-31,"14:06","Lake Front",3,NA,0.1,6.06,0.01,934.78,4351.6,0.21,25.3,154.4,0.87,0.55,"?tirea ",NA,"clear, light wave action",NA
2025-04-02,NA,"Hannah's Bay",1,"A",17.04,0.05,340.8,313.16,1802,0.17,NA,NA,NA,NA,"?uenuku ","Overcast, drizzles ","flat, murky ",NA
2025-04-02,NA,"Hannah's Bay",2,"A",28,7.63,3.66,410.71,2365.5,0.17,NA,NA,NA,NA,"?uenuku ","Overcast, drizzles ","flat, murky ",NA
2025-04-02,NA,"Hannah's Bay",3,"A",5.56,0.15,437.06,431.3,2405.6,0.17,NA,NA,NA,NA,"?uenuku ","Overcast, drizzles ","flat, murky ",NA
2025-04-02,NA,"Te P?hue",1,NA,0.1,0,0,274.75,609.75,0.45,NA,NA,NA,NA,"?uenuku ",NA,"flat, clear",NA
2025-04-02,NA,"Te P?hue",2,NA,17.04,0,0,230.74,787.66,0.29,NA,NA,NA,NA,"?uenuku ",NA,"flat, clear",NA
2025-04-02,NA,"Te P?hue",3,NA,0.1,0,0,309.78,784.2,0.39,NA,NA,NA,NA,"?uenuku ",NA,"flat, clear",NA
2025-04-02,NA,"Ohau Channel",1,NA,0.1,0,0,395.58,1289.1,0.3,NA,NA,NA,NA,"?uenuku ",NA,"flat, clear ",NA
2025-04-02,NA,"Ohau Channel",2,NA,0.1,2.95,0.03,471.16,1502,0.31,NA,NA,NA,NA,"?uenuku ",NA,"flat, clear ",NA
2025-04-02,NA,"Ohau Channel",3,NA,0.1,0.55,0.18,295.34,1455.7,0.2,NA,NA,NA,NA,"?uenuku ",NA,"flat, clear ",NA
2025-04-02,NA,"Hamurana (East)",1,NA,0.1,0,0,442.97,1280.4,0.34,NA,NA,NA,NA,"?uenuku ",NA,"ripples, clear ",NA
2025-04-02,NA,"Hamurana (East)",2,NA,55.39,2.52,21.98,383.21,1533.3,0.24,NA,NA,NA,NA,"?uenuku ",NA,"ripples, clear ",NA
2025-04-02,NA,"Hamurana (East)",3,NA,15.47,0,0,320.76,816.42,0.39,NA,NA,NA,NA,"?uenuku ",NA,"ripples, clear ",NA
2025-04-02,NA,"Hamurana (bridge)",1,NA,3.25,0.7,4.64,412.09,1887.5,0.21,NA,NA,NA,NA,"?uenuku ",NA,"flat, clear ",NA
2025-04-02,NA,"Hamurana (bridge)",2,NA,6.25,1.54,4.05,519.93,1628.4,0.31,NA,NA,NA,NA,"?uenuku ",NA,"flat, clear ",NA
2025-04-02,NA,"Hamurana (bridge)",3,NA,13.91,2.86,4.86,571.4,2131.7,0.26,NA,NA,NA,NA,"?uenuku ",NA,"flat, clear ",NA
2025-04-02,NA,"Hamurana (West)",1,NA,13.13,1.09,12.04,344.8,837.34,0.41,NA,NA,NA,NA,"?uenuku ",NA,"clear, moderate wave action ",NA
2025-04-02,NA,"Hamurana (West)",2,NA,0.1,4.49,0.02,286.42,848.74,0.33,NA,NA,NA,NA,"?uenuku ",NA,"clear, moderate wave action ",NA
2025-04-02,NA,"Hamurana (West)",3,NA,61.65,0,0,226.67,723.97,0.31,NA,NA,NA,NA,"?uenuku ",NA,"clear, moderate wave action ",NA
2025-04-02,NA,"Awahou (Tarimano)",1,NA,0.1,0,0,184.04,302.68,0.6,NA,NA,NA,NA,"?uenuku ",NA,"clear, moderate wave action ",NA
2025-04-02,NA,"Awahou (Tarimano)",2,NA,0.1,0,0,179.97,344.52,0.53,NA,NA,NA,NA,"?uenuku ",NA,"clear, moderate wave action ",NA
2025-04-02,NA,"Awahou (Tarimano)",3,NA,0.1,0,0,202.63,310.52,0.65,NA,NA,NA,NA,"?uenuku ",NA,"clear, moderate wave action ",NA
2025-04-02,NA,"Ngongotaha",1,NA,4,0.7,5.71,744.53,1983.5,0.37,NA,NA,NA,NA,"?uenuku ",NA,"clear, moderate wave action ",NA
2025-04-02,NA,"Ngongotaha",2,NA,0.1,2.86,0.03,826.94,2197.2,0.37,NA,NA,NA,NA,"?uenuku ",NA,"clear, moderate wave action ",NA
2025-04-02,NA,"Ngongotaha",3,NA,0.1,2.67,0.03,798.76,1965.2,0.37,NA,NA,NA,NA,"?uenuku ",NA,"clear, moderate wave action ",NA
2025-04-02,NA,"Te Koutu",1,NA,0.1,2.72,0.03,1707.4,2409.2,0.7,NA,NA,NA,NA,"?uenuku ",NA,"murky, moderate wave action",NA
2025-04-02,NA,"Te Koutu",2,NA,48.34,3.26,14.82,2212.2,7080,0.31,NA,NA,NA,NA,"?uenuku ",NA,"murky, moderate wave action",NA
2025-04-02,NA,"Te Koutu",3,NA,0.1,3.21,0.03,520.62,1727.9,0.3,NA,NA,NA,NA,"?uenuku ",NA,"murky, moderate wave action",NA
2025-04-02,NA,"Lake Front",1,NA,0.1,6.11,0.01,1322.8,9064.4,0.14,NA,NA,NA,NA,"?uenuku ",NA," clear, moderate wave action ",NA
2025-04-02,NA,"Lake Front",2,NA,6.25,45.35,0.13,1531.6,7950.5,0.19,NA,NA,NA,NA,"?uenuku ",NA," clear, moderate wave action ",NA
2025-04-02,NA,"Lake Front",3,NA,0.1,7.34,0.01,1390.8,7728,0.18,NA,NA,NA,NA,"?uenuku ",NA," clear, moderate wave action ",NA
